request_id,resource_type_needed,quantity_requested,urgency_level,lat,lon
req-0,shelter_capacity,47,critical,13.065041301850748,80.15972797103993
req-1,medical_supply,13,high,12.987245682122838,80.17461276817959
req-2,shelter_capacity,17,medium,12.934868712144747,80.21064421711387
req-3,medical_supply,48,low,12.918258819775348,80.29572799911408
req-4,shelter_capacity,38,medium,12.929629233786038,80.24379342806019
req-5,boat,22,medium,12.991767707973,80.10537400687856
req-6,volunteer,45,medium,12.90069092215102,80.28804770061956
req-7,boat,50,medium,12.957314995079487,80.23050806137105
req-8,generator,44,medium,13.047316442988816,80.14652422064569
req-9,volunteer,39,medium,13.064966789379556,80.26142490661182
req-10,boat,8,low,12.94327608605801,80.26037984752067
req-11,volunteer,43,high,13.017721723666304,80.20364787715081
req-12,boat,3,low,12.960265336905856,80.27291020427973
req-13,generator,10,low,12.969945465831664,80.16839337521341
req-14,shelter_capacity,21,critical,12.912177989947315,80.1890227527597
req-15,shelter_capacity,12,medium,13.054481178093456,80.17355046006345
req-16,vehicle,33,medium,12.996155250999106,80.11230500938568
req-17,vehicle,32,medium,13.022017814168427,80.18416569221408
req-18,volunteer,13,medium,13.03256929620886,80.12387632661546
req-19,boat,6,medium,13.078500989030722,80.16711113785303
req-20,boat,11,high,12.93002890726495,80.11811914968433
req-21,vehicle,1,high,13.03153686299334,80.27718781707415
req-22,volunteer,7,high,13.050004669138994,80.11322329609163
req-23,shelter_capacity,27,high,13.083786929962745,80.13686421666634
req-24,medical_supply,22,high,12.93557046231327,80.21432871025792
req-25,volunteer,16,low,13.002641115623538,80.18350649226451
req-26,generator,5,medium,13.048712972097196,80.22562876585322
req-27,volunteer,13,medium,13.006192454537691,80.14664805580719
req-28,volunteer,19,high,13.002065729638014,80.25427664916366
req-29,generator,17,medium,12.908808003908337,80.25984592663748
req-30,volunteer,37,high,13.051765462857416,80.13123467321876
req-31,vehicle,41,critical,13.049247630602252,80.23718028272492
req-32,shelter_capacity,20,medium,12.952868143188727,80.24744421317057
req-33,shelter_capacity,4,high,12.9058705348069,80.16901429315816
req-34,generator,44,low,13.060916428169431,80.1166286752084
req-35,generator,39,low,13.072589520211435,80.19810559478675
req-36,medical_supply,23,high,12.960029726811339,80.16306107468351
req-37,shelter_capacity,5,medium,12.97368110833192,80.27299556738205
req-38,shelter_capacity,13,high,12.92856892171138,80.16130245213546
req-39,medical_supply,28,high,12.929980427196124,80.29034134673178
req-40,generator,22,medium,13.073296709419507,80.14827156528773
req-41,shelter_capacity,10,medium,12.951830884173287,80.20647140198781
req-42,boat,48,high,13.071255904244559,80.11835484816729
req-43,volunteer,14,medium,13.03145920628507,80.18202725198972
req-44,volunteer,1,medium,12.930320372564257,80.20632388640249
req-45,volunteer,49,medium,12.932742238726428,80.18291726922932
req-46,generator,24,medium,13.073605901581695,80.17070551019036
req-47,volunteer,43,medium,12.963847502276659,80.18752865798136
req-48,medical_supply,21,medium,12.959693752416165,80.17594355280008
req-49,volunteer,4,medium,12.997234710979706,80.12373943790259
req-50,volunteer,12,critical,12.910242966277675,80.26700016143396
req-51,volunteer,7,medium,12.99381940820648,80.18467119666943
req-52,boat,22,medium,12.932426068757774,80.21762754402053
req-53,boat,44,low,13.084770737857252,80.28001670868467
req-54,volunteer,37,low,13.027971995195566,80.13187816094273
req-55,vehicle,30,low,12.90289030321033,80.138983821978
req-56,generator,36,low,12.918892714776476,80.21336965298015
req-57,boat,18,high,12.974024429521249,80.23780657268574
req-58,vehicle,26,medium,13.030135329739156,80.27300125485226
req-59,volunteer,7,medium,13.002575427165016,80.20804026262502
req-60,vehicle,24,high,12.998643174297973,80.11648364576922
req-61,shelter_capacity,8,medium,12.988842900549948,80.18492665673226
req-62,generator,11,high,13.023371832027717,80.28413277921803
req-63,medical_supply,37,low,13.055469903048845,80.13520075176524
req-64,generator,34,medium,12.955256457662218,80.26126822671263
req-65,shelter_capacity,22,medium,12.940323815927464,80.22512084141704
req-66,generator,47,medium,12.943073892498287,80.21224751172367
req-67,medical_supply,15,critical,13.058772826498789,80.1502543165062
req-68,volunteer,1,critical,13.01269249853795,80.25784991670962
req-69,boat,22,high,13.067520367517288,80.22459723101036
req-70,volunteer,19,critical,12.985746883441987,80.28430904251665
req-71,volunteer,26,medium,13.028083611619211,80.23210120768897
req-72,shelter_capacity,37,medium,12.955996049198617,80.15649393876967
req-73,generator,43,medium,13.06992815539531,80.19650945502048
req-74,vehicle,11,low,12.909501057421437,80.11966560145127
req-75,generator,18,medium,13.077583994586353,80.24639052211101
req-76,shelter_capacity,6,low,13.037677111688835,80.1242342721514
req-77,shelter_capacity,15,low,12.90145904384718,80.19176965379049
req-78,vehicle,1,medium,13.068312881408527,80.15397236781317
req-79,boat,25,high,12.964500893097018,80.22016561227468
req-80,shelter_capacity,3,medium,13.038140600324484,80.27259681889088
req-81,generator,23,medium,12.9995640115993,80.22141004766138
req-82,medical_supply,45,low,13.065222678929734,80.15973484485812
req-83,volunteer,9,medium,13.038385291414182,80.19325449430211
req-84,medical_supply,15,medium,12.994359390773516,80.22334147916469
req-85,medical_supply,32,high,13.094048359386878,80.14571907502577
req-86,shelter_capacity,21,low,12.929988195278813,80.20676623738748
req-87,vehicle,44,low,12.924588961572763,80.17739757318074
req-88,medical_supply,5,high,12.943014466764252,80.11912943473021
req-89,medical_supply,38,high,13.007653186642523,80.15537795565932
req-90,volunteer,37,medium,12.962998429524454,80.10428479400429
req-91,generator,38,medium,13.028343251817711,80.1471361089574
req-92,generator,11,medium,13.034443804712344,80.20007687528233
req-93,boat,34,high,12.953620027320074,80.27055907883526
req-94,medical_supply,4,critical,13.04025525735719,80.12826919971833
req-95,vehicle,15,medium,12.908926273597276,80.2647543328097
req-96,generator,3,high,12.984874876707131,80.18416923735239
req-97,boat,10,medium,13.003336294210385,80.19838685217488
req-98,generator,23,medium,13.04830654137724,80.10448557298163
req-99,medical_supply,9,low,12.968413487017157,80.14237224205515
req-100,boat,35,medium,12.914146903651298,80.13250030167593
req-101,shelter_capacity,36,high,13.043133498924975,80.17693001184554
req-102,shelter_capacity,10,low,12.951235375011477,80.2540678466613
req-103,boat,36,medium,12.950571712757503,80.23831848242233
req-104,medical_supply,45,critical,13.012923780632821,80.24229183107778
req-105,volunteer,13,medium,13.080035160364737,80.12179722732354
req-106,volunteer,11,medium,13.000362366713174,80.11500147828797
req-107,volunteer,7,medium,12.982450868415954,80.29104160183417
req-108,vehicle,3,medium,12.924213602251072,80.15162045998217
req-109,boat,34,medium,13.061170871436838,80.2484357955699
req-110,vehicle,7,medium,12.9556928519069,80.26077583003004
req-111,vehicle,21,medium,13.011643157841375,80.25813063344366
req-112,volunteer,17,high,12.978101747199503,80.1010478977735
req-113,vehicle,46,medium,12.990181130794387,80.19707741736006
req-114,generator,31,medium,13.017563515970165,80.17005395915307
req-115,volunteer,13,low,13.082598127053656,80.11540470108878
req-116,volunteer,36,high,12.926403756700998,80.22838586122492
req-117,generator,9,critical,13.089395804341446,80.28200412401362
req-118,medical_supply,8,low,12.959716828103089,80.26830401243936
req-119,generator,31,medium,12.944951086250628,80.22717250003389
req-120,generator,1,medium,12.919957855804459,80.18872397836385
req-121,generator,5,medium,12.931198356227853,80.16559434380324
req-122,shelter_capacity,48,medium,13.026722797497474,80.20470755156173
req-123,boat,27,low,12.986514058240177,80.2674749662834
req-124,vehicle,15,medium,12.902769681009227,80.1687710048534
req-125,vehicle,31,low,13.079091896665032,80.12395852149787
req-126,medical_supply,5,medium,12.905263380861332,80.29770683408158
req-127,vehicle,21,low,12.99889247514124,80.13645357078303
req-128,vehicle,18,medium,12.9294592322732,80.13416605499603
req-129,boat,7,high,12.981560489024424,80.10256453184473
req-130,volunteer,29,medium,12.966239867454059,80.17796735975173
req-131,medical_supply,27,critical,13.031216458547943,80.24328761686853
req-132,generator,24,medium,12.961509546293186,80.10976858207815
req-133,vehicle,35,low,12.92078932197631,80.25221239256553
req-134,shelter_capacity,28,low,13.080309487941651,80.11710010344596
req-135,boat,29,low,13.013370390889586,80.10548683253147
req-136,medical_supply,27,medium,12.968698569257967,80.21228463731232
req-137,shelter_capacity,17,medium,12.984796762585264,80.13589525339445
req-138,boat,32,medium,13.052505754786978,80.20714841200262
req-139,medical_supply,18,medium,13.061069418166806,80.1965231721796
req-140,volunteer,20,medium,13.006318486262984,80.2384756180376
req-141,medical_supply,5,high,13.071652119507874,80.19190872429294
req-142,shelter_capacity,47,medium,12.940803325812633,80.14464918328245
req-143,boat,23,medium,12.987148064104558,80.1813728152958
req-144,volunteer,7,medium,13.04219539218052,80.24605198753271
req-145,shelter_capacity,49,critical,13.060236158469744,80.14856068293167
req-146,generator,10,medium,13.070449822586184,80.1000391784239
req-147,generator,19,medium,13.098653610797568,80.22933462736044
req-148,boat,45,low,12.963519319643526,80.16826275500995
req-149,boat,13,low,13.07694724028216,80.10047299300606
req-150,boat,38,low,13.058655842916787,80.1886747937446
req-151,boat,49,critical,13.087757019263021,80.26756146991764
req-152,shelter_capacity,9,high,13.003320365645978,80.2897459899673
req-153,volunteer,15,medium,12.919701767204039,80.12683060447986
req-154,generator,50,medium,12.965684887163953,80.18692139175327
req-155,medical_supply,50,medium,12.969811442808512,80.17712379706796
req-156,shelter_capacity,13,medium,12.923377557336764,80.22835517104856
req-157,volunteer,24,high,13.09488881397891,80.29740122652669
req-158,medical_supply,10,medium,13.05612897011995,80.20123783030516
req-159,volunteer,49,medium,12.90588081518616,80.15562654657235
req-160,medical_supply,1,low,13.073223358019458,80.25993658677629
req-161,vehicle,36,critical,12.973144745243642,80.24181253130473
req-162,boat,2,critical,13.018795301276626,80.25366772594866
req-163,medical_supply,47,high,12.992574827420773,80.10733993005739
req-164,volunteer,5,medium,12.918440563654663,80.16415843996215
req-165,volunteer,28,low,12.96491110848982,80.26635091903185
req-166,volunteer,7,medium,12.940188098878318,80.23902026459855
req-167,boat,9,medium,13.077302405222547,80.2735837042258
req-168,vehicle,13,medium,13.071820349199683,80.16596051926084
req-169,shelter_capacity,24,low,13.094642561870556,80.17169184672693
req-170,boat,29,low,13.04255749268445,80.28509979907956
req-171,vehicle,32,medium,13.063976780029968,80.28457151241551
req-172,shelter_capacity,6,low,12.982742176735155,80.29220163104493
req-173,volunteer,38,medium,12.901953014144736,80.16788250018207
req-174,medical_supply,32,critical,12.96260723535414,80.15143925321647
req-175,generator,17,medium,13.0505348581307,80.20916917577368
req-176,generator,1,medium,12.974805245003722,80.13187327710511
req-177,vehicle,20,medium,13.001653484815732,80.23934178813064
req-178,shelter_capacity,38,critical,12.971739413411171,80.29995947913916
req-179,vehicle,8,medium,13.050744210810322,80.11511924367414
req-180,generator,46,medium,13.086426560634182,80.2792791406419
req-181,boat,21,critical,12.939597294105075,80.20158221844646
req-182,vehicle,45,low,13.046215747611644,80.23086763416251
req-183,volunteer,8,medium,12.9800220625846,80.23255986328353
req-184,vehicle,25,medium,13.035123058838217,80.11446767155051
req-185,medical_supply,21,medium,12.961411201956412,80.13965172510868
req-186,medical_supply,48,low,12.953442849758437,80.28710689936041
req-187,generator,29,medium,13.044260165860603,80.25096691024955
req-188,generator,33,high,12.914158923217439,80.21303122901983
req-189,generator,26,medium,13.067632681284067,80.22824238594576
req-190,vehicle,28,critical,13.089519683041082,80.18332361589208
req-191,medical_supply,35,medium,12.900715493577518,80.20436634918555
req-192,generator,13,medium,13.031787625091328,80.16313319287792
req-193,medical_supply,22,medium,13.07873785987471,80.10155610812528
req-194,boat,4,medium,12.957680045062787,80.27947427886374
req-195,boat,39,low,13.049903807173319,80.26165073791658
req-196,generator,48,high,12.95401447988203,80.23751673548793
req-197,shelter_capacity,1,medium,13.000397032317272,80.25066060103178
req-198,shelter_capacity,19,critical,13.084441551706677,80.29178514795744
req-199,vehicle,48,low,12.94666281753255,80.13020853400498
req-200,vehicle,49,high,13.028989163316906,80.25205775402877
req-201,vehicle,21,critical,12.904147377275084,80.17653589599925
req-202,generator,30,high,13.009367120967289,80.23015959236093
req-203,boat,28,high,13.083693177730456,80.18481694431648
req-204,shelter_capacity,38,medium,12.948892611869079,80.27238946313602
req-205,volunteer,17,medium,13.019909843681814,80.17863784196636
req-206,volunteer,41,critical,13.067546141642003,80.27016093301035
req-207,medical_supply,18,medium,13.030115455592568,80.20104308696256
req-208,vehicle,45,medium,12.990794792238045,80.28080031761736
req-209,generator,25,high,13.057662742446988,80.10392815695752
req-210,volunteer,34,medium,12.957702127336255,80.16695164436408
req-211,volunteer,11,high,13.070827801301432,80.17294166796577
req-212,generator,24,high,12.98218241421068,80.12852028151227
req-213,medical_supply,4,medium,13.02691392689994,80.171849261001
req-214,vehicle,5,medium,12.905437152828346,80.23478866770529
req-215,shelter_capacity,6,high,12.960674142246047,80.13847783008696
req-216,vehicle,48,medium,12.944157456312402,80.26143402029025
req-217,volunteer,29,low,12.931155769164723,80.11680671414071
req-218,medical_supply,5,low,12.904250605274509,80.13583262832587
req-219,volunteer,9,low,12.910419112411272,80.11785184553317
req-220,vehicle,33,high,13.049788130638655,80.24151846110601
req-221,medical_supply,6,low,12.915778554531933,80.26296162649338
req-222,shelter_capacity,9,medium,13.072448945733985,80.1853404951797
req-223,medical_supply,31,high,13.08973950718116,80.11727339874874
req-224,shelter_capacity,35,medium,12.968500821896281,80.24292549697628
req-225,generator,1,medium,13.02434414815973,80.28949903287226
req-226,generator,12,medium,12.987477932568563,80.18306667083331
req-227,generator,3,medium,13.08902619229634,80.20775675091836
req-228,shelter_capacity,31,high,13.002300004357249,80.15334464010522
req-229,volunteer,25,medium,13.033469042603866,80.1190930051588
req-230,vehicle,27,medium,12.913549843340212,80.29383922418799
req-231,volunteer,8,medium,13.083069556624494,80.13100217727518
req-232,vehicle,26,low,12.91255117246094,80.22975668330443
req-233,medical_supply,10,critical,12.923094056394492,80.16216951200926
req-234,boat,28,medium,13.058862638345706,80.28834255425231
req-235,vehicle,4,low,13.099459925720051,80.16937088305282
req-236,boat,47,high,12.960894941615136,80.19393862060424
req-237,medical_supply,33,medium,13.04141831212058,80.17465038030008
req-238,vehicle,36,medium,12.985782866157614,80.10893561992441
req-239,volunteer,3,high,12.954949941909847,80.18044909051615
req-240,medical_supply,17,low,12.917260768263333,80.17897030108638
req-241,boat,15,high,12.908578222273984,80.28312762667795
req-242,vehicle,48,high,12.988284165610208,80.23429672632533
req-243,volunteer,4,medium,12.93884288231568,80.28051521031814
req-244,volunteer,40,medium,12.956842847828401,80.20156399758544
req-245,vehicle,11,low,12.909541759016975,80.21464194148037
req-246,generator,13,medium,12.90949534238131,80.12294017323495
req-247,vehicle,17,medium,12.964743434882642,80.111636864879
req-248,boat,3,high,13.00271830969044,80.26957622284722
req-249,shelter_capacity,44,medium,13.09021010963997,80.26151474217745
req-250,boat,2,low,13.01300070433682,80.11129323829526
req-251,volunteer,36,medium,12.90338325715224,80.16285155397661
req-252,volunteer,21,low,13.05118171359543,80.13714123038197
req-253,vehicle,42,critical,13.073872595649144,80.15885488302439
req-254,generator,29,medium,12.920270617039426,80.27261193171174
req-255,volunteer,34,medium,12.943986194824433,80.17288993460402
req-256,boat,47,medium,12.927588856340407,80.22682868833637
req-257,shelter_capacity,23,low,12.993735052573602,80.22415149949167
req-258,shelter_capacity,19,medium,12.916400851669337,80.13255379756437
req-259,medical_supply,23,critical,13.050784103506285,80.23545843992098
req-260,medical_supply,36,medium,13.03775542100983,80.19821913744842
req-261,generator,35,medium,13.071559345245024,80.10321040902899
req-262,generator,46,medium,13.028424774135155,80.18228968040597
req-263,medical_supply,3,low,13.070565451127456,80.22984032767546
req-264,boat,48,medium,13.095339484117648,80.1231065239543
req-265,volunteer,37,medium,13.004684437569104,80.16644257891996
req-266,generator,1,medium,12.94229237707957,80.1385188514972
req-267,vehicle,20,low,12.947793797589869,80.18985528648679
req-268,volunteer,27,high,12.931817475513965,80.23883898941693
req-269,generator,49,high,13.019174017639783,80.24751639239413
req-270,boat,43,high,13.05397483232452,80.14462681533495
req-271,volunteer,39,low,12.984254383490944,80.14741875437271
req-272,boat,14,critical,13.064521346070268,80.29485538539215
req-273,medical_supply,23,high,13.015690315092884,80.25941757525432
req-274,vehicle,29,medium,12.997409472412686,80.19883294240744
req-275,generator,47,medium,12.953459291402448,80.15386736575576
req-276,medical_supply,32,high,12.920949097201365,80.16654727334424
req-277,boat,42,low,12.984019686261266,80.10865711165
req-278,generator,49,low,12.974954463332672,80.13407163531502
req-279,medical_supply,32,high,13.083259993292655,80.18603420238853
req-280,volunteer,27,high,13.0045351562666,80.15073831601009
req-281,vehicle,46,critical,12.908656596735888,80.11227430713879
req-282,medical_supply,12,low,13.058228161573249,80.1631316261314
req-283,shelter_capacity,39,high,12.90016339974195,80.29001362639835
req-284,boat,49,high,12.991026137603606,80.20884387151625
req-285,boat,10,high,12.927850046395356,80.10076268017814
req-286,medical_supply,35,low,12.944018767344291,80.18655366641725
req-287,shelter_capacity,12,medium,12.94284605175987,80.10947531380441
req-288,medical_supply,39,low,13.01604574341368,80.19040256051493
req-289,medical_supply,46,high,12.981754968484713,80.16355485692556
req-290,medical_supply,5,high,12.949708456305496,80.11009780766139
req-291,generator,29,medium,12.91180777714683,80.13837881488581
req-292,shelter_capacity,36,medium,13.096611249006518,80.19606443476191
req-293,generator,24,medium,12.913076035516,80.14941166828038
req-294,boat,29,medium,12.929072458089166,80.1559898980863
req-295,volunteer,27,critical,13.01697773004737,80.12307878092439
req-296,medical_supply,7,medium,12.949440589422421,80.20472708134952
req-297,boat,18,critical,12.952928003640249,80.11741883421764
req-298,medical_supply,13,medium,12.96213136990751,80.28592413080854
req-299,medical_supply,17,low,13.048544783118688,80.16403061600793
req-300,vehicle,31,medium,12.902175403050677,80.19311141067881
req-301,generator,35,critical,12.920257747831991,80.18457958002888
req-302,vehicle,15,medium,12.983213650839724,80.1546102696521
req-303,boat,45,medium,13.074070233852487,80.28011120599074
req-304,generator,33,medium,12.914955259893649,80.1706310844785
req-305,boat,47,medium,12.924827780719319,80.11758394132431
req-306,vehicle,44,low,13.005578546090227,80.12688683079612
req-307,generator,19,low,12.913189522244494,80.19987976759333
req-308,vehicle,30,low,13.012664247330205,80.28648551708255
req-309,shelter_capacity,10,high,13.017808157004882,80.1620176258791
req-310,volunteer,8,low,12.972406367777024,80.18610108709824
req-311,vehicle,7,medium,12.923219553470076,80.25301840817527
req-312,generator,46,medium,13.099236976939329,80.24890302385006
req-313,shelter_capacity,16,critical,12.945145506528704,80.27177668596217
req-314,volunteer,13,medium,13.094320550290973,80.27411632107051
req-315,medical_supply,29,critical,13.044297223901763,80.10364934864018
req-316,volunteer,21,medium,13.024773775106393,80.15987912515831
req-317,boat,21,medium,13.067607224413614,80.13025631331614
req-318,generator,37,medium,12.954156722774036,80.24296997858671
req-319,generator,21,high,12.963205052868005,80.20375560886906
req-320,boat,18,high,12.922336258848755,80.17330706831693
req-321,generator,46,medium,12.905868585198922,80.20405350472792
req-322,medical_supply,15,critical,12.904422242511684,80.21640916335043
req-323,vehicle,34,high,13.014206235916497,80.11701068710899
req-324,shelter_capacity,4,low,12.937815456829107,80.19294533527496
req-325,medical_supply,18,critical,12.999172492441085,80.21151978116342
req-326,generator,6,high,12.982230299274924,80.1663065443975
req-327,boat,32,medium,13.067828667103353,80.2148228325094
req-328,volunteer,44,low,13.05832244934476,80.15267205013417
req-329,boat,23,medium,13.034591114991828,80.29581489551033
req-330,generator,16,low,13.008936458697924,80.15509479325573
req-331,medical_supply,19,medium,12.962971266901063,80.25960080442938
req-332,volunteer,32,high,13.056268137529202,80.17706594871974
req-333,medical_supply,39,critical,12.904631387601244,80.26083740226854
req-334,shelter_capacity,21,medium,13.068758903438667,80.15154106306862
req-335,vehicle,13,high,13.00833838029034,80.19571567788273
req-336,boat,26,medium,13.089658057554761,80.14750453855397
req-337,volunteer,42,medium,12.934086477729137,80.23904449853072
req-338,medical_supply,33,critical,13.06992240136091,80.2524126575924
req-339,generator,29,low,13.039570252085193,80.26704101013189
req-340,vehicle,26,critical,13.08156914814676,80.22936369125956
req-341,shelter_capacity,26,low,13.048086443746094,80.16266885961493
req-342,generator,14,medium,12.984897486401797,80.27348577732975
req-343,boat,13,low,12.941004867023322,80.1511199995495
req-344,volunteer,1,high,12.997333401550435,80.20653516339993
req-345,shelter_capacity,8,low,12.920726202146843,80.11149624705197
req-346,shelter_capacity,7,medium,13.000277396856884,80.11639178784282
req-347,generator,23,medium,12.993676079257794,80.18027463889264
req-348,volunteer,9,medium,13.098490884386935,80.12991961637525
req-349,medical_supply,31,low,13.037240532975565,80.16160601405544
req-350,volunteer,3,critical,12.930055507226706,80.10772256845131
req-351,generator,9,low,13.019889444603539,80.21999092801903
req-352,volunteer,5,low,12.927479005116178,80.1606302761557
req-353,generator,23,medium,13.047251187691074,80.11970366428028
req-354,vehicle,47,critical,13.045634369581943,80.25049393897515
req-355,generator,20,medium,12.984747190748612,80.1059620631465
req-356,generator,2,medium,13.037630701726243,80.25776966610576
req-357,medical_supply,20,high,13.077991455285916,80.13633458797231
req-358,medical_supply,36,medium,13.05629845826097,80.1561915474952
req-359,generator,22,low,12.93951650494949,80.11359885277074
req-360,shelter_capacity,6,low,13.050908548408183,80.20509136517498
req-361,shelter_capacity,4,medium,13.096074669797565,80.16283729868415
req-362,boat,39,low,13.037855117581271,80.16419343158282
req-363,generator,44,high,12.930157028928209,80.27338210336855
req-364,volunteer,7,medium,12.934554151153256,80.13370643997033
req-365,vehicle,28,critical,13.016708582290375,80.2925123032415
req-366,vehicle,6,low,13.00984055986083,80.1371252560327
req-367,shelter_capacity,18,medium,13.06253243098372,80.156912486985
req-368,vehicle,13,critical,13.088058394791483,80.11838292014782
req-369,generator,5,medium,13.06254873914772,80.19968287066983
req-370,boat,22,medium,12.970346357857114,80.20642471083417
req-371,shelter_capacity,30,critical,12.965945930987735,80.10677424162691
req-372,generator,2,low,13.056282803554707,80.15928191426809
req-373,generator,14,low,12.913560584502767,80.1487955893891
req-374,boat,37,medium,13.098508846433427,80.22400812941518
req-375,generator,37,medium,13.048141908748283,80.25206425714416
req-376,volunteer,44,low,12.998477864974392,80.22912380193014
req-377,medical_supply,27,medium,13.015701121320477,80.2979943672391
req-378,volunteer,48,high,13.058613741146212,80.19020369032172
req-379,boat,30,low,12.999051641196681,80.13358176033832
req-380,boat,19,high,13.085389082660885,80.26252332942089
req-381,generator,45,low,13.081926924642271,80.22882320097528
req-382,medical_supply,2,high,13.086169543746191,80.25760605780414
req-383,vehicle,5,low,13.050940313416051,80.24916331422564
req-384,medical_supply,46,low,13.0722722255749,80.29337869095507
req-385,medical_supply,12,critical,12.968756895556165,80.14184826423231
req-386,shelter_capacity,34,low,13.060098250189245,80.176504888361
req-387,generator,8,medium,12.951567161628226,80.26644120507106
req-388,boat,2,high,13.019340241968056,80.20367161589168
req-389,volunteer,3,medium,12.99736758545681,80.27182881131664
req-390,shelter_capacity,6,low,12.941543728658521,80.28733004776453
req-391,vehicle,15,low,13.077643118289757,80.21338406672218
req-392,boat,10,high,12.91617006636833,80.10969524053618
req-393,shelter_capacity,8,critical,13.098761924598808,80.10937300780111
req-394,generator,31,high,13.055325938855985,80.1496699787904
req-395,vehicle,11,medium,13.096518930307587,80.25086118525145
req-396,shelter_capacity,12,medium,13.005596579987712,80.2594241191792
req-397,vehicle,22,medium,12.95897477445913,80.1519142275983
req-398,boat,6,high,13.023879663504605,80.24887348803846
req-399,volunteer,30,medium,13.036663036042656,80.1446243368017
req-400,volunteer,30,medium,12.964870415174621,80.27154687569205
req-401,shelter_capacity,33,medium,13.094471487559803,80.20073385352106
req-402,shelter_capacity,33,medium,12.927921505009833,80.173676946348
req-403,shelter_capacity,41,low,12.910708135081194,80.24168094461182
req-404,generator,37,low,12.926260949011107,80.23930606342957
req-405,boat,37,high,12.977305411216943,80.12590365117747
req-406,shelter_capacity,27,medium,12.985640416076196,80.1283012921651
req-407,shelter_capacity,31,medium,13.011353270012735,80.25967030855519
req-408,volunteer,15,low,13.057207510824483,80.17487983929314
req-409,boat,47,medium,13.040499203089324,80.14252774829743
req-410,generator,3,low,12.968447531329783,80.2122503752438
req-411,shelter_capacity,33,medium,12.931376250313614,80.29187625899667
req-412,boat,44,low,13.059502027180287,80.12785497434486
req-413,generator,33,medium,12.918325151751942,80.16195463433878
req-414,generator,50,medium,12.913323239331357,80.21473966819998
req-415,boat,36,critical,12.903494386093149,80.22371884782123
req-416,generator,16,high,13.043171328943643,80.23093165679785
req-417,generator,40,low,13.016885874235838,80.1945515716209
req-418,volunteer,29,medium,12.920013210890062,80.27187440493906
req-419,vehicle,16,medium,13.000004664620313,80.10159389534597
req-420,vehicle,5,low,13.096388457381515,80.10952866226853
req-421,vehicle,29,critical,13.03420719180077,80.13950382987306
req-422,shelter_capacity,18,medium,13.01048428354753,80.2907262037582
req-423,boat,35,medium,12.94263051758409,80.15624417919418
req-424,boat,1,medium,12.974979327764506,80.19478476413401
req-425,shelter_capacity,38,high,13.014375449351139,80.28586148061761
req-426,vehicle,40,medium,13.037389816258118,80.19024515436195
req-427,medical_supply,6,medium,12.986731870549269,80.10987283806284
req-428,medical_supply,27,low,12.938512228804044,80.12018635792597
req-429,volunteer,43,medium,12.9614411843473,80.21895325225188
req-430,vehicle,46,medium,13.025028535932682,80.11263059134538
req-431,boat,31,medium,12.952464617164432,80.2136820880897
req-432,generator,42,medium,12.95758506799112,80.10837782972588
req-433,generator,22,high,13.003192037287091,80.25045359945173
req-434,generator,33,low,13.099152698527565,80.28940772071708
req-435,volunteer,6,high,13.017162355585306,80.29772942016079
req-436,medical_supply,11,low,13.09449111128399,80.11885431133867
req-437,shelter_capacity,27,medium,12.930752427364979,80.10558477920745
req-438,medical_supply,18,medium,12.924112138700107,80.12624722517664
req-439,boat,26,high,12.96060214294071,80.29437036624815
req-440,generator,2,medium,13.085212158139676,80.205464047858
req-441,boat,20,low,12.974115802989994,80.21085277100337
req-442,vehicle,27,medium,12.938602091540734,80.2905741389936
req-443,medical_supply,41,medium,12.922241569221788,80.11444399681035
req-444,medical_supply,48,medium,13.034667281645438,80.15818002778606
req-445,vehicle,9,medium,13.078008812204512,80.12659672206658
req-446,medical_supply,19,medium,12.983516001397964,80.12339273993241
req-447,medical_supply,41,medium,12.991904369456664,80.21475945969814
req-448,vehicle,30,medium,13.088682470091413,80.12027475046129
req-449,medical_supply,11,critical,13.01186356066123,80.28775059590126
req-450,medical_supply,19,medium,13.076788535131806,80.11379183964448
req-451,shelter_capacity,15,low,12.918399947817385,80.291049522468
req-452,generator,48,medium,12.989862397935795,80.23667975393676
req-453,medical_supply,37,medium,13.073363198489703,80.1325285334185
req-454,boat,7,medium,13.047567370867775,80.20974285980768
req-455,generator,20,high,12.957909864276026,80.19449631169667
req-456,shelter_capacity,1,low,13.054203566399682,80.20734046184607
req-457,shelter_capacity,27,critical,13.051700752427982,80.11960623307826
req-458,vehicle,25,medium,13.074470499399718,80.11947853699314
req-459,medical_supply,48,critical,13.0874756342113,80.2230821830864
req-460,medical_supply,11,low,12.900445938639981,80.14298496116075
req-461,shelter_capacity,44,medium,13.063726024802659,80.11206511871866
req-462,medical_supply,7,critical,13.035927882903653,80.24519502155073
req-463,volunteer,1,medium,13.029390883701158,80.21740749272752
req-464,shelter_capacity,9,medium,13.096104648004214,80.23936220309976
req-465,shelter_capacity,47,medium,12.991965437694043,80.10089632180129
req-466,generator,33,medium,12.978366774770144,80.26039574567251
req-467,shelter_capacity,43,critical,13.068790694468325,80.17612999389677
req-468,medical_supply,42,high,12.960057982308225,80.21419361359185
req-469,boat,30,medium,13.01898081443736,80.10187044305096
req-470,boat,5,high,12.950833220566233,80.2295996730551
req-471,shelter_capacity,40,low,13.03502499199128,80.23912279720615
req-472,shelter_capacity,2,high,12.933516966774867,80.11973743248534
req-473,volunteer,32,high,12.999117929286355,80.27992889944798
req-474,boat,15,critical,12.984872347455132,80.13491994395916
req-475,generator,5,medium,13.027068846845546,80.22888050369065
req-476,medical_supply,19,medium,13.000329001103848,80.1565727026094
req-477,medical_supply,39,high,13.061265481648764,80.15343021171749
req-478,medical_supply,44,high,13.086258282692832,80.22629883828185
req-479,volunteer,13,high,12.934668056155166,80.25752407819068
req-480,volunteer,48,medium,13.068325644104071,80.29959367549948
req-481,generator,32,high,13.078894194412664,80.13205644633292
req-482,volunteer,14,medium,12.974715447709146,80.1208678649209
req-483,volunteer,1,high,13.077158630737529,80.27824263032933
req-484,vehicle,35,low,13.015950893858921,80.23125504613775
req-485,volunteer,37,high,13.087806043847433,80.1013671093589
req-486,vehicle,14,critical,12.990512476023076,80.12714170500664
req-487,shelter_capacity,46,high,12.992430739595065,80.243487140426
req-488,vehicle,18,critical,13.091471391502006,80.19662888539095
req-489,boat,50,high,13.098379186951968,80.24119519812108
req-490,volunteer,46,medium,13.078441901185728,80.2715058251662
req-491,generator,21,medium,12.946590690943873,80.2964359115148
req-492,shelter_capacity,25,low,13.047021118050035,80.10793147713757
req-493,medical_supply,22,low,13.035694084633416,80.12136111524728
req-494,volunteer,20,medium,13.032095204816429,80.21103351538231
req-495,medical_supply,45,medium,12.949256385517913,80.13274248806958
req-496,vehicle,15,low,12.931307420644098,80.24746164241795
req-497,medical_supply,24,low,13.032656036440077,80.10871115326819
req-498,generator,45,medium,13.038271126346757,80.26835579544034
req-499,medical_supply,41,medium,13.089251337000531,80.15498235733268
req-500,boat,40,medium,13.030152859769002,80.11056404692339
req-501,shelter_capacity,38,low,13.052717163791263,80.15217159692864
req-502,generator,21,high,12.993434729548262,80.12156071836077
req-503,volunteer,44,medium,13.049293456053162,80.22843998091342
req-504,generator,46,critical,13.00608214021157,80.17281210108929
req-505,medical_supply,17,low,12.911620549793893,80.20080050471576
req-506,vehicle,10,medium,12.992855711560365,80.13448679982334
req-507,volunteer,23,low,12.958910333681452,80.1813266009648
req-508,vehicle,17,medium,13.02989939920375,80.18348787950401
req-509,boat,33,medium,12.912357776927387,80.11600295482171
req-510,shelter_capacity,5,medium,13.060529901386264,80.1106819646047
req-511,medical_supply,39,critical,12.947697141200223,80.11131457027312
req-512,volunteer,15,medium,12.960549473874787,80.2007092606485
req-513,volunteer,23,low,12.92308715771922,80.20759818170384
req-514,medical_supply,27,low,12.962676081403771,80.21331006457294
req-515,medical_supply,26,low,13.009772066429319,80.29925617383857
req-516,vehicle,17,critical,12.992954668752757,80.29510555276777
req-517,boat,14,medium,13.054609042481305,80.2434568417772
req-518,boat,43,medium,13.063829702326686,80.22681638524062
req-519,boat,9,high,12.906135955472344,80.19595192360674
req-520,vehicle,23,medium,12.997224702432543,80.13647646739449
req-521,volunteer,15,medium,12.900188006052785,80.15260492570808
req-522,shelter_capacity,3,medium,13.094620204447397,80.2955604596657
req-523,volunteer,23,low,13.094690610170087,80.12480233454735
req-524,vehicle,17,medium,13.033569302547747,80.11458520687326
req-525,boat,48,low,12.928928123553904,80.23802991786394
req-526,boat,48,high,13.095992515984355,80.26824759138927
req-527,generator,3,low,12.94364094157771,80.14246602264603
req-528,boat,31,medium,12.981340251719281,80.2728530151155
req-529,shelter_capacity,22,medium,12.91793504526591,80.27643068463617
req-530,boat,18,medium,13.080084698950728,80.27988042840381
req-531,medical_supply,36,critical,13.070417566957033,80.22098128591824
req-532,medical_supply,46,low,13.00011839915737,80.17335249132233
req-533,generator,33,medium,13.028761002700104,80.23277137295803
req-534,medical_supply,21,high,12.992037117282768,80.11058943852396
req-535,generator,46,medium,12.970673293529263,80.15754060378634
req-536,boat,47,high,12.961940395938665,80.20066719226041
req-537,boat,23,medium,12.999599721620237,80.12811628138502
req-538,volunteer,19,medium,13.008342615989829,80.14940169058586
req-539,vehicle,49,high,13.069660778982582,80.15549864619817
req-540,boat,45,medium,12.942134196625013,80.15587187019247
req-541,vehicle,19,medium,12.978844757286199,80.28300168649855
req-542,boat,19,medium,12.975592775615734,80.2179670938047
req-543,shelter_capacity,11,high,13.065307067447145,80.257405432668
req-544,medical_supply,47,medium,13.038527112931277,80.25938834211625
req-545,volunteer,10,high,13.059303332798114,80.2840368999646
req-546,boat,21,low,12.959757201416501,80.28569515305827
req-547,medical_supply,38,high,13.02148869972128,80.17942931813462
req-548,generator,16,critical,13.043708275891305,80.16774624013053
req-549,generator,45,critical,13.095197892455236,80.23202020270237
req-550,boat,48,low,12.99405650838084,80.16702343617655
req-551,boat,49,medium,13.096577679996589,80.1996929572135
req-552,volunteer,38,critical,12.914086833547069,80.22958793500776
req-553,boat,9,critical,13.07695575801444,80.20117126869845
req-554,vehicle,30,low,12.933432497554607,80.10989535479652
req-555,vehicle,41,medium,12.9635659057728,80.26376790804652
req-556,medical_supply,36,medium,13.022870743786184,80.25396326681587
req-557,shelter_capacity,16,low,13.030860774875167,80.10706782153181
req-558,volunteer,45,critical,12.948267715373428,80.2069845398935
req-559,shelter_capacity,31,medium,12.981574400457799,80.26195998870023
req-560,volunteer,9,medium,13.022923937875413,80.20046560443164
req-561,volunteer,1,medium,12.99235763447347,80.29833180044339
req-562,medical_supply,13,medium,13.095660785499755,80.16995154345264
req-563,vehicle,42,high,13.058310242443747,80.13270130932413
req-564,boat,44,medium,12.958702842911013,80.2130977164297
req-565,vehicle,12,medium,12.920867440257926,80.15269545405536
req-566,volunteer,31,high,13.099069508392772,80.17975395451698
req-567,boat,41,medium,12.993055798370332,80.221148364578
req-568,shelter_capacity,43,medium,12.908740886389742,80.2595736490241
req-569,volunteer,45,medium,12.911745198593158,80.19454902919277
req-570,medical_supply,42,medium,13.03897925453879,80.15125592140582
req-571,vehicle,45,medium,12.927283559528886,80.27994911316823
req-572,medical_supply,32,critical,13.014875634316743,80.27059470375254
req-573,vehicle,17,low,12.99713264456498,80.28281163838193
req-574,generator,25,low,12.93839033109442,80.22942739773909
req-575,shelter_capacity,32,low,12.941881219568609,80.27172957784747
req-576,generator,1,high,13.00395661540395,80.24434973854612
req-577,generator,12,low,13.006021063956513,80.13201095968343
req-578,generator,33,high,13.008970932128111,80.29861780218043
req-579,volunteer,45,medium,13.074871314268755,80.22406766690939
req-580,shelter_capacity,45,medium,13.068942267922496,80.17250644282014
req-581,boat,45,medium,13.000274502833529,80.23820227078228
req-582,vehicle,26,critical,13.084967969007959,80.2618094395802
req-583,generator,33,high,12.970565575244548,80.26416858616328
req-584,vehicle,21,medium,12.930948656565725,80.2981679764922
req-585,medical_supply,26,medium,13.028429068088412,80.24364488934148
req-586,boat,22,medium,12.918787239057533,80.17350932555816
req-587,medical_supply,42,high,13.025191051128573,80.2105830854827
req-588,vehicle,16,low,12.94241580899652,80.15550368053347
req-589,vehicle,22,medium,13.037939060413533,80.11086159363285
req-590,vehicle,16,medium,13.053208130549967,80.24904477911348
req-591,generator,6,high,12.941236285461674,80.2827887223417
req-592,vehicle,3,low,12.907882473067266,80.23648365861348
req-593,shelter_capacity,18,medium,13.078017645779171,80.27390782008537
req-594,medical_supply,22,low,13.020992455845906,80.12415269261363
req-595,boat,35,high,12.946594770252537,80.17625238108297
req-596,generator,18,low,13.018385929433114,80.12552399370888
req-597,vehicle,35,low,12.954750330334795,80.21478910322344
req-598,vehicle,5,medium,12.967430627364847,80.20985202928595
req-599,medical_supply,36,critical,12.942902972655494,80.28494385591877
req-600,vehicle,5,critical,13.023442720585368,80.15521460207479
req-601,vehicle,15,medium,13.066451525464378,80.22526081177483
req-602,boat,27,high,12.957031034265125,80.167281204467
req-603,shelter_capacity,29,medium,12.936358483015661,80.16387348535913
req-604,generator,46,medium,13.006382375239312,80.22643451711815
req-605,medical_supply,11,medium,12.983923891480078,80.13044345309245
req-606,volunteer,20,medium,13.039149689841674,80.16077385253745
req-607,medical_supply,42,high,13.059395203346991,80.15942366206323
req-608,volunteer,43,medium,12.922720362857714,80.12210041948124
req-609,shelter_capacity,26,medium,13.084399982818919,80.18149622931807
req-610,shelter_capacity,16,low,12.950407203775141,80.23527026435941
req-611,vehicle,1,high,13.065782329770217,80.17462311814533
req-612,vehicle,29,medium,12.902661123857674,80.24903990257043
req-613,boat,29,high,12.99285515748172,80.22156397324589
req-614,medical_supply,1,low,13.046081514134912,80.29312677323689
req-615,boat,15,medium,12.973340970860274,80.1792965347519
req-616,generator,25,low,12.924912600746609,80.11031544941277
req-617,generator,11,low,12.964686292619803,80.1380786733003
req-618,medical_supply,21,medium,13.022694098325847,80.15321429360738
req-619,vehicle,50,medium,13.085821022649085,80.28788014988113
req-620,vehicle,45,low,13.055934538512162,80.17734995210627
req-621,generator,43,high,13.088975701043148,80.23226970952915
req-622,vehicle,4,critical,12.924185292840418,80.24312191649511
req-623,boat,28,medium,13.049792868954295,80.16939631996787
req-624,generator,20,medium,13.02376169038967,80.18956583669988
req-625,shelter_capacity,1,low,13.001791043675482,80.13043126879232
req-626,shelter_capacity,30,medium,12.957158392721476,80.11995354498579
req-627,generator,45,critical,13.036469974651055,80.29904312863762
req-628,volunteer,1,medium,13.077064009881283,80.27770202220668
req-629,shelter_capacity,48,high,12.968823691877654,80.27658446795206
req-630,shelter_capacity,26,low,12.981440733032613,80.2562213495398
req-631,boat,48,high,12.955080949231519,80.18534818846234
req-632,volunteer,48,medium,12.945020317546456,80.24519598638993
req-633,volunteer,29,medium,12.91496667430478,80.29376681697285
req-634,volunteer,17,medium,12.94195601062612,80.20403977441691
req-635,vehicle,45,high,12.960302491953698,80.19843235898145
req-636,generator,13,medium,13.07369136030941,80.23630256401304
req-637,vehicle,37,critical,12.956850610246779,80.14742372745042
req-638,medical_supply,17,medium,12.964388988000946,80.10338910126113
req-639,generator,27,medium,13.0751437538221,80.11027162569152
req-640,vehicle,24,low,13.079564689754504,80.28826162906272
req-641,shelter_capacity,49,medium,13.075050039385335,80.1335519768337
req-642,vehicle,17,medium,12.900635846827324,80.20573584223554
req-643,boat,23,high,12.976658865546392,80.18123868150518
req-644,vehicle,21,medium,13.06097318658849,80.25560011741938
req-645,shelter_capacity,23,medium,12.964814772493092,80.19251167697152
req-646,medical_supply,37,low,13.053486748572553,80.12492681229281
req-647,boat,13,medium,13.075814329955149,80.20888117056501
req-648,volunteer,29,critical,13.082142499611898,80.15473885428155
req-649,boat,4,low,13.040449966827273,80.28836310092642
req-650,generator,18,critical,13.001631266617878,80.24003659696491
req-651,shelter_capacity,43,critical,13.08470325754221,80.27192144687287
req-652,volunteer,7,medium,13.019459619425819,80.20787926350147
req-653,shelter_capacity,14,medium,12.951219037947627,80.17291518880714
req-654,volunteer,46,medium,13.050827494761329,80.1557507537597
req-655,boat,26,medium,13.024120398707028,80.17288555322243
req-656,medical_supply,12,high,12.91627827968008,80.26296538940605
req-657,volunteer,47,medium,13.030801560335851,80.20815385496795
req-658,vehicle,27,medium,13.04905856853189,80.27689907159417
req-659,boat,17,medium,13.094631835777284,80.18541422127332
req-660,medical_supply,38,medium,13.039206140943362,80.15536946043231
req-661,medical_supply,30,low,12.962242375970861,80.2335324323841
req-662,vehicle,32,critical,12.914651985508062,80.182448818131
req-663,shelter_capacity,3,medium,12.995330423007303,80.2435741774246
req-664,volunteer,37,low,12.976783485168205,80.25512897591616
req-665,boat,50,medium,12.934684761433878,80.16150304926398
req-666,generator,41,low,12.957982966446343,80.26634351440461
req-667,volunteer,40,low,12.909901621159213,80.25842560577925
req-668,medical_supply,22,high,12.998411175770954,80.16123271336248
req-669,boat,10,critical,13.0181529688335,80.26431114780561
req-670,shelter_capacity,32,high,13.003178776650692,80.2827576348038
req-671,volunteer,24,low,13.017575579069312,80.27995132162924
req-672,vehicle,27,medium,13.00570892195908,80.1227280595539
req-673,volunteer,45,low,13.050788774772913,80.29146991078412
req-674,medical_supply,1,low,12.933275469291292,80.10264486748407
req-675,generator,50,high,12.944928276667136,80.25678308030663
req-676,volunteer,39,low,12.972418912222569,80.12996425841641
req-677,medical_supply,13,medium,12.953918090371195,80.29713456414015
req-678,generator,36,medium,12.973227375295345,80.18853324924673
req-679,vehicle,24,medium,13.000396979202476,80.1930200343792
req-680,boat,2,critical,13.06445535798198,80.18826609645949
req-681,boat,5,critical,12.904794094405581,80.18600678454852
req-682,volunteer,10,low,13.051745724788153,80.18067694462052
req-683,volunteer,31,critical,12.932273869639111,80.1878136192241
req-684,volunteer,38,medium,13.083993846775087,80.1719839994781
req-685,shelter_capacity,22,high,12.956058250792966,80.13803172710634
req-686,shelter_capacity,40,medium,13.013646136320865,80.12320001643432
req-687,vehicle,38,high,13.006823937311404,80.10809305383206
req-688,vehicle,41,medium,13.028937413571061,80.10818181558737
req-689,volunteer,34,medium,12.946125649442028,80.29753770894482
req-690,volunteer,45,medium,12.998766995857563,80.27821257603065
req-691,boat,26,medium,13.04026010523398,80.13452045165481
req-692,boat,3,medium,13.007374147944706,80.27456198185222
req-693,vehicle,35,high,12.965742291472324,80.26664787648008
req-694,boat,17,medium,12.964177108859229,80.22023831502835
req-695,vehicle,50,high,12.986926052845151,80.27215549640025
req-696,vehicle,41,low,13.070469153941385,80.20517682063245
req-697,medical_supply,17,medium,13.005559751345888,80.28095008383306
req-698,medical_supply,6,medium,12.951579634413644,80.14757808187785
req-699,generator,26,medium,13.087978722775727,80.26870093736277
req-700,generator,49,medium,13.004531235300313,80.10270949884408
req-701,medical_supply,38,low,12.920251269589892,80.25732580615076
req-702,vehicle,47,high,12.935685190370023,80.23385477991756
req-703,volunteer,42,medium,13.06133540743944,80.20907148092539
req-704,medical_supply,47,medium,13.066503658138611,80.16163918737622
req-705,volunteer,50,low,12.940431352856885,80.16199194322435
req-706,boat,39,low,13.073475356250208,80.16960122132595
req-707,generator,27,low,13.078781061173606,80.22792972545594
req-708,vehicle,11,critical,12.909109853796725,80.25187772835169
req-709,vehicle,12,medium,12.963201012479272,80.20002007098216
req-710,shelter_capacity,27,medium,13.010165003988742,80.18139061838352
req-711,vehicle,7,low,13.022657862754128,80.2846366870091
req-712,boat,38,medium,13.048309057323607,80.23746539511104
req-713,medical_supply,9,medium,12.937373688783326,80.1611609807283
req-714,boat,30,medium,12.994258735597441,80.2628734751159
req-715,volunteer,38,medium,13.079542951302564,80.29251186081905
req-716,medical_supply,36,high,13.022591531776,80.26293687483357
req-717,boat,14,medium,13.066961009224483,80.2128655696565
req-718,volunteer,21,medium,13.072974432551101,80.16147545538541
req-719,generator,18,medium,12.937428824382,80.26652137065958
req-720,volunteer,7,medium,13.049025440232315,80.24342400016064
req-721,volunteer,2,medium,12.904223887168264,80.28986406210237
req-722,boat,20,medium,12.942741376996878,80.21400925487454
req-723,shelter_capacity,17,medium,12.985836539067098,80.22439685845234
req-724,boat,3,medium,12.935873350775404,80.16599137732459
req-725,generator,15,medium,12.915646015213156,80.27570931899794
req-726,vehicle,18,medium,12.908334756755705,80.17672950225908
req-727,volunteer,28,high,13.0509435499889,80.21337254606276
req-728,boat,13,low,13.02909864175103,80.14980474667261
req-729,medical_supply,5,medium,13.02799976439354,80.18645018742743
req-730,vehicle,43,critical,12.945818924829673,80.11919787299345
req-731,vehicle,8,medium,13.041215640261102,80.22583505581478
req-732,medical_supply,2,medium,12.985268911126711,80.12879798380548
req-733,boat,28,high,13.048700768983258,80.27274040147653
req-734,generator,37,medium,12.948166758101888,80.28275277908503
req-735,generator,9,low,12.95569687891875,80.151070934719
req-736,medical_supply,31,high,12.960691926565769,80.28685862904416
req-737,volunteer,19,medium,13.012415313931946,80.12189967460384
req-738,volunteer,49,medium,12.9004888063181,80.13726208815037
req-739,shelter_capacity,32,high,13.042519565837605,80.18536435126413
req-740,generator,15,medium,12.993038540122878,80.17214093912555
req-741,volunteer,24,medium,12.912662105934919,80.23474235530787
req-742,boat,4,medium,12.966947385069355,80.25406913629828
req-743,volunteer,21,high,13.014959978960576,80.17527609881948
req-744,medical_supply,22,medium,13.005439415232887,80.11801755069334
req-745,generator,35,high,12.929439586653016,80.14188964237749
req-746,shelter_capacity,15,high,12.967452979904804,80.16434301805322
req-747,vehicle,36,low,13.027746501814173,80.16148188802096
req-748,vehicle,20,high,13.006472731695869,80.14063078284966
req-749,generator,39,low,13.055853015039883,80.26160702148641
req-750,vehicle,13,critical,12.971307900246583,80.2971073556505
req-751,shelter_capacity,46,high,12.902166990508261,80.28398232934074
req-752,shelter_capacity,48,medium,12.947917745663775,80.10834169284712
req-753,medical_supply,12,medium,12.949829585399069,80.176049269622
req-754,shelter_capacity,8,high,13.077970446258893,80.22826544074556
req-755,volunteer,40,medium,13.068598257105766,80.18481707318409
req-756,shelter_capacity,36,medium,12.918208498980064,80.10091674912242
req-757,generator,33,medium,13.006282675494617,80.23379279823494
req-758,shelter_capacity,50,low,12.978223228851707,80.27642704117339
req-759,volunteer,2,medium,12.955086677138919,80.29446524658177
req-760,generator,5,high,13.064994201753873,80.27315998623726
req-761,generator,13,high,12.965281729768723,80.1959746888276
req-762,vehicle,15,high,12.976553652457438,80.27184699627182
req-763,volunteer,31,medium,12.927420111158211,80.22733648693861
req-764,medical_supply,43,medium,12.900928252545132,80.19539324645886
req-765,boat,27,medium,12.955121242552115,80.23309545480646
req-766,volunteer,20,medium,13.066835631318925,80.1270460567917
req-767,generator,43,medium,13.018526525058759,80.24320137396903
req-768,generator,44,high,13.060734016214429,80.15746425535106
req-769,shelter_capacity,25,medium,13.036982135731547,80.1112886970495
req-770,shelter_capacity,22,high,12.989411580463923,80.17833083790374
req-771,medical_supply,50,critical,12.952998458789391,80.27360467047465
req-772,vehicle,20,high,13.063996385935727,80.21589580837842
req-773,medical_supply,50,medium,13.097091924007364,80.2621824984298
req-774,generator,31,high,12.904048576566746,80.28296002629091
req-775,medical_supply,27,medium,13.003208220818216,80.27404718736862
req-776,vehicle,33,medium,12.908712673465422,80.20477788363154
req-777,shelter_capacity,46,low,12.974703394182232,80.18475281643913
req-778,volunteer,28,critical,12.940890170068855,80.24992113127047
req-779,generator,7,low,12.996258241734902,80.18646601009186
req-780,shelter_capacity,22,critical,13.0710086588938,80.27000877895692
req-781,generator,46,medium,12.949305812196897,80.230214327557
req-782,volunteer,47,medium,13.072363012003315,80.2147371153069
req-783,volunteer,47,high,13.08719423523915,80.1542201056011
req-784,generator,40,low,12.973048890109446,80.27529409872905
req-785,volunteer,4,low,12.909119929526579,80.16195534853807
req-786,vehicle,28,critical,12.967428659910917,80.1034022793477
req-787,medical_supply,38,medium,12.901014189065497,80.12885146168625
req-788,volunteer,32,medium,12.946965987021738,80.29922291891688
req-789,vehicle,41,low,12.932184391170116,80.22163014634036
req-790,generator,21,medium,13.080890175442816,80.2959852470865
req-791,generator,48,low,12.905480127636215,80.24694291763288
req-792,medical_supply,4,low,12.974356718021225,80.16653320175492
req-793,vehicle,32,medium,13.067965762100807,80.18744654410366
req-794,boat,25,medium,13.073728231660342,80.16168321874244
req-795,medical_supply,10,critical,13.045198145809717,80.20023957813375
req-796,medical_supply,19,low,13.011573770130589,80.1085678402462
req-797,generator,16,low,12.946617977815452,80.14090912930172
req-798,shelter_capacity,10,critical,13.056854410058861,80.2456327766627
req-799,volunteer,20,medium,13.040078747943456,80.13469614223234
req-800,medical_supply,26,low,12.900583427586177,80.23994145028561
req-801,shelter_capacity,10,medium,13.071318090086171,80.13640162106822
req-802,generator,13,low,13.029920883751826,80.20844404111268
req-803,medical_supply,3,medium,13.049487546812012,80.24274864440886
req-804,medical_supply,34,critical,13.065437415655339,80.1904856623874
req-805,vehicle,16,medium,13.011553398555426,80.2159180371961
req-806,generator,12,medium,13.057074841711929,80.1617177480566
req-807,generator,3,medium,12.983036649347655,80.2204280728701
req-808,boat,7,critical,13.077992987724643,80.21072003123183
req-809,shelter_capacity,23,medium,12.917668506025688,80.23678382695108
req-810,shelter_capacity,43,medium,13.084496743870753,80.13132441198415
req-811,vehicle,49,medium,13.000086793391276,80.22782098831694
req-812,volunteer,43,medium,12.967150513467693,80.23167433954094
req-813,shelter_capacity,17,low,12.976827922095152,80.10256009984231
req-814,medical_supply,44,medium,13.092584957560362,80.29453264694209
req-815,volunteer,15,medium,12.916261441275124,80.10619637427845
req-816,generator,2,medium,13.089860787672967,80.19483772181597
req-817,boat,39,medium,13.027729438985348,80.1271623771806
req-818,medical_supply,48,medium,13.005693760490226,80.24062134210853
req-819,volunteer,28,medium,13.014935330303109,80.26668164600336
req-820,medical_supply,42,low,13.001796079632596,80.1820586172814
req-821,volunteer,36,low,12.971639689822494,80.18432062848363
req-822,vehicle,37,low,13.070165820133163,80.27545283600429
req-823,vehicle,16,low,13.098460495811253,80.13112512200087
req-824,medical_supply,7,medium,12.99473459658861,80.26558263411593
req-825,medical_supply,41,medium,12.903126884087271,80.13372439099938
req-826,boat,33,low,13.060603524330507,80.25934268588432
req-827,vehicle,32,low,13.047122996633938,80.1878124499464
req-828,vehicle,34,medium,13.022243440996451,80.2802735831976
req-829,shelter_capacity,45,high,12.960659706772901,80.20366630686266
req-830,volunteer,4,low,13.021492832223041,80.15222291478489
req-831,medical_supply,15,critical,13.008376328419713,80.21250901435661
req-832,volunteer,48,critical,12.966909655497181,80.14676825179006
req-833,boat,8,medium,12.976215654861614,80.16167991569878
req-834,boat,38,medium,12.931556467585136,80.16333708184214
req-835,volunteer,32,high,12.931229094620795,80.28452672111187
req-836,vehicle,46,medium,12.916044156671122,80.16345689024904
req-837,boat,39,critical,12.96551333944031,80.17739411453411
req-838,vehicle,19,low,12.952700334404174,80.14731543416927
req-839,boat,12,medium,13.078458393461455,80.16345829094894
req-840,generator,28,medium,12.917193665333372,80.12676511221115
req-841,generator,36,low,12.9999008696911,80.24960462624887
req-842,boat,34,low,12.990565364280682,80.21124574317336
req-843,shelter_capacity,42,medium,13.015148408583158,80.28713887246263
req-844,medical_supply,24,medium,13.065946615026197,80.20319346488544
req-845,volunteer,11,low,12.900041089596046,80.1882726444138
req-846,generator,34,low,12.950498312869144,80.28032794547356
req-847,volunteer,12,high,12.9002085541692,80.20528498232854
req-848,volunteer,50,critical,12.906921994735477,80.19627397015896
req-849,generator,21,critical,13.087119346355067,80.24871306837306
req-850,medical_supply,34,medium,12.984152216044146,80.19234851028763
req-851,medical_supply,43,critical,12.942634204322525,80.18385090431838
req-852,boat,30,medium,12.970548670624899,80.22847893958536
req-853,boat,43,medium,13.015697668993312,80.28816748166196
req-854,medical_supply,50,medium,13.01021868128399,80.10674176947134
req-855,shelter_capacity,29,medium,12.936746924259452,80.11174848152245
req-856,medical_supply,31,high,12.91472085875437,80.17317150612205
req-857,shelter_capacity,20,low,12.993276113921949,80.1717133475828
req-858,boat,10,high,12.959120598592994,80.22020184485187
req-859,vehicle,39,low,13.027552362797639,80.15765340399757
req-860,generator,30,medium,13.02836061160292,80.26935532518398
req-861,volunteer,45,medium,12.913613415288763,80.12437531249368
req-862,boat,45,low,13.091960202263326,80.27252640148367
req-863,vehicle,7,critical,12.997273721953482,80.12221635245231
req-864,vehicle,29,high,13.023992378525934,80.17269878936754
req-865,boat,3,low,13.050935503400696,80.18928528577902
req-866,volunteer,5,medium,13.09897889479191,80.22898354135333
req-867,boat,1,low,12.94369821423771,80.24205735658941
req-868,medical_supply,50,high,12.911299942252157,80.26921378644779
req-869,volunteer,2,medium,12.917469979500865,80.25980207110817
req-870,boat,50,critical,13.033341268489645,80.12309328297658
req-871,boat,45,medium,13.092356967283793,80.25551845117063
req-872,shelter_capacity,42,high,12.972153292739517,80.16572257612584
req-873,vehicle,23,low,12.923478272860525,80.25661220414874
req-874,shelter_capacity,46,high,13.055587291995714,80.18340148623463
req-875,generator,43,medium,13.080198439249646,80.24846033792392
req-876,shelter_capacity,3,high,13.031122134454867,80.13225758753539
req-877,generator,35,medium,12.999026938463166,80.16008390034162
req-878,boat,8,medium,13.061731058572331,80.1712808106213
req-879,volunteer,16,medium,13.013278509126845,80.25440274965894
req-880,boat,34,high,12.970863677641201,80.26878716263924
req-881,vehicle,23,low,12.946766020144512,80.29449567916929
req-882,medical_supply,25,medium,12.995642733211309,80.10502797147123
req-883,generator,5,medium,13.083046392715532,80.28466704437233
req-884,volunteer,6,medium,12.98564076123146,80.18454573141454
req-885,volunteer,17,medium,12.97919832619126,80.14907808912905
req-886,vehicle,38,medium,12.97481034961032,80.28979686794385
req-887,boat,30,low,12.969826742668705,80.26969125968651
req-888,vehicle,35,high,12.923625785588596,80.18295869420754
req-889,shelter_capacity,50,high,12.90347465415986,80.21689699063646
req-890,vehicle,5,critical,13.091386056863419,80.14260030905534
req-891,vehicle,49,low,13.07395617113043,80.21518605691426
req-892,vehicle,28,medium,12.975075514878013,80.11381157657883
req-893,volunteer,10,low,12.913435647922316,80.13441627394452
req-894,vehicle,34,low,13.032461159974927,80.28351959965417
req-895,boat,18,high,13.02677007936159,80.2980824285559
req-896,medical_supply,13,high,13.028957812314998,80.23757438815892
req-897,vehicle,45,medium,13.063240655374539,80.1568764006251
req-898,boat,19,low,13.006215210204552,80.14490497473255
req-899,vehicle,10,critical,13.0492089004784,80.15802800644873
req-900,generator,40,medium,12.963061622013907,80.21674378835168
req-901,generator,28,medium,13.022716552197885,80.19120555756275
req-902,medical_supply,13,medium,12.930141831142071,80.21665613511222
req-903,vehicle,24,medium,12.965493087205939,80.23376949476626
req-904,medical_supply,44,high,13.000953285886764,80.25052131312535
req-905,shelter_capacity,28,high,12.965788751148148,80.16452799423199
req-906,vehicle,27,low,13.085707961843447,80.13367891393591
req-907,volunteer,4,medium,12.963550034599754,80.13393085878158
req-908,generator,13,medium,12.928559648911241,80.10067705252715
req-909,boat,44,medium,12.984226784797276,80.29709699860808
req-910,generator,42,medium,13.097297818810727,80.20242955915714
req-911,shelter_capacity,14,medium,12.922045437743522,80.2861338544246
req-912,volunteer,23,critical,13.046017847318952,80.11960992870702
req-913,vehicle,13,medium,13.00450439814411,80.23993026708537
req-914,generator,50,low,13.066365358823155,80.1031434210384
req-915,boat,26,medium,12.989212701838492,80.19783953071907
req-916,vehicle,1,high,13.057574662643324,80.14148555484887
req-917,generator,35,high,13.099750119230135,80.1529079357567
req-918,boat,29,medium,13.099352984563803,80.29930638795916
req-919,medical_supply,13,medium,12.980589872269018,80.13966601499104
req-920,shelter_capacity,14,low,13.078271843792985,80.21598706553323
req-921,boat,31,low,12.978658354117195,80.16889136010123
req-922,medical_supply,16,high,13.088121933323887,80.12178282796901
req-923,volunteer,46,low,12.978124344284662,80.11430244029803
req-924,boat,34,medium,12.94007925543277,80.23917342748177
req-925,volunteer,10,medium,12.988410448264249,80.26214433255652
req-926,shelter_capacity,16,medium,13.089659822106649,80.13936953095886
req-927,generator,34,medium,13.06693923705077,80.22502395342859
req-928,medical_supply,8,medium,13.081792910695176,80.16408289330674
req-929,volunteer,40,medium,12.951158324136413,80.21840199023954
req-930,boat,41,medium,13.0994565222449,80.1915373331581
req-931,shelter_capacity,45,medium,12.936017620672072,80.2393921593739
req-932,volunteer,13,medium,12.949165715813345,80.29036995400267
req-933,boat,49,low,12.95895625373493,80.12533542293049
req-934,shelter_capacity,28,medium,12.917057767794248,80.27839600058427
req-935,vehicle,21,medium,12.956543325205441,80.24264371648903
req-936,medical_supply,14,medium,12.958502373959577,80.17747272215917
req-937,generator,22,low,13.006970741673413,80.23741584938435
req-938,volunteer,7,medium,13.051668917014194,80.28354541188705
req-939,volunteer,3,low,12.961474667766296,80.25459960957004
req-940,generator,12,high,12.983550420685964,80.16938647874002
req-941,medical_supply,39,medium,12.918718351348861,80.10930634448479
req-942,volunteer,9,low,13.049454619598844,80.27287531608813
req-943,boat,47,low,13.071228429339039,80.21625443160762
req-944,boat,22,medium,13.06413627696823,80.15925276540662
req-945,shelter_capacity,25,low,13.020884758679344,80.20815482366005
req-946,medical_supply,1,critical,12.998079470131076,80.11119622178536
req-947,medical_supply,43,critical,12.997460130751817,80.14523848609818
req-948,boat,10,high,12.93779240869694,80.17744028373558
req-949,boat,28,medium,12.960666399726492,80.16778720957815
req-950,medical_supply,9,medium,13.062084190968362,80.16664429493407
req-951,boat,32,low,13.037910316036063,80.12244722909506
req-952,shelter_capacity,45,low,12.930183481133527,80.27534946976579
req-953,medical_supply,3,high,13.06531227908952,80.25254611920104
req-954,boat,26,medium,13.008351015563319,80.11540762285324
req-955,volunteer,31,low,13.005695004727823,80.10275225521667
req-956,boat,42,high,13.001563582249107,80.13956766091415
req-957,vehicle,14,medium,13.03873398079579,80.14916778368843
req-958,volunteer,50,low,13.032012289256123,80.18251721843254
req-959,generator,6,low,13.029241054061455,80.19512157164925
req-960,generator,12,low,12.940057934259732,80.27944580766479
req-961,boat,31,medium,13.072961286112749,80.19535391715975
req-962,generator,44,medium,13.017113417135013,80.26234454760476
req-963,vehicle,10,critical,12.948235056443545,80.27699367284669
req-964,volunteer,7,high,12.975301326115021,80.18885612220038
req-965,medical_supply,5,medium,13.015163571212389,80.1647231028339
req-966,shelter_capacity,23,high,12.915130423316095,80.29593853175103
req-967,vehicle,15,low,13.03482482413133,80.24348288803836
req-968,generator,50,low,13.048775142150088,80.24019232447625
req-969,boat,16,medium,12.962135413904416,80.18276141825213
req-970,shelter_capacity,25,low,13.065639823040723,80.28077702365401
req-971,volunteer,27,low,12.992273669113576,80.29969219719419
req-972,volunteer,10,medium,13.042419220096175,80.11703335234756
req-973,medical_supply,50,medium,12.949929545427288,80.22071888682655
req-974,volunteer,31,medium,13.035254750348013,80.17737633369947
req-975,medical_supply,29,high,13.007194226000646,80.26136208257708
req-976,vehicle,14,medium,12.908239813209725,80.28686908365317
req-977,medical_supply,17,critical,12.939686510009604,80.10137559694378
req-978,volunteer,17,medium,13.083843726082856,80.17925808542202
req-979,volunteer,32,high,12.952512836156378,80.1115425289181
req-980,boat,49,high,12.952507419749704,80.27545595131174
req-981,medical_supply,10,medium,12.938989668182149,80.2521565981823
req-982,shelter_capacity,50,critical,12.941522744933762,80.2284458483538
req-983,medical_supply,5,critical,13.050220768620509,80.12754455234857
req-984,generator,38,low,12.94043607483842,80.1126897956528
req-985,shelter_capacity,36,high,13.021264384957577,80.2896435620974
req-986,shelter_capacity,37,high,13.011117065118556,80.21205734159938
req-987,medical_supply,9,medium,13.0623517194256,80.18734470233994
req-988,boat,2,low,13.078949997824619,80.26931417931975
req-989,generator,4,medium,13.016611211137104,80.1245766240437
req-990,boat,48,low,13.015506457077127,80.19285393596222
req-991,vehicle,18,medium,13.084599949215134,80.14203640715213
req-992,medical_supply,34,low,13.057144608589358,80.25689541305456
req-993,generator,25,medium,12.924569780214746,80.24857316412923
req-994,vehicle,37,medium,12.938824764259504,80.19411136136429
req-995,boat,17,medium,12.900006149840925,80.26148408787066
req-996,shelter_capacity,21,medium,13.021723863438472,80.19091131334132
req-997,volunteer,16,medium,12.973096799924418,80.20863007729969
req-998,boat,43,critical,12.959419465663913,80.29248241421641
req-999,volunteer,27,low,13.043623112517777,80.25412919977406
req-1000,volunteer,26,medium,12.906020669815405,80.11944364366256
req-1001,generator,6,medium,12.907674674284284,80.13269014652259
req-1002,generator,44,high,12.946037253985349,80.26232006787151
req-1003,volunteer,26,medium,12.952619629430817,80.27921844076552
req-1004,boat,45,critical,12.982586072606166,80.23935793382506
req-1005,vehicle,4,critical,12.986761652778625,80.21199896238876
req-1006,vehicle,46,medium,12.988694890074315,80.25051383367433
req-1007,shelter_capacity,37,high,12.928818902382309,80.12495237919349
req-1008,vehicle,19,critical,12.944948422842682,80.2979451097489
req-1009,generator,33,high,12.998492976091274,80.16934064211252
req-1010,medical_supply,17,medium,13.075869415702659,80.12488100976496
req-1011,vehicle,32,high,12.929555432461152,80.20329574631506
req-1012,boat,18,low,12.968512597548925,80.12227252211892
req-1013,vehicle,24,low,12.961830578369476,80.20986475150798
req-1014,volunteer,43,low,13.095466111056348,80.2845666535092
req-1015,medical_supply,7,medium,12.938783033927363,80.27088241266698
req-1016,vehicle,28,low,13.018238731361317,80.26544933992966
req-1017,volunteer,48,low,12.931092899295766,80.21787673000371
req-1018,boat,26,low,13.08269877963605,80.19877292900343
req-1019,vehicle,4,medium,12.977505026197221,80.29049392028885
req-1020,volunteer,43,low,12.927066269135935,80.27163384289571
req-1021,volunteer,2,critical,12.928942134071445,80.22297406406072
req-1022,boat,10,low,12.946436055839342,80.28057532669685
req-1023,vehicle,36,medium,12.961390490159316,80.16746974179536
req-1024,generator,19,medium,12.900485700567279,80.2495413609566
req-1025,generator,10,critical,13.007836282680515,80.26519011426787
req-1026,shelter_capacity,26,low,13.079745805356715,80.20904392464642
req-1027,generator,20,medium,12.943380902168405,80.11756673834373
req-1028,generator,3,medium,13.044205163619587,80.203006304767
req-1029,boat,43,high,13.088583663383297,80.27688377175436
req-1030,volunteer,1,critical,13.083238396080642,80.20057706463746
req-1031,volunteer,10,low,13.037617834637564,80.11333308303135
req-1032,boat,2,high,12.970338809197681,80.23816680023666
req-1033,shelter_capacity,8,medium,13.010100330528102,80.13981651416663
req-1034,medical_supply,41,low,12.919024668269923,80.14102570328747
req-1035,vehicle,19,medium,12.957244886002329,80.16137924366409
req-1036,volunteer,11,medium,13.035119336422326,80.26094517053899
req-1037,shelter_capacity,44,medium,12.999667312185757,80.13628238332032
req-1038,boat,45,critical,13.061311729532143,80.10213823886151
req-1039,generator,32,high,12.926825861025193,80.273496838079
req-1040,volunteer,48,medium,13.087373000419786,80.25526143917239
req-1041,boat,38,high,13.041560742696351,80.22599960196027
req-1042,vehicle,47,medium,13.087973004000727,80.15323011817374
req-1043,shelter_capacity,49,low,13.002701133776764,80.19055676660834
req-1044,vehicle,50,medium,12.989064473321159,80.13763515459674
req-1045,boat,29,medium,12.982185262092909,80.20309919583225
req-1046,vehicle,11,medium,13.083188280144949,80.23368677840693
req-1047,volunteer,23,high,13.06536932738869,80.18205743784868
req-1048,medical_supply,12,medium,12.975261849068653,80.22573740617104
req-1049,vehicle,33,low,13.091371030517438,80.20056453753759
req-1050,vehicle,37,low,13.020954352076972,80.11356915768167
req-1051,vehicle,24,medium,13.002792997831303,80.2508949806349
req-1052,vehicle,40,medium,12.94421063664011,80.12898123818248
req-1053,boat,7,medium,12.938193154716805,80.18233878964818
req-1054,generator,30,medium,13.080343056804214,80.22565671280896
req-1055,volunteer,41,medium,13.067756264735317,80.23811714934747
req-1056,generator,1,medium,13.027500029233174,80.25305691047332
req-1057,vehicle,12,low,13.096761020228257,80.25447293702962
req-1058,boat,45,high,13.061403042907402,80.12783557879409
req-1059,volunteer,5,low,12.94391462794104,80.18559711722143
req-1060,generator,13,high,12.986609386109965,80.22353774255939
req-1061,boat,25,low,13.014609615358964,80.29969852571922
req-1062,shelter_capacity,38,low,12.988031644583915,80.25923319694384
req-1063,vehicle,40,high,13.032651766728488,80.28741217814249
req-1064,boat,39,medium,12.979936634538703,80.14347931187761
req-1065,generator,21,medium,13.074230383413301,80.20913506735803
req-1066,volunteer,38,low,13.053013298819218,80.2394571885835
req-1067,boat,23,high,12.905090509144229,80.17293887792479
req-1068,volunteer,13,medium,13.024771572855842,80.17702489528432
req-1069,medical_supply,15,low,13.086568157801205,80.29838171852778
req-1070,medical_supply,40,medium,13.035336390148357,80.13047982119095
req-1071,volunteer,6,high,12.983938496505619,80.15917954240048
req-1072,shelter_capacity,25,high,12.937577071948196,80.10194429518766
req-1073,vehicle,25,high,12.961473682187165,80.22727165151642
req-1074,vehicle,19,medium,13.094056625177016,80.1305110317817
req-1075,boat,1,medium,12.982414609949835,80.12994845236838
req-1076,boat,6,medium,13.093208680044473,80.17817631626042
req-1077,vehicle,25,low,12.92712013615872,80.2445663211412
req-1078,medical_supply,24,low,13.039355815848868,80.29587361185234
req-1079,generator,21,critical,13.076334581396605,80.26570024069815
req-1080,boat,49,medium,12.908995597330383,80.16712100560555
req-1081,medical_supply,44,low,13.009407856700346,80.1364402746255
req-1082,generator,17,medium,13.082389525968406,80.17254590997395
req-1083,medical_supply,8,high,12.976408349476264,80.11920512155002
req-1084,generator,42,low,12.995660360749556,80.24697282603277
req-1085,vehicle,33,medium,13.057690624122245,80.25407353027042
req-1086,vehicle,33,critical,12.908454987846369,80.13739930764216
req-1087,medical_supply,39,medium,12.90362730905523,80.18840695027991
req-1088,shelter_capacity,29,low,13.034044033834704,80.16559622861462
req-1089,generator,21,medium,13.026074818421002,80.14545803587545
req-1090,generator,10,critical,13.021324220089795,80.21450348759628
req-1091,volunteer,48,low,12.924163189635426,80.1004350464709
req-1092,shelter_capacity,16,high,13.064528822232989,80.12252575579441
req-1093,boat,26,medium,13.077996765423508,80.12289412250603
req-1094,volunteer,45,medium,13.08748103100921,80.13789403677282
req-1095,vehicle,11,medium,13.097148511346797,80.20354664203877
req-1096,vehicle,40,medium,13.04525264550213,80.27533809103397
req-1097,generator,16,low,13.092470432863475,80.19069623456328
req-1098,generator,25,high,12.920957726106883,80.13416823827377
req-1099,medical_supply,36,medium,12.912118635985106,80.19874529759176
req-1100,volunteer,17,medium,12.97286061284967,80.16518239200911
req-1101,volunteer,21,medium,13.009021480223009,80.10397533955796
req-1102,shelter_capacity,9,low,12.935371223415808,80.26550366949424
req-1103,vehicle,41,medium,12.995427080861969,80.18020627524425
req-1104,volunteer,47,medium,12.952591189743975,80.2640677920546
req-1105,vehicle,17,critical,13.096897152836657,80.18301708756336
req-1106,generator,8,high,13.0729850161681,80.13015775975904
req-1107,volunteer,28,medium,12.905730710447688,80.11938284543764
req-1108,volunteer,11,critical,12.938741313338072,80.26323407644796
req-1109,vehicle,21,medium,13.007573131146561,80.14868319451652
req-1110,shelter_capacity,36,critical,13.071378496256052,80.1014147540047
req-1111,generator,46,medium,12.916767503139436,80.16593900207035
req-1112,medical_supply,27,medium,13.0665588859604,80.1846870079029
req-1113,boat,5,low,13.090761760185888,80.27019559056914
req-1114,medical_supply,16,critical,13.093607122779591,80.23861289227467
req-1115,generator,16,medium,13.03194754163472,80.13758267927506
req-1116,generator,5,medium,12.982656286620353,80.17148321827095
req-1117,medical_supply,13,high,12.998741586537317,80.12694233699116
req-1118,volunteer,1,low,12.91824953733569,80.16412214860277
req-1119,vehicle,20,medium,13.040806863835064,80.2384612340307
req-1120,vehicle,39,medium,13.082862574586052,80.136910663988
req-1121,generator,48,medium,12.972275755454138,80.25723580253307
req-1122,medical_supply,6,high,13.014628955361951,80.10602988150512
req-1123,volunteer,12,high,12.957262383755353,80.11947656909527
req-1124,vehicle,17,high,13.036674060359598,80.17463139309127
req-1125,shelter_capacity,8,high,12.917608775445238,80.28598404209225
req-1126,boat,48,medium,13.034586608674893,80.15071491504968
req-1127,vehicle,19,medium,13.062498286556968,80.19718001292748
req-1128,shelter_capacity,16,low,12.972512879624038,80.12668975912564
req-1129,volunteer,27,critical,12.9499714726941,80.22884360694782
req-1130,medical_supply,8,low,13.081502018561697,80.28663627162825
req-1131,vehicle,4,medium,13.065477671943952,80.21752352271373
req-1132,generator,46,critical,13.023584941846078,80.29555220355526
req-1133,medical_supply,46,critical,12.978692199077654,80.21719132160476
req-1134,medical_supply,2,critical,12.959266093745976,80.26225425933922
req-1135,boat,12,high,12.933565210094457,80.11501554509238
req-1136,generator,29,high,13.07124918850167,80.27099822271983
req-1137,shelter_capacity,27,medium,13.076111282927753,80.15521392935288
req-1138,vehicle,43,low,13.013841931540863,80.1500143413132
req-1139,volunteer,34,medium,12.996215245928134,80.14164256163194
req-1140,generator,45,low,12.900601845972663,80.23692093929769
req-1141,medical_supply,2,medium,12.909935846315769,80.21346719488696
req-1142,boat,2,high,13.00704333172275,80.17592111929906
req-1143,medical_supply,13,high,12.986672278813252,80.24879891853998
req-1144,shelter_capacity,33,high,12.91858026114972,80.24336040428125
req-1145,boat,11,high,13.096609417338584,80.18694038846532
req-1146,medical_supply,1,high,12.98833384255751,80.10868468110276
req-1147,vehicle,44,high,13.087449099673707,80.18600454873469
req-1148,volunteer,29,medium,12.92270344194129,80.13678303115844
req-1149,generator,17,critical,12.94354572810383,80.28823349374996
req-1150,boat,20,medium,12.9161002806026,80.1571190161863
req-1151,boat,21,low,13.027609151706233,80.14286626553884
req-1152,shelter_capacity,7,high,12.901442377895636,80.20657174581598
req-1153,shelter_capacity,13,medium,13.066672646447348,80.25552012314759
req-1154,medical_supply,44,medium,13.085219430685077,80.24090473415205
req-1155,vehicle,14,medium,12.931326590481136,80.14333473509414
req-1156,medical_supply,40,medium,13.040419936072738,80.10679746765096
req-1157,vehicle,43,medium,12.90768755508335,80.19849846543764
req-1158,medical_supply,11,medium,13.003361922355326,80.21611287776011
req-1159,boat,17,high,13.061284902212885,80.11477846379663
req-1160,vehicle,28,medium,13.067371385261772,80.15424209696273
req-1161,medical_supply,46,medium,12.936853360171657,80.24844355465474
req-1162,shelter_capacity,34,high,12.932339165606585,80.13685065772219
req-1163,vehicle,12,medium,12.951909663975,80.11854585412979
req-1164,vehicle,22,critical,12.944245525237129,80.11593806280656
req-1165,vehicle,27,medium,12.911239886393863,80.24971497051362
req-1166,volunteer,38,high,13.031144044950713,80.25727677178598
req-1167,boat,33,low,13.012822804655308,80.29889428953224
req-1168,boat,21,medium,13.004604697666482,80.13216193462468
req-1169,boat,11,critical,13.077763214281863,80.29276770968679
req-1170,generator,28,medium,13.019351563459486,80.21196100477022
req-1171,volunteer,1,medium,12.94246662001607,80.1021778663837
req-1172,vehicle,12,low,13.080147590583223,80.29300134903129
req-1173,medical_supply,16,medium,13.033437337459421,80.1100370500732
req-1174,shelter_capacity,45,high,13.045954576963563,80.15165297022982
req-1175,volunteer,28,medium,13.015523457436226,80.281433842847
req-1176,generator,36,medium,12.996449863463917,80.12268683394353
req-1177,medical_supply,41,medium,12.954723946932452,80.12370291156563
req-1178,generator,28,medium,13.094462517719343,80.14647515901451
req-1179,generator,3,medium,12.920796521845311,80.29922727537019
req-1180,generator,44,high,12.908035265105976,80.29981377429905
req-1181,volunteer,6,medium,13.028491809108505,80.17954858432667
req-1182,boat,28,medium,12.949221634592254,80.10063678240364
req-1183,medical_supply,47,high,12.946012812566345,80.14438593699772
req-1184,vehicle,31,medium,13.080728534104937,80.26300537327293
req-1185,shelter_capacity,6,medium,13.00128648620447,80.29466303767519
req-1186,shelter_capacity,28,medium,13.078855837730945,80.15551964013714
req-1187,boat,44,critical,13.039291669993883,80.28712124500645
req-1188,boat,34,critical,13.03442239503025,80.24989751066937
req-1189,volunteer,36,medium,13.009173444117062,80.10758451780275
req-1190,volunteer,50,low,12.903979359204001,80.15160383519215
req-1191,volunteer,26,low,13.035330507389697,80.19419583173372
req-1192,generator,33,high,13.038231101089957,80.18173428279913
req-1193,shelter_capacity,19,medium,13.025165641843005,80.23230193796222
req-1194,volunteer,22,medium,12.904958600893927,80.10181130852598
req-1195,boat,33,medium,12.952710898226258,80.16464636150697
req-1196,boat,19,medium,13.038457472271277,80.21645018960946
req-1197,shelter_capacity,8,critical,12.96092063888043,80.29207450822261
req-1198,shelter_capacity,42,medium,13.040262614407043,80.12394478985506
req-1199,vehicle,37,medium,13.014010048785819,80.21098115771929
req-1200,shelter_capacity,33,medium,13.028624535616878,80.10210526450413
req-1201,vehicle,2,medium,13.017230232992391,80.25243036071744
req-1202,vehicle,42,high,12.988410431053284,80.18058611424966
req-1203,medical_supply,1,low,13.019126318873834,80.1535885196616
req-1204,vehicle,21,low,13.068203163064199,80.11667669796766
req-1205,medical_supply,16,low,13.09797172726128,80.18392381697937
req-1206,boat,48,medium,12.985228333451305,80.28227301994391
req-1207,volunteer,2,medium,13.077059058671438,80.11351248305627
req-1208,vehicle,46,high,13.005356482153347,80.17208212219293
req-1209,boat,32,medium,13.069016342497113,80.24630174777795
req-1210,volunteer,34,low,13.0140482760736,80.26129210368674
req-1211,volunteer,42,medium,12.949692240247945,80.27424418592204
req-1212,vehicle,33,low,12.982918374780601,80.22239011478625
req-1213,medical_supply,11,low,13.063866861569087,80.19500836453007
req-1214,vehicle,18,low,12.96344957993085,80.21525614209114
req-1215,medical_supply,33,medium,13.047454937098646,80.12362309856348
req-1216,generator,24,medium,12.926120474544382,80.25948027397936
req-1217,shelter_capacity,1,medium,12.941978816743859,80.1742957097673
req-1218,volunteer,3,medium,13.056124375525636,80.23897293780438
req-1219,vehicle,18,high,12.99358143337113,80.11415654070987
req-1220,vehicle,45,high,13.064071538475698,80.29905727159455
req-1221,shelter_capacity,40,high,12.981577638161404,80.25257268954121
req-1222,shelter_capacity,11,medium,13.028231606355313,80.28678377801563
req-1223,volunteer,11,medium,12.908239667837629,80.1792691008041
req-1224,volunteer,34,medium,13.025144082904205,80.22953320130544
req-1225,volunteer,2,high,12.930768322269774,80.15254009865728
req-1226,shelter_capacity,9,medium,12.992175880833141,80.11803612797297
req-1227,volunteer,37,critical,12.969353613161612,80.25047047219205
req-1228,medical_supply,8,high,12.937791951883494,80.10428097507923
req-1229,volunteer,32,high,13.046229018136202,80.11372516863247
req-1230,generator,48,medium,13.023134292377941,80.15680802735471
req-1231,boat,5,low,13.023736939313961,80.19506212395585
req-1232,boat,38,medium,13.023295285130544,80.12931393802478
req-1233,volunteer,27,critical,12.960013269501788,80.10628059673577
req-1234,medical_supply,35,high,13.024052068432466,80.26097332824364
req-1235,medical_supply,24,low,12.94931508567013,80.22050811990472
req-1236,vehicle,26,medium,13.039317786863077,80.22673222126639
req-1237,generator,9,critical,13.08033785089484,80.28063357568743
req-1238,vehicle,23,medium,13.05932734486174,80.28269580389987
req-1239,generator,44,critical,12.940378819783339,80.24948607732873
req-1240,shelter_capacity,30,medium,12.955728833080615,80.11999609469433
req-1241,shelter_capacity,26,critical,13.062162536850472,80.11203376320368
req-1242,vehicle,17,low,13.097440453162955,80.17982439776137
req-1243,generator,20,medium,12.953963424460573,80.25055365994125
req-1244,medical_supply,14,low,13.063720003796028,80.18717991513128
req-1245,vehicle,10,medium,13.09611754621232,80.11897671313224
req-1246,shelter_capacity,28,medium,12.935745851844501,80.12809378518091
req-1247,volunteer,10,medium,12.988670382361448,80.27790945423118
req-1248,shelter_capacity,21,medium,12.950674164162246,80.1578237318069
req-1249,boat,31,medium,12.903176349140484,80.27432804006244
req-1250,volunteer,17,low,13.026882745061886,80.24209908609323
req-1251,generator,14,medium,13.038797679435863,80.24528724382438
req-1252,generator,35,medium,13.056650872129746,80.25821346691046
req-1253,vehicle,3,high,13.02839222715921,80.12653996092804
req-1254,medical_supply,44,medium,12.908824512656196,80.14697367327607
req-1255,generator,48,low,13.0973046190198,80.24164307349461
req-1256,generator,32,high,13.05172334372806,80.19509154374695
req-1257,vehicle,36,medium,13.084368826114884,80.16011780281234
req-1258,volunteer,31,medium,12.953701316146022,80.15724875259053
req-1259,vehicle,38,low,13.045131507377283,80.21396830966418
req-1260,medical_supply,7,medium,12.972031618322529,80.2578066635995
req-1261,vehicle,20,medium,12.91843084192258,80.16424072227996
req-1262,boat,12,medium,13.065054056500166,80.22553063342913
req-1263,shelter_capacity,43,low,12.981174807253787,80.12907870741111
req-1264,vehicle,33,low,13.07802005024451,80.2651919471312
req-1265,shelter_capacity,48,medium,13.027644898433756,80.20701569864048
req-1266,boat,44,medium,13.011336211283432,80.25376708815081
req-1267,boat,6,medium,13.053233736145948,80.28121768368135
req-1268,volunteer,39,medium,13.098720658705945,80.23809071815556
req-1269,boat,34,high,13.040700673960052,80.25389746115214
req-1270,generator,4,medium,12.966999174061328,80.15041892319825
req-1271,generator,29,high,13.030662543739473,80.23964875958035
req-1272,medical_supply,47,high,12.944354837882276,80.14120666498611
req-1273,vehicle,36,medium,12.949668763934909,80.16555672820505
req-1274,generator,10,low,12.956231329740241,80.20396710109449
req-1275,boat,1,low,13.065702356223198,80.22415113090452
req-1276,volunteer,28,medium,12.978383420375366,80.10558842126505
req-1277,boat,50,medium,12.920500322122171,80.25179666644897
req-1278,volunteer,10,low,13.076995283082123,80.2168154629393
req-1279,vehicle,44,high,12.920811769056126,80.24690039592775
req-1280,boat,16,low,12.98421157852914,80.21678844573421
req-1281,medical_supply,20,low,13.065533039428736,80.2392961082111
req-1282,generator,17,high,13.015431314553112,80.11022650262801
req-1283,boat,4,low,12.935603181650166,80.18093656211005
req-1284,boat,3,high,12.98238700560179,80.11871719503391
req-1285,vehicle,15,low,13.014824523714218,80.25620728652775
req-1286,shelter_capacity,50,low,13.088896313286426,80.27032413142508
req-1287,volunteer,29,high,13.037272737071333,80.14883837504085
req-1288,volunteer,10,medium,13.059125776910907,80.12040526410897
req-1289,boat,50,medium,12.917939478323653,80.23284116418431
req-1290,boat,29,medium,13.070461299226494,80.25971519930886
req-1291,volunteer,15,high,12.941008334075434,80.11291841545837
req-1292,vehicle,3,low,13.078440496908266,80.26753187170975
req-1293,shelter_capacity,26,medium,13.019090697430185,80.28670275625414
req-1294,boat,22,low,13.04329068668001,80.12735968101167
req-1295,generator,10,high,12.957117788939799,80.24595170140887
req-1296,vehicle,25,high,12.967498566998966,80.14887327147179
req-1297,generator,15,medium,13.039759259074225,80.20086000435155
req-1298,volunteer,30,medium,12.974284305514596,80.11220684818758
req-1299,medical_supply,7,high,12.975276541271569,80.18589939594128
req-1300,shelter_capacity,34,high,13.049889875445176,80.29443505527483
req-1301,vehicle,41,low,12.957447842234199,80.19970629847987
req-1302,vehicle,41,medium,12.980921656714475,80.26240510232144
req-1303,generator,48,medium,12.900304701120248,80.21617741369607
req-1304,volunteer,19,medium,13.056458072314548,80.16894966086942
req-1305,medical_supply,32,high,13.03740317001998,80.14705636122481
req-1306,generator,5,medium,12.921435313519568,80.21328339155025
req-1307,boat,47,critical,12.907678746113781,80.11191390214589
req-1308,boat,38,high,12.994508093640093,80.12540017193615
req-1309,generator,50,low,13.077452037431897,80.11533797862671
req-1310,medical_supply,13,high,13.006934260660415,80.20465761636963
req-1311,shelter_capacity,21,low,12.98910432529615,80.26170419758876
req-1312,shelter_capacity,6,high,13.033738624612571,80.22378827156089
req-1313,generator,26,medium,13.093820892071621,80.22193048898752
req-1314,medical_supply,23,medium,12.996755438776624,80.1528473722244
req-1315,volunteer,7,high,13.052207668170563,80.10680862008248
req-1316,generator,50,medium,13.059535216785235,80.27044258829424
req-1317,volunteer,27,medium,12.950684805782215,80.14544672446611
req-1318,shelter_capacity,13,low,13.059072624538548,80.14712262284507
req-1319,boat,21,medium,13.072086223296019,80.12939706948315
req-1320,vehicle,42,medium,13.03039230032216,80.233171064328
req-1321,medical_supply,16,medium,12.928355470499493,80.16240162372739
req-1322,shelter_capacity,2,medium,12.983745219121396,80.11692085279965
req-1323,shelter_capacity,33,high,13.04121269797556,80.12299569986722
req-1324,medical_supply,11,low,12.903962735340928,80.13499104625309
req-1325,vehicle,22,critical,12.996264589111808,80.19683766942887
req-1326,vehicle,1,medium,12.913546910076008,80.13289626681602
req-1327,volunteer,38,medium,13.082869048987197,80.28883370444628
req-1328,medical_supply,18,medium,13.092392868559186,80.28750183384408
req-1329,shelter_capacity,18,medium,12.931394017095942,80.28197824024447
req-1330,generator,40,low,12.921537899502399,80.26808318617812
req-1331,boat,49,medium,12.912451439149166,80.15629584513744
req-1332,volunteer,34,low,13.02662886195866,80.13675728463629
req-1333,generator,19,low,12.9521629940593,80.19093159558861
req-1334,vehicle,45,medium,13.078808269665322,80.21146716173668
req-1335,generator,22,high,13.001807034644806,80.16946165714575
req-1336,volunteer,40,medium,13.097396788657806,80.19605495001736
req-1337,volunteer,44,high,12.911708207723992,80.25524480995831
req-1338,medical_supply,42,low,13.026663405704053,80.28165848867975
req-1339,medical_supply,25,medium,13.033854233787647,80.20294215233726
req-1340,volunteer,27,medium,12.918466738245389,80.2166907314801
req-1341,volunteer,10,medium,12.949890642110104,80.11184954116636
req-1342,generator,39,medium,12.970690352159423,80.18633347353305
req-1343,shelter_capacity,43,medium,12.93924774887554,80.14626522363332
req-1344,shelter_capacity,43,low,13.089026829358414,80.28208616931309
req-1345,medical_supply,10,medium,12.948184057214641,80.27254844865556
req-1346,vehicle,36,low,12.928088876112483,80.10459580528574
req-1347,shelter_capacity,5,medium,13.066670205586103,80.26298498807931
req-1348,volunteer,29,medium,13.005883252243091,80.1537429059729
req-1349,boat,36,high,12.981227127977442,80.13514558256955
req-1350,generator,3,medium,13.02188405118918,80.25727201663432
req-1351,medical_supply,28,medium,13.021719987181218,80.10618357706346
req-1352,boat,10,medium,13.067444661381385,80.17142656510818
req-1353,volunteer,46,critical,12.923242629675139,80.11310702343063
req-1354,volunteer,46,medium,12.911669532277644,80.21741810378947
req-1355,generator,37,high,13.077785630287625,80.160779024292
req-1356,vehicle,28,medium,12.940585128452204,80.18608322770761
req-1357,volunteer,46,low,13.01490635540125,80.1292430433401
req-1358,generator,34,medium,12.98352880377841,80.11666479271956
req-1359,generator,40,medium,13.008938060058709,80.18252578617376
req-1360,vehicle,39,critical,13.084925732152907,80.24824616748106
req-1361,volunteer,39,medium,12.9055298501309,80.27518777527085
req-1362,vehicle,23,medium,12.924205652797385,80.19025675316972
req-1363,vehicle,36,low,13.021325074561313,80.26372874116015
req-1364,vehicle,39,critical,13.001153496115139,80.23022525807481
req-1365,volunteer,10,high,12.956132319679712,80.10951920410015
req-1366,generator,17,low,12.91111505518775,80.12401207637267
req-1367,vehicle,38,medium,12.925419824971252,80.20888879982631
req-1368,vehicle,6,critical,13.011000943459875,80.19218930468942
req-1369,volunteer,1,medium,12.924881256991442,80.236897392033
req-1370,boat,35,high,12.923676795798638,80.10711634551973
req-1371,volunteer,22,medium,12.954411905515586,80.29788800224432
req-1372,vehicle,33,low,12.91444240512273,80.11286733166169
req-1373,generator,22,critical,12.902375626663007,80.29368332678179
req-1374,medical_supply,35,medium,13.026595354766012,80.24155047160946
req-1375,medical_supply,4,medium,12.940914971908063,80.10624288537048
req-1376,volunteer,49,high,13.025499576077019,80.14145663542
req-1377,boat,37,high,12.921739080625976,80.18791198222722
req-1378,generator,6,medium,12.907512275929692,80.16294993943504
req-1379,medical_supply,23,low,12.991288818456855,80.24301917171213
req-1380,volunteer,25,critical,13.070231241220744,80.25956093553307
req-1381,shelter_capacity,37,high,13.078424316503558,80.28993928190074
req-1382,volunteer,4,medium,13.081511704199213,80.21790756934966
req-1383,volunteer,27,critical,13.055149283807115,80.28367737331169
req-1384,vehicle,29,medium,13.082522884097218,80.22219419398515
req-1385,medical_supply,39,low,12.935213526100092,80.21449846990578
req-1386,vehicle,32,low,12.92880663894422,80.22866502749591
req-1387,volunteer,24,high,12.997774224226596,80.21410959040547
req-1388,boat,1,medium,13.031404356930626,80.2464393060101
req-1389,shelter_capacity,45,medium,12.907672016877278,80.2083629698818
req-1390,vehicle,20,medium,12.940861864187534,80.22464717574661
req-1391,generator,26,medium,13.068630617649529,80.22058324641226
req-1392,medical_supply,24,medium,13.04034659042782,80.12235733599358
req-1393,vehicle,34,low,12.931829919056751,80.19757745362749
req-1394,generator,3,low,13.021573159083331,80.11433606154368
req-1395,shelter_capacity,43,medium,12.929795828199987,80.27946311471605
req-1396,boat,29,medium,12.996333809726652,80.1300719105448
req-1397,boat,17,high,12.913130130288657,80.29781412904552
req-1398,boat,38,low,12.952090431192143,80.20303982185499
req-1399,boat,41,medium,12.958828587040578,80.10519722624414
req-1400,boat,28,critical,12.923046617343358,80.23360414261244
req-1401,medical_supply,40,low,13.093610503713736,80.29469759862391
req-1402,volunteer,47,medium,12.960137255432073,80.20187152971695
req-1403,medical_supply,36,medium,12.933308644291746,80.24953091853816
req-1404,medical_supply,49,medium,12.972559040038789,80.18788939055216
req-1405,vehicle,39,medium,12.919143700714132,80.274805026276
req-1406,boat,45,low,13.059310633229398,80.19450023458953
req-1407,boat,2,medium,12.91847961195244,80.13347955906728
req-1408,shelter_capacity,10,critical,13.041952828530698,80.18888997901665
req-1409,shelter_capacity,27,medium,13.054508623226155,80.2079728441995
req-1410,medical_supply,46,critical,13.009776101603013,80.2733046835058
req-1411,boat,38,critical,13.056674122304004,80.16995201951033
req-1412,boat,5,medium,12.939946012301183,80.13419633186753
req-1413,boat,7,medium,13.006659885252223,80.23471337759658
req-1414,shelter_capacity,46,medium,12.980026539466126,80.2213855245607
req-1415,vehicle,22,medium,13.075310132118718,80.29600828798067
req-1416,volunteer,18,medium,13.070511177989319,80.2471849453442
req-1417,generator,38,medium,13.078459188916211,80.22363830349565
req-1418,vehicle,31,high,12.919608377096312,80.1260123354939
req-1419,boat,18,medium,13.040152830394042,80.12545051426311
req-1420,generator,48,medium,12.925211475109748,80.1992043548354
req-1421,generator,11,low,12.969789450851536,80.12852743116005
req-1422,generator,12,high,13.05958817589152,80.28506862994902
req-1423,vehicle,16,low,13.055617881374104,80.10386736973823
req-1424,generator,17,high,13.081812467868035,80.26526057996928
req-1425,boat,14,medium,12.99620364999677,80.16378690854336
req-1426,medical_supply,32,medium,13.037976015066029,80.24459382903677
req-1427,shelter_capacity,10,high,12.923522898937367,80.16908320459166
req-1428,volunteer,39,medium,13.047503848006862,80.11468002674172
req-1429,vehicle,50,medium,12.948637506542495,80.25556000760736
req-1430,medical_supply,46,high,13.05399274468759,80.28156748561025
req-1431,generator,48,medium,12.90800408398189,80.22116206029895
req-1432,volunteer,48,high,13.069748880291849,80.15343718941179
req-1433,volunteer,25,high,13.093740137342095,80.20655916153578
req-1434,generator,14,critical,13.065262998011457,80.15780964076174
req-1435,vehicle,1,medium,13.09264860588674,80.13347472348171
req-1436,boat,47,high,13.032283007938904,80.29793394904188
req-1437,vehicle,33,medium,12.939595869460497,80.26663555286163
req-1438,medical_supply,30,medium,13.053068987007295,80.26341010688132
req-1439,boat,16,critical,13.05147719296365,80.22598093886837
req-1440,shelter_capacity,4,medium,13.063197117542508,80.28228981045189
req-1441,shelter_capacity,21,medium,12.958003278914886,80.17674991978812
req-1442,volunteer,41,low,13.054922416197464,80.13707252467927
req-1443,volunteer,46,medium,12.910056701049928,80.12116064977914
req-1444,shelter_capacity,29,medium,12.92674817838172,80.18550001282051
req-1445,boat,4,medium,13.064008628523139,80.17672350575108
req-1446,generator,33,medium,13.0352030783231,80.10193334103379
req-1447,boat,47,medium,13.02845437386336,80.10717489877857
req-1448,boat,17,medium,12.985334574684456,80.294083853636
req-1449,volunteer,40,high,13.018543030676332,80.24132123237337
req-1450,generator,18,medium,12.961128751060802,80.27771927083688
req-1451,medical_supply,30,low,13.098829369164594,80.14967641633038
req-1452,boat,10,high,13.00356165686936,80.12663672405887
req-1453,boat,25,low,12.911752179439253,80.24372273395399
req-1454,shelter_capacity,8,medium,12.970850142337289,80.21267530859029
req-1455,volunteer,5,medium,12.91739289076472,80.1496944519299
req-1456,vehicle,36,high,13.057363655190871,80.26786980014771
req-1457,vehicle,15,medium,13.005062538236361,80.18670254033773
req-1458,generator,30,medium,12.953756304922901,80.22070587433991
req-1459,shelter_capacity,16,high,12.908502833744437,80.2074273313733
req-1460,boat,1,medium,12.980822186062431,80.29586265633567
req-1461,volunteer,3,medium,12.985294158876233,80.12586568799824
req-1462,shelter_capacity,21,high,12.99536973908312,80.20524948476579
req-1463,vehicle,44,medium,13.071226669381584,80.10087140381512
req-1464,vehicle,47,medium,13.034585346520348,80.13205753226629
req-1465,vehicle,47,high,12.96367709454185,80.18684124175307
req-1466,medical_supply,48,medium,13.073939592004766,80.26573180003047
req-1467,boat,2,low,12.905212454802978,80.21015835335672
req-1468,medical_supply,27,high,12.976911228746204,80.29228653122794
req-1469,vehicle,47,medium,13.043340908560852,80.24869050561126
req-1470,vehicle,1,low,12.907515879847416,80.2720651072417
req-1471,boat,45,medium,13.034630534231054,80.21273158799387
req-1472,volunteer,27,high,13.06305434859779,80.13276311363356
req-1473,shelter_capacity,32,low,12.929652157322671,80.2153670440661
req-1474,shelter_capacity,32,high,13.071056403120801,80.24417138186482
req-1475,generator,20,high,12.919110977804918,80.23453676999631
req-1476,generator,19,medium,12.938067925130397,80.11596522812827
req-1477,medical_supply,18,high,13.084907672217001,80.28726879046864
req-1478,boat,48,high,13.086108030435499,80.16721317605291
req-1479,medical_supply,50,medium,13.056765457995462,80.26329937932819
req-1480,generator,34,medium,12.96738711542308,80.24319915027877
req-1481,volunteer,43,medium,13.070151124966715,80.27206266217472
req-1482,medical_supply,50,high,12.966685155585044,80.28244556718691
req-1483,volunteer,42,critical,13.094442568565666,80.18138370059708
req-1484,shelter_capacity,33,medium,13.098331718151014,80.21195668890212
req-1485,shelter_capacity,46,high,12.920732206778514,80.1162888507273
req-1486,generator,17,critical,12.989314275074813,80.22226999017089
req-1487,volunteer,35,medium,12.927331435273091,80.28243818797735
req-1488,medical_supply,39,critical,12.91273177517195,80.21826608606018
req-1489,vehicle,4,critical,13.066505491893668,80.2289327101224
req-1490,medical_supply,45,low,12.961659106299633,80.16364754976216
req-1491,volunteer,42,medium,12.949518607511207,80.10998799676241
req-1492,shelter_capacity,1,medium,13.006361122558113,80.15687823165956
req-1493,boat,7,medium,12.963700347145899,80.24956941117979
req-1494,generator,18,high,13.006229493938374,80.17186729042572
req-1495,shelter_capacity,34,medium,12.930845449697738,80.23853413830602
req-1496,medical_supply,20,medium,13.060179840982356,80.16045682555719
req-1497,boat,28,medium,12.978528436840376,80.18756518794157
req-1498,vehicle,3,medium,13.067026531665789,80.11747176245945
req-1499,shelter_capacity,23,medium,13.024617431810654,80.24172821258632
req-1500,vehicle,37,medium,12.950900637717472,80.1456916175903
req-1501,medical_supply,19,medium,12.978905045255228,80.17934272552588
req-1502,vehicle,28,medium,12.927681057812531,80.29491260453815
req-1503,generator,27,medium,13.087892938024245,80.1993145636853
req-1504,volunteer,48,medium,12.980563985158492,80.27912672319626
req-1505,medical_supply,26,high,12.992721900592823,80.19805290964904
req-1506,generator,5,medium,12.976286624796701,80.11492691643737
req-1507,boat,40,medium,12.90390126198021,80.13235068086702
req-1508,volunteer,6,medium,12.957907561881015,80.15243884160367
req-1509,shelter_capacity,17,medium,12.967390523726193,80.21333447477332
req-1510,shelter_capacity,26,medium,13.086210336769259,80.18877270479685
req-1511,volunteer,13,medium,12.903854154844955,80.17491755788778
req-1512,shelter_capacity,5,medium,12.934693991048624,80.14286024623804
req-1513,medical_supply,8,low,13.073429966916748,80.10643374068982
req-1514,shelter_capacity,46,low,13.032657376224346,80.20740883011754
req-1515,volunteer,8,high,12.963039857289466,80.1843056414711
req-1516,generator,34,medium,13.02179979623234,80.17114233496027
req-1517,shelter_capacity,25,low,13.010959958864843,80.15943384374853
req-1518,medical_supply,8,high,13.003053944727345,80.14156484580053
req-1519,boat,5,critical,13.075173864715124,80.2161179537637
req-1520,vehicle,49,high,13.042102882149942,80.27575506687916
req-1521,boat,1,medium,13.00230815814647,80.12939915056884
req-1522,boat,20,medium,12.967928201349848,80.24035122113638
req-1523,boat,40,low,12.958949595528491,80.11984002860223
req-1524,boat,13,medium,12.92138316019442,80.2712059605139
req-1525,shelter_capacity,9,high,12.917363833092873,80.22909054351888
req-1526,vehicle,29,high,12.934753367442186,80.11250090556739
req-1527,boat,31,medium,12.903655130615224,80.11571883027013
req-1528,vehicle,18,medium,13.094054077400635,80.15181322446408
req-1529,vehicle,25,high,13.01738882364861,80.14681841269952
req-1530,medical_supply,6,low,12.901782440173065,80.24461465250185
req-1531,medical_supply,49,medium,13.02034906596928,80.13108653009898
req-1532,boat,26,low,12.927438901238563,80.22674109595232
req-1533,shelter_capacity,18,high,12.962886864148814,80.28625845713678
req-1534,vehicle,5,low,13.063283526933581,80.11665902304301
req-1535,vehicle,49,high,13.006207297528931,80.13221428253323
req-1536,volunteer,22,medium,12.960369722218955,80.11987862451484
req-1537,medical_supply,47,medium,12.972154324915582,80.19957414094786
req-1538,vehicle,13,critical,13.004298721434145,80.17184505962118
req-1539,volunteer,41,critical,12.92797474541299,80.12555807108741
req-1540,boat,24,medium,13.090078051721301,80.1329916209726
req-1541,vehicle,10,medium,12.968402670211097,80.2735902905078
req-1542,volunteer,4,medium,12.929042487572634,80.19913592828767
req-1543,shelter_capacity,27,low,13.01188733578151,80.24222106678037
req-1544,boat,43,high,12.94189208519422,80.2595827013306
req-1545,medical_supply,12,low,13.001313287772849,80.13074705827052
req-1546,medical_supply,13,low,12.972720956996797,80.27829702094485
req-1547,generator,12,medium,13.02023336723708,80.22234036461994
req-1548,volunteer,8,medium,12.997316418626916,80.21796632354616
req-1549,volunteer,40,medium,12.993066330093171,80.13129827077364
req-1550,medical_supply,49,medium,13.049865350718807,80.2399091693439
req-1551,volunteer,35,medium,12.903473637736012,80.14177478895886
req-1552,volunteer,39,high,13.01193486620738,80.17118630331407
req-1553,medical_supply,15,medium,13.072355123003446,80.24129789310899
req-1554,volunteer,4,medium,12.962707474713097,80.10751746498964
req-1555,vehicle,28,medium,13.02346786777996,80.28693372237524
req-1556,shelter_capacity,11,medium,13.08513971334123,80.22405152917653
req-1557,volunteer,29,critical,12.971278257983743,80.24856595175933
req-1558,medical_supply,38,low,13.078509193856828,80.24788587236537
req-1559,boat,17,low,12.980249009313523,80.25446469139298
req-1560,boat,9,medium,12.99377665414167,80.20003239985758
req-1561,generator,4,high,13.000503967305553,80.1043185308848
req-1562,volunteer,20,medium,12.918342017417475,80.26407079663905
req-1563,vehicle,1,medium,13.079162377962417,80.22192471943994
req-1564,boat,4,medium,12.980623880512836,80.16792635717424
req-1565,medical_supply,1,critical,12.96765775980157,80.28971103481913
req-1566,generator,4,high,13.042171064367471,80.14195228764835
req-1567,boat,28,medium,12.977742646909082,80.11756460236184
req-1568,boat,18,medium,13.005011605886885,80.28842233204605
req-1569,boat,34,low,13.069246565730204,80.27182500461676
req-1570,generator,17,medium,12.910568783758096,80.28741748821061
req-1571,boat,10,medium,12.969410564382592,80.11867090783626
req-1572,shelter_capacity,50,medium,12.928090515908817,80.11967142083239
req-1573,generator,30,medium,13.0784009084826,80.13271999104937
req-1574,shelter_capacity,21,medium,12.981383940513275,80.28258730901311
req-1575,medical_supply,32,medium,13.09722573622645,80.11660146313359
req-1576,vehicle,6,medium,13.023898511605093,80.20366141572173
req-1577,shelter_capacity,30,high,13.019232530312829,80.17605752154918
req-1578,vehicle,19,medium,13.022534276999199,80.20998146301673
req-1579,generator,45,medium,12.985586804343697,80.15976949446319
req-1580,medical_supply,16,medium,13.019183140436317,80.2395899557308
req-1581,vehicle,49,medium,12.90810354745898,80.27334605780383
req-1582,boat,4,low,13.069264114085327,80.13550935047988
req-1583,generator,13,critical,13.067209025398226,80.11038554641961
req-1584,shelter_capacity,28,medium,12.958827994875602,80.23484648806915
req-1585,medical_supply,38,medium,13.041296333810024,80.26751158316996
req-1586,volunteer,27,medium,13.044553432420665,80.19584144362915
req-1587,medical_supply,3,medium,13.044524667854214,80.23503299603125
req-1588,shelter_capacity,6,medium,13.093531707436085,80.24951959246887
req-1589,generator,21,medium,13.095792053290783,80.2683294632531
req-1590,shelter_capacity,4,medium,13.06191947939261,80.14753241839341
req-1591,vehicle,9,medium,13.096378667225407,80.10535736135107
req-1592,volunteer,39,medium,13.088121294295837,80.16338651402467
req-1593,shelter_capacity,13,low,13.027241828794025,80.28190601997184
req-1594,boat,41,critical,13.070951138007095,80.2901861084783
req-1595,vehicle,2,medium,13.01347950776131,80.26861684059047
req-1596,generator,2,medium,13.079959084709445,80.13277960798183
req-1597,shelter_capacity,46,low,12.924071494956724,80.15090585326367
req-1598,generator,13,medium,12.919812895975616,80.18156928663406
req-1599,shelter_capacity,31,low,12.936794420337101,80.17045076318323
req-1600,boat,43,medium,12.939806389103362,80.1998793653807
req-1601,volunteer,38,medium,12.985580602749666,80.1067669898692
req-1602,vehicle,24,high,13.068809678259626,80.16962056230483
req-1603,boat,34,medium,13.099119697887165,80.27181699849237
req-1604,generator,43,medium,12.968661718612475,80.10705488597128
req-1605,shelter_capacity,11,low,12.96058759530135,80.11814186053685
req-1606,vehicle,27,medium,13.050086198429936,80.12354362501323
req-1607,boat,8,medium,13.005187145377949,80.25163825165727
req-1608,vehicle,26,medium,13.071487213008076,80.1734234883738
req-1609,shelter_capacity,26,high,13.075722986515586,80.10346934889272
req-1610,boat,32,medium,13.001066315590032,80.25996678461657
req-1611,vehicle,12,medium,13.091031442856144,80.22562038293324
req-1612,shelter_capacity,18,medium,12.967372890180624,80.13369724477543
req-1613,medical_supply,18,medium,12.944001190452093,80.25708893282646
req-1614,generator,9,low,12.97892606521739,80.14747225720463
req-1615,generator,29,low,13.000136908579185,80.12564253857664
req-1616,vehicle,20,low,13.015479281689311,80.217910444059
req-1617,boat,19,low,12.931876009919113,80.10410419626432
req-1618,volunteer,4,critical,12.907196119323896,80.27598330698748
req-1619,shelter_capacity,5,high,13.020721807878909,80.2259051012497
req-1620,volunteer,16,high,12.981328113247544,80.2961315727088
req-1621,vehicle,30,low,13.02306146181716,80.22496033857053
req-1622,shelter_capacity,19,low,13.039390936749808,80.22037764111404
req-1623,generator,34,low,13.067312030004974,80.21848183872912
req-1624,medical_supply,17,medium,12.94915522315402,80.24349756746395
req-1625,volunteer,33,medium,13.001563205783397,80.1222849574585
req-1626,generator,11,medium,12.969630304004744,80.21535716533282
req-1627,medical_supply,22,medium,12.904313257014515,80.11372761059272
req-1628,generator,11,medium,12.988869810975745,80.19965821101547
req-1629,boat,41,critical,13.016804266764115,80.25772476689436
req-1630,volunteer,25,high,13.060515089569513,80.26445852090708
req-1631,volunteer,4,medium,13.02383006860326,80.11415230747441
req-1632,generator,23,low,13.039176614543626,80.26565849007035
req-1633,volunteer,29,low,12.987883419453853,80.19870410409554
req-1634,volunteer,25,high,12.949587915994204,80.11223123619314
req-1635,shelter_capacity,25,medium,12.944990981772511,80.19230277952902
req-1636,medical_supply,29,critical,13.043339146967943,80.22251995209857
req-1637,boat,3,low,12.917567829814562,80.13353042666132
req-1638,shelter_capacity,29,medium,13.021061330342164,80.283522866249
req-1639,medical_supply,47,high,12.98176690066646,80.19344830977856
req-1640,vehicle,7,low,13.061071882991147,80.22735383866566
req-1641,boat,8,high,13.083776266376777,80.26176573428793
req-1642,shelter_capacity,8,medium,12.955769170861029,80.25387995197073
req-1643,shelter_capacity,4,low,13.087101720621293,80.2411952010357
req-1644,shelter_capacity,9,low,13.095453044131101,80.17188593255482
req-1645,shelter_capacity,50,high,13.059791236114085,80.14403350154635
req-1646,volunteer,26,medium,12.929146272739672,80.21076854816097
req-1647,boat,38,medium,12.930387017011505,80.18528180284987
req-1648,vehicle,10,high,12.97603559212056,80.13177774939345
req-1649,boat,5,low,13.078450261527408,80.2509975938198
req-1650,boat,48,medium,13.014324615159783,80.22164454584706
req-1651,vehicle,8,medium,12.971873938252953,80.17339390244247
req-1652,boat,45,medium,12.961282834423335,80.10090264710695
req-1653,volunteer,29,low,13.015534101004588,80.18707980574663
req-1654,boat,23,medium,12.905455301551084,80.10432307962807
req-1655,shelter_capacity,24,medium,13.038646494401835,80.20008937270079
req-1656,vehicle,11,medium,13.034276220652078,80.13339490505032
req-1657,shelter_capacity,32,low,13.092864262476308,80.25681046214
req-1658,generator,44,medium,12.99704614827065,80.25775554601651
req-1659,medical_supply,14,critical,13.07802123841476,80.18933632869296
req-1660,vehicle,10,medium,12.979072213048386,80.21786774554657
req-1661,boat,41,medium,12.983500769647494,80.22459441779814
req-1662,generator,27,medium,13.095484674886285,80.18783276068801
req-1663,boat,23,low,12.964589195760535,80.2755058534756
req-1664,medical_supply,45,critical,13.091558386171574,80.20591431597016
req-1665,generator,43,low,12.912376483132286,80.25175051518592
req-1666,shelter_capacity,47,high,12.969484470360921,80.29184363328974
req-1667,boat,17,medium,12.923198487646674,80.28798694681862
req-1668,vehicle,40,high,13.029728897435046,80.28726704160073
req-1669,generator,32,high,13.089500762485692,80.16927467782848
req-1670,shelter_capacity,35,medium,13.078614601816207,80.2638246870924
req-1671,medical_supply,45,low,13.022424191932544,80.15261971465334
req-1672,medical_supply,33,medium,13.008329924129296,80.14129547873634
req-1673,generator,4,low,13.039082000344658,80.17629983197995
req-1674,generator,24,medium,13.006505079780933,80.26197060844738
req-1675,medical_supply,43,medium,12.962056775460711,80.29790164512235
req-1676,vehicle,31,medium,12.949732302517997,80.19187853945539
req-1677,shelter_capacity,24,critical,13.075938469110515,80.15843167056632
req-1678,boat,20,critical,13.042932867948108,80.20289726952171
req-1679,vehicle,11,medium,13.024720171949228,80.14673607667979
req-1680,generator,10,medium,13.034063785317981,80.26810129965637
req-1681,generator,48,low,12.998777494489511,80.26594141615134
req-1682,boat,5,medium,13.04043451263778,80.28998917513181
req-1683,medical_supply,39,medium,13.066999838663314,80.27991516302237
req-1684,generator,4,medium,12.94948591438095,80.22143699876959
req-1685,volunteer,41,low,13.016982643737991,80.1385848235174
req-1686,volunteer,39,medium,13.05566436890408,80.23095226760552
req-1687,medical_supply,10,medium,13.08221395534344,80.22690675171718
req-1688,generator,38,low,13.048899723368638,80.26893376000598
req-1689,shelter_capacity,6,medium,13.005208499628727,80.29135314216269
req-1690,vehicle,41,medium,12.913171464820604,80.13369344516185
req-1691,medical_supply,36,medium,13.078280741148264,80.2408273467478
req-1692,generator,46,high,12.93721278044715,80.17615868316967
req-1693,medical_supply,15,low,13.049369560182631,80.1693059239052
req-1694,boat,28,medium,12.948596483406051,80.11071496506152
req-1695,volunteer,27,critical,12.937559654901953,80.1118058687884
req-1696,generator,42,medium,12.943452153810409,80.23924384536319
req-1697,shelter_capacity,50,medium,13.055709565738209,80.22762910837602
req-1698,volunteer,7,high,13.05475616895302,80.14206363101735
req-1699,shelter_capacity,39,high,13.041454256860233,80.20061727290494
req-1700,vehicle,29,high,12.958239895624642,80.18462360821123
req-1701,generator,34,critical,12.928314520526142,80.18587514731844
req-1702,volunteer,7,medium,13.082900362317176,80.22552208830514
req-1703,generator,3,medium,13.012888958276765,80.1152517664359
req-1704,shelter_capacity,14,low,13.069368861284076,80.15552263955828
req-1705,vehicle,3,medium,12.910809096516836,80.2611426921541
req-1706,generator,37,high,13.00217579399221,80.11034512598206
req-1707,volunteer,29,low,13.063745444112152,80.23826662535781
req-1708,medical_supply,19,high,13.016311267809714,80.19485170393672
req-1709,volunteer,15,medium,12.964879287622592,80.13099104472988
req-1710,vehicle,40,critical,12.940872269266205,80.27524201972717
req-1711,boat,9,low,13.068577727891036,80.11613597550127
req-1712,volunteer,8,low,13.080362606548523,80.14992107016678
req-1713,boat,28,medium,13.030733947067088,80.1876858797586
req-1714,generator,10,low,13.097566977990327,80.11222456585077
req-1715,volunteer,49,medium,13.02554303692754,80.24201477732663
req-1716,medical_supply,3,critical,13.065413268609468,80.13057628030076
req-1717,generator,12,critical,12.92109367659738,80.25941568012169
req-1718,generator,5,critical,13.049505938355523,80.28747384758984
req-1719,vehicle,12,medium,12.947298388276895,80.21133813168179
req-1720,vehicle,43,medium,12.933945480501995,80.10165021540591
req-1721,boat,10,low,12.968611965926591,80.1904144964197
req-1722,volunteer,2,medium,12.901608446922559,80.11164289330017
req-1723,generator,46,low,12.941228520202214,80.29153541423669
req-1724,boat,4,high,13.040086785000367,80.19396111191784
req-1725,generator,5,high,12.927628123918003,80.15774893634563
req-1726,boat,47,low,12.992785566758986,80.14189011029801
req-1727,vehicle,14,low,12.902791961680961,80.20741493053285
req-1728,shelter_capacity,24,low,13.04524958071906,80.16865884308508
req-1729,volunteer,2,low,13.093739956046162,80.14813265221674
req-1730,shelter_capacity,22,low,12.949155319253645,80.23786589115207
req-1731,generator,15,critical,12.973762948327183,80.13557228363429
req-1732,medical_supply,31,high,12.967777012165554,80.18189399648305
req-1733,medical_supply,11,high,12.999118199872527,80.18662127133423
req-1734,generator,4,medium,13.075398728139982,80.25430818849249
req-1735,generator,31,high,12.996193711515984,80.20973370165612
req-1736,vehicle,44,high,13.027909919652604,80.14302882694375
req-1737,boat,3,high,13.091612137916961,80.23889639001999
req-1738,medical_supply,38,medium,13.013961494606157,80.19470048657425
req-1739,generator,41,high,13.013004226173472,80.20940447655163
req-1740,boat,14,medium,13.008070472898469,80.15536088011436
req-1741,boat,37,medium,13.030270230985925,80.1216555776369
req-1742,generator,30,low,13.091908785132754,80.17875780932084
req-1743,boat,25,medium,13.022095040028596,80.19667520031562
req-1744,volunteer,37,critical,13.031585357825028,80.10349429894063
req-1745,generator,34,high,12.927608507339372,80.28597118590704
req-1746,boat,14,medium,12.940298233908573,80.27825998949594
req-1747,generator,42,low,12.967382589630196,80.1204532378095
req-1748,shelter_capacity,13,medium,12.919793775484976,80.23824308287325
req-1749,shelter_capacity,38,low,12.97241012585091,80.27734302321473
req-1750,generator,4,medium,12.99625330856229,80.28351645417986
req-1751,generator,7,low,12.924212562539678,80.18321097315916
req-1752,medical_supply,45,critical,13.040480857503574,80.17337847285542
req-1753,vehicle,39,medium,12.942323072946166,80.28145157893546
req-1754,shelter_capacity,26,high,12.954464488933377,80.14787143461736
req-1755,vehicle,24,high,12.976565588273857,80.2684322244326
req-1756,medical_supply,10,medium,12.96613901167925,80.11193299004462
req-1757,boat,21,low,13.07401735439364,80.10134311871008
req-1758,volunteer,20,low,12.982311158135882,80.14925850786052
req-1759,shelter_capacity,39,high,13.09583984510373,80.12063752068491
req-1760,shelter_capacity,6,medium,13.02887624453265,80.23902203071017
req-1761,shelter_capacity,21,high,12.924895217485734,80.12447978173867
req-1762,generator,12,medium,12.962424163989732,80.17268408024756
req-1763,boat,15,medium,12.93856347409351,80.19445580438116
req-1764,shelter_capacity,44,critical,12.928737343176929,80.29486638161285
req-1765,shelter_capacity,44,critical,12.913716647047638,80.20835280085767
req-1766,medical_supply,22,low,12.986563845186758,80.12375355905252
req-1767,volunteer,1,critical,13.07021758063296,80.21280146375575
req-1768,volunteer,25,low,12.903008732936371,80.27980060652193
req-1769,medical_supply,49,medium,12.96141818965238,80.16152851215313
req-1770,vehicle,36,high,12.919319758247347,80.27888436789681
req-1771,shelter_capacity,49,medium,13.005591061466951,80.26961592670771
req-1772,boat,22,medium,12.97165730270615,80.29755527112063
req-1773,vehicle,34,medium,12.939431631575427,80.21525237563328
req-1774,generator,35,medium,12.90997222294328,80.22394107394211
req-1775,boat,29,high,12.940081373267379,80.27196525979406
req-1776,shelter_capacity,11,critical,13.018189520656222,80.28562507506338
req-1777,medical_supply,4,low,12.919863244141814,80.27699676620239
req-1778,generator,35,medium,13.011212320449598,80.2694165819051
req-1779,medical_supply,16,critical,13.00032871416475,80.1366103711424
req-1780,shelter_capacity,41,medium,13.07110616756235,80.16812224954376
req-1781,medical_supply,47,low,13.049122333456525,80.24252414048223
req-1782,shelter_capacity,49,medium,13.034661954991279,80.11822546829958
req-1783,shelter_capacity,7,medium,13.079546955841005,80.16710855463877
req-1784,boat,35,medium,13.081257583362534,80.12484312579427
req-1785,generator,42,high,12.920102917127512,80.17082340441206
req-1786,generator,47,low,12.965929304369723,80.22377665376614
req-1787,vehicle,18,low,12.939881795752852,80.20461973931481
req-1788,medical_supply,10,high,12.907094894981608,80.26560948219448
req-1789,vehicle,40,low,13.022253508398482,80.23719485578704
req-1790,volunteer,18,medium,12.992630945577158,80.2143930055401
req-1791,medical_supply,44,medium,12.91603170170766,80.1220459060914
req-1792,volunteer,29,medium,12.971754154324286,80.22772925549715
req-1793,medical_supply,49,medium,13.078462608234007,80.23883694467342
req-1794,medical_supply,23,critical,13.015911107138601,80.16253043972226
req-1795,volunteer,38,medium,13.018855273607635,80.16563497772778
req-1796,boat,33,medium,13.038022318301952,80.26501070368728
req-1797,medical_supply,42,low,13.058328442592515,80.1121574443381
req-1798,volunteer,35,medium,12.974507301746662,80.16263301559448
req-1799,vehicle,19,low,12.988888025769578,80.16013869423533
req-1800,vehicle,28,medium,13.013448348361159,80.18577154474407
req-1801,volunteer,43,medium,13.037478720979955,80.28327320925028
req-1802,shelter_capacity,46,critical,13.019004403376606,80.24580636829185
req-1803,shelter_capacity,32,high,13.00653078936803,80.17501767784235
req-1804,generator,9,low,13.010416294422495,80.2221420701818
req-1805,boat,50,medium,12.9586798309462,80.25499021241339
req-1806,generator,10,medium,13.06752267469091,80.23788483114929
req-1807,boat,42,medium,12.95761732821602,80.20897043262087
req-1808,shelter_capacity,2,low,12.969923918770217,80.2243554556789
req-1809,medical_supply,13,medium,12.904681553347494,80.27933692349743
req-1810,boat,25,low,13.05183828669367,80.11282803659063
req-1811,volunteer,20,high,13.032837557275027,80.25941436988816
req-1812,volunteer,33,critical,12.993571124182402,80.29186520400913
req-1813,boat,42,medium,12.946540878832785,80.25891621232243
req-1814,volunteer,37,medium,13.047415145522416,80.21492867553313
req-1815,boat,16,low,13.055031929133717,80.15895368038616
req-1816,medical_supply,8,low,12.984839003455042,80.16441184890103
req-1817,generator,11,low,12.98496519997801,80.12367076730972
req-1818,vehicle,41,low,13.050535848114244,80.2743367810711
req-1819,vehicle,7,low,12.94243578668648,80.19684099623723
req-1820,generator,21,medium,12.924561543014685,80.1520669448896
req-1821,shelter_capacity,26,medium,13.00159547857725,80.16138941205794
req-1822,shelter_capacity,15,medium,12.930556198473747,80.19759803579754
req-1823,volunteer,49,medium,13.037704475173069,80.1350986175011
req-1824,medical_supply,15,medium,12.935211851047516,80.14140516706806
req-1825,generator,19,low,13.093212188786186,80.26280082060724
req-1826,boat,46,medium,12.963814360338,80.23281190791658
req-1827,shelter_capacity,4,medium,12.969901132522631,80.26818713781526
req-1828,medical_supply,16,medium,13.047402026696199,80.27685552997309
req-1829,volunteer,29,high,13.054085064021299,80.10223955037317
req-1830,generator,16,critical,12.958314412579192,80.27049051294236
req-1831,boat,15,low,13.04431795489588,80.23893526148063
req-1832,volunteer,32,high,12.969398233431273,80.19518242220474
req-1833,vehicle,36,medium,12.936208512046651,80.20461975661165
req-1834,medical_supply,2,critical,13.053498616535501,80.16047948996273
req-1835,generator,45,medium,12.9945227358285,80.1278006354927
req-1836,vehicle,34,medium,13.086320902538274,80.22253271612395
req-1837,vehicle,34,medium,13.093211920171559,80.19886913125055
req-1838,boat,49,medium,12.95554372352488,80.29293091372263
req-1839,shelter_capacity,40,low,13.078449309818367,80.23030975992893
req-1840,generator,42,critical,12.989860465487798,80.20215783761945
req-1841,vehicle,42,critical,13.05510858014346,80.24229008833987
req-1842,boat,32,high,12.958866957170605,80.14439591490867
req-1843,vehicle,8,critical,13.0511615895927,80.22150728366987
req-1844,medical_supply,13,low,13.05319921557988,80.18730849468672
req-1845,boat,4,critical,13.022186751636362,80.20957896864988
req-1846,volunteer,42,medium,12.97528406367218,80.13050256680245
req-1847,boat,17,critical,13.04135470199273,80.17770632396854
req-1848,medical_supply,38,low,13.029321099025392,80.1840759266819
req-1849,generator,15,medium,12.916973978720977,80.26633749570107
req-1850,vehicle,39,low,12.914850855487897,80.19654166099737
req-1851,generator,10,medium,12.901665885376456,80.12867821288893
req-1852,shelter_capacity,8,medium,12.954691330814095,80.13789229208146
req-1853,volunteer,2,medium,12.910051807335375,80.23538495851943
req-1854,vehicle,41,medium,13.050109662472046,80.19685170803359
req-1855,boat,13,medium,12.905659814371777,80.28883301114968
req-1856,shelter_capacity,24,high,12.933371215250853,80.16356389522821
req-1857,medical_supply,7,medium,12.965334952274107,80.16094265534409
req-1858,volunteer,10,medium,12.908603991143035,80.11523246080074
req-1859,medical_supply,30,low,13.004678921336517,80.29201136945997
req-1860,medical_supply,34,medium,13.050559700554052,80.2245426153043
req-1861,vehicle,28,medium,13.020279366597311,80.21959340159094
req-1862,medical_supply,35,critical,12.93037192801787,80.13626803470103
req-1863,generator,26,medium,12.920245237509173,80.11617309266228
req-1864,shelter_capacity,36,critical,12.93543088074104,80.17546772950939
req-1865,medical_supply,32,medium,12.997569918883945,80.24019803822061
req-1866,vehicle,8,high,13.004237739625689,80.28391804892316
req-1867,vehicle,17,critical,13.08833800885416,80.15712317151251
req-1868,generator,4,low,13.088153879739775,80.25190964641774
req-1869,shelter_capacity,39,low,12.944918258961025,80.2896626227851
req-1870,shelter_capacity,50,medium,13.047041719251299,80.19590905032159
req-1871,boat,10,high,13.016594303327205,80.29385027729927
req-1872,volunteer,17,medium,12.976851547520868,80.18617183727748
req-1873,shelter_capacity,19,high,12.940733432600545,80.13708461380902
req-1874,medical_supply,42,high,13.052297261279387,80.1593566976246
req-1875,vehicle,26,low,13.042232487108086,80.28446059222519
req-1876,volunteer,40,low,12.933972046658225,80.27627897645286
req-1877,vehicle,7,medium,12.98006749181435,80.21652463328016
req-1878,shelter_capacity,48,high,12.972122538011424,80.26842771145458
req-1879,generator,14,medium,12.971118870531788,80.15522634969366
req-1880,boat,43,low,12.981446307937066,80.15016788865232
req-1881,boat,49,high,13.090915556410964,80.27985701994119
req-1882,medical_supply,41,low,13.020633756795787,80.11430283424734
req-1883,shelter_capacity,24,medium,12.987926336952981,80.15131961110275
req-1884,medical_supply,23,medium,12.968920700433745,80.2463288240166
req-1885,boat,13,high,13.049273687199332,80.2371816658927
req-1886,medical_supply,24,medium,12.939921291519006,80.11134122842354
req-1887,boat,24,low,12.946383813288497,80.12242359413275
req-1888,boat,39,medium,12.9208691528729,80.21317859286104
req-1889,shelter_capacity,37,medium,13.014282003490202,80.1326800200667
req-1890,volunteer,46,low,13.000346776710007,80.27875013107061
req-1891,vehicle,16,medium,12.93021737960959,80.11696070163585
req-1892,medical_supply,12,medium,12.94013324962717,80.11454164192581
req-1893,boat,1,low,12.909064091600843,80.17593761564909
req-1894,shelter_capacity,25,medium,12.937326306909387,80.27678345066096
req-1895,vehicle,44,medium,12.916934658568179,80.12304655569419
req-1896,medical_supply,21,low,13.015365054255374,80.15559838810941
req-1897,volunteer,31,medium,13.099658610890469,80.2504589253545
req-1898,generator,17,medium,12.915331521585669,80.24108796430338
req-1899,boat,48,critical,12.921135123718999,80.25980568789375
req-1900,medical_supply,45,medium,12.918706574021877,80.2929626279584
req-1901,vehicle,32,medium,12.931836168442702,80.2588317978286
req-1902,generator,28,critical,13.0119404556474,80.25406842731896
req-1903,generator,32,high,12.90746733665647,80.14369703778567
req-1904,boat,31,high,12.942788075289153,80.15367175150666
req-1905,volunteer,23,medium,12.972463579887599,80.28166292197068
req-1906,shelter_capacity,4,high,12.965204130731372,80.21714063885466
req-1907,vehicle,17,low,13.016386754843067,80.1105903128678
req-1908,shelter_capacity,39,critical,12.924171051287452,80.2326462248176
req-1909,medical_supply,36,medium,12.938901741675934,80.22294162449442
req-1910,volunteer,10,high,13.00683751362021,80.19124697091111
req-1911,shelter_capacity,24,medium,12.990025630733772,80.24076481882922
req-1912,medical_supply,33,medium,12.934413740473179,80.27240699457005
req-1913,vehicle,28,medium,12.955203018110446,80.23784088342077
req-1914,boat,16,critical,13.093290056722317,80.19412837589249
req-1915,vehicle,27,medium,12.9170913399016,80.25296421059747
req-1916,volunteer,1,high,12.925696807171846,80.2599615773975
req-1917,boat,34,high,13.085954230681313,80.22174759594958
req-1918,generator,1,critical,13.097222806025938,80.12982256802336
req-1919,generator,1,medium,13.07790862170752,80.29719300584591
req-1920,generator,39,low,13.072018598016669,80.17451443077839
req-1921,medical_supply,26,critical,13.02979891084724,80.25621755807062
req-1922,vehicle,41,high,13.012504636326813,80.26067876388493
req-1923,vehicle,8,medium,13.050918318309211,80.17346155148414
req-1924,generator,22,high,13.070135693364797,80.11068944119465
req-1925,vehicle,48,high,13.094815920106633,80.29128473944974
req-1926,generator,49,low,13.04012212089196,80.17794736974703
req-1927,shelter_capacity,30,low,13.072556599148042,80.1709152891408
req-1928,volunteer,4,medium,13.049180386540318,80.25892612609542
req-1929,vehicle,3,medium,12.97189878656081,80.176788541299
req-1930,medical_supply,22,low,12.95458794080003,80.14840287213529
req-1931,vehicle,8,medium,13.015562724071136,80.16442818026225
req-1932,shelter_capacity,6,low,12.913268729156796,80.10276074248256
req-1933,shelter_capacity,9,critical,13.039264324192228,80.10237931083041
req-1934,boat,21,critical,13.068017197835545,80.12964702570018
req-1935,generator,42,low,13.05995202300653,80.11216171859692
req-1936,boat,17,medium,12.991822802896921,80.12252968446072
req-1937,medical_supply,7,medium,13.078039088615407,80.22308981716196
req-1938,medical_supply,37,low,12.979837755934657,80.12487725373998
req-1939,volunteer,39,medium,13.088954636969337,80.16236380228935
req-1940,generator,15,medium,13.033198156052267,80.1556533472597
req-1941,vehicle,18,high,12.921678020697316,80.12745634942367
req-1942,volunteer,8,medium,12.973599133702667,80.14866624851318
req-1943,shelter_capacity,16,medium,12.983298507076784,80.17458184789581
req-1944,generator,47,medium,13.064996317509614,80.23423138919406
req-1945,boat,23,low,13.084905521132386,80.1745146467924
req-1946,vehicle,11,low,13.066482463677657,80.24275153256899
req-1947,shelter_capacity,8,high,13.099075150596061,80.13087852347665
req-1948,generator,18,low,12.960438119481717,80.16007179274382
req-1949,medical_supply,41,high,13.096094108235102,80.12412507459263
req-1950,generator,1,high,12.948250666618966,80.27690970214887
req-1951,generator,15,medium,13.037637213968441,80.21780868814608
req-1952,shelter_capacity,26,critical,12.983695426059715,80.2892156215117
req-1953,medical_supply,17,high,13.065007077707882,80.22029392376224
req-1954,vehicle,4,critical,12.98255669748756,80.23495300125852
req-1955,generator,13,medium,12.936501628018613,80.24896892395202
req-1956,volunteer,23,medium,13.027400030211911,80.11573230166576
req-1957,generator,41,critical,12.998902420241407,80.20902192041328
req-1958,boat,20,medium,12.926791030729834,80.25187255657174
req-1959,generator,20,medium,13.066585591372512,80.25654126070012
req-1960,shelter_capacity,27,critical,12.938040151310114,80.15051029117278
req-1961,shelter_capacity,45,low,12.93308666422884,80.24879877171671
req-1962,shelter_capacity,13,medium,12.952268835912058,80.14465890162474
req-1963,boat,50,low,13.009596333181172,80.15942423255704
req-1964,vehicle,15,high,12.941513545640314,80.24751351574584
req-1965,volunteer,30,medium,13.048268896359064,80.1083416587821
req-1966,generator,38,high,12.997497640557382,80.1151604355392
req-1967,medical_supply,5,critical,12.945812257079114,80.24980073619483
req-1968,boat,8,low,13.010612987071294,80.15361243868371
req-1969,generator,19,medium,12.934874102333703,80.29596316229711
req-1970,boat,25,low,12.923210689488233,80.18882295237127
req-1971,volunteer,1,medium,13.005748103390522,80.25060233094045
req-1972,generator,39,medium,13.05673970340934,80.29824531036522
req-1973,volunteer,8,critical,13.055916955741456,80.2705833130851
req-1974,generator,13,medium,13.03304693566947,80.19636497317194
req-1975,vehicle,32,high,13.096187204660177,80.1301993790445
req-1976,medical_supply,15,low,12.995329831312953,80.28923870100748
req-1977,vehicle,33,medium,12.946351330916116,80.13053415695757
req-1978,shelter_capacity,47,medium,12.91837030980925,80.25573994534531
req-1979,volunteer,5,medium,12.91302394464391,80.16416231711696
req-1980,volunteer,20,critical,13.001510646148445,80.1425732656013
req-1981,volunteer,46,medium,13.008386122418923,80.16278805451245
req-1982,vehicle,1,medium,13.083074708732985,80.15211989608156
req-1983,medical_supply,46,medium,12.952801359878281,80.26693912302541
req-1984,shelter_capacity,9,medium,12.905270161232522,80.26880104904416
req-1985,volunteer,28,medium,13.006743185362,80.18940154424695
req-1986,shelter_capacity,14,high,13.04850679609052,80.10199883873817
req-1987,vehicle,40,medium,12.948317088070482,80.13857780689038
req-1988,vehicle,42,medium,12.91353737753225,80.20064999704925
req-1989,vehicle,44,low,12.981983719299123,80.12149160729965
req-1990,shelter_capacity,1,low,13.008419001892923,80.27755665577496
req-1991,medical_supply,11,critical,13.06148358195509,80.27440793155941
req-1992,shelter_capacity,14,high,12.976026425833558,80.17196669205677
req-1993,generator,15,high,12.920500762494628,80.26288804650733
req-1994,vehicle,6,medium,13.006174819757353,80.25436969816917
req-1995,medical_supply,21,high,13.04638874174049,80.13098434703008
req-1996,generator,34,critical,12.948081699943076,80.25031859116201
req-1997,shelter_capacity,24,high,12.99083309380412,80.14114215635688
req-1998,volunteer,3,high,12.912976357526613,80.21696054020641
req-1999,generator,36,medium,13.035577427476513,80.29716506765992
req-2000,shelter_capacity,6,high,12.979754347813873,80.18330199097092
req-2001,shelter_capacity,28,high,13.047174233381458,80.28803414755873
req-2002,medical_supply,23,medium,13.079770467723856,80.18419572072868
req-2003,shelter_capacity,17,medium,13.041494335507984,80.10555601672147
req-2004,medical_supply,31,high,12.938889501325784,80.25394226464712
req-2005,generator,50,medium,13.098561067468113,80.28241570768094
req-2006,medical_supply,44,medium,13.022935671090067,80.2174848519453
req-2007,vehicle,16,medium,12.903388801278979,80.22227346291184
req-2008,vehicle,29,medium,13.070231642996465,80.16198664903997
req-2009,generator,33,low,13.05228675225307,80.20324467323232
req-2010,shelter_capacity,12,high,12.946902050532438,80.29999255993644
req-2011,generator,6,medium,12.902840224534676,80.2485809917855
req-2012,vehicle,41,medium,13.070102241371709,80.21707607764705
req-2013,shelter_capacity,36,medium,12.962801465844409,80.1586759947544
req-2014,medical_supply,14,low,13.055900708507254,80.25088734032911
req-2015,vehicle,46,low,13.084807561327215,80.11424186391037
req-2016,vehicle,49,low,13.05300068635202,80.29339137262753
req-2017,generator,26,high,13.036085890144493,80.12468474544264
req-2018,generator,36,low,13.050952537795943,80.24316298152597
req-2019,shelter_capacity,48,medium,12.95366213058819,80.18942976355164
req-2020,boat,14,medium,12.977587534997513,80.22999605191248
req-2021,boat,22,critical,13.02423428194985,80.1561132829363
req-2022,medical_supply,26,medium,12.922261089039326,80.2127431434131
req-2023,shelter_capacity,36,medium,12.945477161265943,80.26527675825426
req-2024,vehicle,49,high,13.002494264792174,80.1996978393748
req-2025,generator,16,critical,13.023850271687914,80.2708851115762
req-2026,vehicle,39,low,13.001760202686954,80.11308091449283
req-2027,volunteer,32,medium,13.071823340099812,80.16210801238262
req-2028,boat,25,medium,13.095774242557487,80.28481942487333
req-2029,generator,22,medium,13.012118181439133,80.29861928636521
req-2030,volunteer,32,medium,13.03997284443639,80.18775639392038
req-2031,volunteer,4,low,12.970118506913805,80.16953737433367
req-2032,medical_supply,44,medium,13.075824551107637,80.12164727957745
req-2033,shelter_capacity,37,high,13.097955790707418,80.10854302892142
req-2034,shelter_capacity,17,low,13.081691119718833,80.2655653486322
req-2035,boat,44,high,12.934854666451525,80.26770540696963
req-2036,generator,42,high,13.068316956787678,80.27658745816694
req-2037,volunteer,43,low,12.986168244332315,80.21641231228942
req-2038,vehicle,11,critical,12.94502896058557,80.1794327180306
req-2039,volunteer,4,medium,13.095473394766804,80.17076392203388
req-2040,volunteer,50,medium,12.950997815784522,80.15749953163903
req-2041,boat,37,medium,13.035618639886723,80.12057467873409
req-2042,volunteer,43,medium,12.971359598615209,80.24311651741408
req-2043,volunteer,10,low,13.015215837814054,80.24052992137408
req-2044,generator,42,low,13.061262177009613,80.27073436541308
req-2045,volunteer,37,high,12.902816995948209,80.21381750854789
req-2046,vehicle,5,high,12.93522565667142,80.24366355298287
req-2047,shelter_capacity,49,high,13.084515259724414,80.19333629143375
req-2048,volunteer,23,critical,13.028316351976187,80.16224852837892
req-2049,medical_supply,37,medium,12.924646430818285,80.25131659208144
req-2050,generator,32,critical,12.942590420599062,80.21067402310057
req-2051,volunteer,41,medium,13.028896551986008,80.16169162543778
req-2052,boat,38,low,12.91324259576252,80.29568811928583
req-2053,vehicle,24,low,12.963237959442466,80.1021122812519
req-2054,generator,11,medium,12.910435329634973,80.25662393880808
req-2055,medical_supply,2,low,12.933458184439653,80.14204890156259
req-2056,generator,9,medium,12.984230574975424,80.15585277545723
req-2057,generator,38,medium,12.973344124829282,80.24523925613492
req-2058,vehicle,32,high,12.93817039754717,80.18866402143814
req-2059,vehicle,20,medium,13.081500652765454,80.16427026538284
req-2060,shelter_capacity,25,critical,12.981876914077954,80.23702160122417
req-2061,vehicle,17,medium,12.919851497877048,80.16895036492446
req-2062,shelter_capacity,10,high,13.072016162093504,80.27889449002754
req-2063,generator,50,medium,13.047514594063205,80.2459080496417
req-2064,shelter_capacity,40,high,13.07459434539831,80.2466978878484
req-2065,shelter_capacity,32,low,13.093833116659134,80.27801364475697
req-2066,medical_supply,1,high,12.901845983960582,80.18101646765143
req-2067,boat,17,medium,13.080278648856885,80.1941323096926
req-2068,volunteer,11,high,12.953181416546697,80.2754654270227
req-2069,vehicle,3,medium,13.054707837935302,80.12027773100097
req-2070,shelter_capacity,41,medium,13.044797043228286,80.2292995377532
req-2071,generator,41,medium,12.999691379815307,80.28363081892805
req-2072,vehicle,36,medium,13.06744637967024,80.26748072657212
req-2073,shelter_capacity,33,medium,12.951105061551493,80.14284839228506
req-2074,generator,12,low,13.077586974756265,80.29921318217713
req-2075,vehicle,28,medium,12.986932238282092,80.19284397592125
req-2076,boat,40,medium,13.025968799990233,80.25235541120576
req-2077,generator,13,low,12.93364083475667,80.112600436167
req-2078,medical_supply,9,critical,13.054877928649288,80.22555275051337
req-2079,shelter_capacity,37,medium,13.026531024242866,80.1873236267229
req-2080,vehicle,16,low,13.004768153083933,80.1133612949061
req-2081,shelter_capacity,19,high,13.080782330012365,80.27659478887088
req-2082,medical_supply,35,high,12.911748193924005,80.1112621640231
req-2083,generator,17,critical,12.92636838361422,80.24914430753257
req-2084,shelter_capacity,32,medium,13.00435120440138,80.21180696687823
req-2085,medical_supply,1,low,13.091866496192504,80.11990648666188
req-2086,medical_supply,43,low,12.911709100665485,80.18785880241036
req-2087,generator,10,low,12.958314272502854,80.12834996770893
req-2088,generator,34,high,12.98144026788319,80.2633226821958
req-2089,shelter_capacity,16,low,12.95633083567216,80.2878534720798
req-2090,generator,27,medium,13.04597228916987,80.10445060076846
req-2091,volunteer,31,medium,12.968577335701145,80.19664034000529
req-2092,vehicle,42,high,13.067448907212679,80.22710250868316
req-2093,shelter_capacity,13,medium,13.048842223447553,80.21552965197334
req-2094,medical_supply,4,medium,12.955894270951086,80.26613527516632
req-2095,boat,42,critical,13.036931697074644,80.14358127390933
req-2096,medical_supply,2,high,13.077901009039634,80.2099740493782
req-2097,vehicle,12,high,12.99340447034904,80.19413067577726
req-2098,vehicle,1,medium,12.99372223158596,80.28681329565582
req-2099,shelter_capacity,21,medium,13.098046535114165,80.15488604748658
req-2100,generator,15,medium,13.016593313070166,80.11309755022477
req-2101,generator,50,low,13.094748350167194,80.2138311087086
req-2102,medical_supply,35,medium,12.926745799455865,80.13135220191005
req-2103,volunteer,46,medium,13.010597737985997,80.17009937766541
req-2104,generator,43,medium,13.091923006276422,80.11655251397832
req-2105,vehicle,20,medium,12.997739304776704,80.18650533023062
req-2106,vehicle,15,medium,13.065900055777517,80.16162476689409
req-2107,boat,33,critical,12.935491881148051,80.2412206450148
req-2108,volunteer,1,medium,13.062521923166287,80.15245404784858
req-2109,shelter_capacity,44,high,13.040295093842104,80.20480534691563
req-2110,vehicle,6,medium,12.964977320614414,80.21632514559066
req-2111,generator,7,medium,12.968011828291067,80.29719943279046
req-2112,vehicle,17,medium,13.08154082032994,80.25433194683232
req-2113,shelter_capacity,20,medium,12.940550167644117,80.29870524927527
req-2114,shelter_capacity,3,medium,13.001977202606971,80.1905622037814
req-2115,generator,50,medium,13.02002678813596,80.20783137842972
req-2116,volunteer,37,high,13.037899714760528,80.229875060634
req-2117,volunteer,35,medium,12.964471484200873,80.2390241993895
req-2118,medical_supply,32,medium,12.982796556661198,80.11448896770125
req-2119,medical_supply,10,medium,13.071160759007853,80.23672893529798
req-2120,medical_supply,15,critical,12.992960761074094,80.11264098665379
req-2121,medical_supply,25,low,13.02839424670324,80.23745299491834
req-2122,shelter_capacity,44,medium,12.927782602373986,80.1824017079673
req-2123,medical_supply,26,medium,13.094211114303254,80.24755717530654
req-2124,volunteer,28,medium,12.991961304349193,80.29882798207682
req-2125,boat,47,low,13.036467447599662,80.12758240932622
req-2126,medical_supply,16,low,12.930896689325143,80.24834706128946
req-2127,vehicle,25,medium,12.962957776574683,80.15090964621939
req-2128,medical_supply,46,high,12.923144666449788,80.22663018667188
req-2129,volunteer,41,critical,13.084086368749364,80.1440289435125
req-2130,boat,1,medium,12.979595193437309,80.18664664812088
req-2131,generator,18,medium,13.052168539158671,80.22975445087337
req-2132,generator,30,low,12.992232942459891,80.17464912434855
req-2133,medical_supply,36,medium,13.089192935692347,80.29296579827164
req-2134,vehicle,38,critical,13.07854266514684,80.25800244785437
req-2135,generator,5,medium,13.000769733659096,80.12699282147143
req-2136,volunteer,30,medium,12.960712893723302,80.1768821820889
req-2137,vehicle,3,medium,12.936069820888818,80.20252250806844
req-2138,vehicle,40,medium,12.912781265149766,80.25561382689611
req-2139,medical_supply,36,medium,12.941925839043837,80.12380915268957
req-2140,generator,12,medium,12.986288824662772,80.25976622920675
req-2141,boat,45,high,13.003117816480176,80.25351046180457
req-2142,boat,7,high,12.982925674981516,80.26970278557928
req-2143,shelter_capacity,39,medium,12.97013565498691,80.13253575749691
req-2144,generator,38,high,12.985183150275931,80.11907744843981
req-2145,vehicle,14,medium,13.04765186614052,80.16383421951855
req-2146,volunteer,15,low,13.086146022435381,80.22841422053013
req-2147,volunteer,23,low,12.927706921372272,80.15741337635707
req-2148,boat,28,medium,12.981869197202773,80.2077698745571
req-2149,volunteer,4,high,12.941315169131718,80.13650211294046
req-2150,boat,3,medium,13.041084008323756,80.22476024984188
req-2151,medical_supply,21,high,13.083433272365601,80.24097399648774
req-2152,medical_supply,39,medium,12.924366183394733,80.16570122405297
req-2153,generator,15,high,12.917708700659384,80.2822351521757
req-2154,generator,31,high,13.02977949848436,80.18000061997085
req-2155,generator,23,high,12.979864061413117,80.16624291046438
req-2156,generator,11,low,13.053906038214938,80.19514913109487
req-2157,vehicle,24,medium,13.001059605697433,80.1557289561993
req-2158,shelter_capacity,26,medium,12.955105229265456,80.23888645177612
req-2159,medical_supply,2,low,13.094298535788493,80.26977123712261
req-2160,medical_supply,33,medium,13.04135666101582,80.11560799128505
req-2161,vehicle,32,high,12.921944107826196,80.2057968802547
req-2162,shelter_capacity,26,medium,12.93339119875246,80.26497916847795
req-2163,shelter_capacity,23,medium,13.089540366693932,80.12665891539739
req-2164,generator,31,medium,12.908524738482729,80.2073013187276
req-2165,boat,49,medium,13.000480433682677,80.12115546338178
req-2166,medical_supply,31,medium,12.99403412490058,80.29668633527812
req-2167,shelter_capacity,3,medium,13.004156501019965,80.10339913975746
req-2168,generator,36,medium,12.900201017070597,80.11375031465145
req-2169,vehicle,39,medium,13.085707811779983,80.11866376906447
req-2170,vehicle,12,medium,13.04764900041233,80.2434367989525
req-2171,generator,25,high,12.911132291650864,80.1497927127972
req-2172,shelter_capacity,7,low,12.9451625463487,80.15630070388315
req-2173,generator,40,medium,13.049521537917506,80.28682530105648
req-2174,boat,25,low,12.923843063697255,80.18412994485325
req-2175,generator,34,medium,12.90258033881012,80.13190170131948
req-2176,shelter_capacity,27,medium,12.935815032552263,80.17135631448551
req-2177,vehicle,33,high,13.03148527056794,80.19686912945575
req-2178,generator,3,medium,13.023136975517291,80.25651457439662
req-2179,medical_supply,35,low,12.946019863911994,80.15652234302777
req-2180,vehicle,34,high,12.970587744433317,80.1586832086813
req-2181,shelter_capacity,41,high,12.911579731193994,80.2764977787211
req-2182,shelter_capacity,32,low,13.00621101115569,80.11798761856522
req-2183,shelter_capacity,19,critical,13.006547737921485,80.23145858249963
req-2184,generator,4,medium,12.97894241407366,80.2212053608525
req-2185,vehicle,14,low,12.98931992665483,80.19991843399013
req-2186,medical_supply,28,medium,13.00309491296352,80.22564575568732
req-2187,boat,39,medium,12.99085819052816,80.24692102717954
req-2188,vehicle,6,high,12.950555116474925,80.21683294956881
req-2189,shelter_capacity,47,critical,12.917523569662421,80.1055091364587
req-2190,vehicle,14,high,13.02892226166854,80.1314503057931
req-2191,shelter_capacity,9,medium,13.028353523597398,80.12553515173451
req-2192,boat,25,medium,13.041603811431871,80.22075205840513
req-2193,generator,40,medium,13.083241657827914,80.1217249064369
req-2194,boat,12,low,13.071518638914663,80.28952700718764
req-2195,boat,49,high,13.076955253249542,80.16579850895269
req-2196,boat,9,medium,12.910438885777548,80.17952741736933
req-2197,shelter_capacity,36,high,12.968727564120448,80.29896269081054
req-2198,boat,45,low,13.072792535956092,80.12435479538249
req-2199,shelter_capacity,6,medium,12.938810200872636,80.18426860196463
req-2200,boat,49,medium,12.995135160269633,80.19001366956586
req-2201,shelter_capacity,40,low,12.909454670677738,80.1186303851544
req-2202,generator,26,critical,12.936106514959006,80.13973585537134
req-2203,boat,7,medium,13.011894350102317,80.15721415277456
req-2204,generator,36,medium,12.925831772391566,80.25228082218672
req-2205,medical_supply,39,medium,13.070700464005816,80.1723870788048
req-2206,volunteer,6,medium,13.000173714156832,80.29269589699719
req-2207,boat,22,low,13.023972627268684,80.19971890336726
req-2208,shelter_capacity,39,medium,13.02927381776375,80.23862005707866
req-2209,medical_supply,42,high,13.093522022111085,80.24166180839657
req-2210,medical_supply,22,low,13.081044272587508,80.28189693165517
req-2211,generator,42,medium,12.986042049364132,80.214960794438
req-2212,shelter_capacity,19,low,12.949666824522186,80.16199147081652
req-2213,boat,22,low,12.912109129399692,80.23224800935996
req-2214,boat,12,medium,13.003250645955797,80.22769207580714
req-2215,vehicle,35,medium,13.034888656775935,80.29748116238437
req-2216,generator,28,medium,13.033602322450967,80.1956079667107
req-2217,volunteer,42,high,13.014835581677128,80.21125472455631
req-2218,shelter_capacity,32,medium,12.913448595174886,80.18810406421707
req-2219,vehicle,31,low,13.02490956047727,80.17724352280159
req-2220,medical_supply,46,high,13.08724302629779,80.21998255755612
req-2221,medical_supply,48,high,13.013210274107456,80.21696680509044
req-2222,volunteer,24,medium,13.044027212893626,80.19616226169211
req-2223,generator,31,medium,13.07319283420777,80.2251143993452
req-2224,generator,44,high,13.051718089132239,80.1412092008116
req-2225,boat,30,medium,12.96258280866448,80.12855142169211
req-2226,medical_supply,30,medium,12.950438234413605,80.1179044668185
req-2227,volunteer,31,low,12.978251772267747,80.27658926834421
req-2228,vehicle,40,low,13.063415646082264,80.11537005113215
req-2229,shelter_capacity,13,medium,12.939063395503224,80.16227133531277
req-2230,volunteer,44,low,13.037769063137223,80.25835616231596
req-2231,vehicle,10,low,12.99838762318563,80.18862661596206
req-2232,boat,50,medium,12.908412241289556,80.26980949536984
req-2233,shelter_capacity,47,medium,12.986366979780378,80.1712399320521
req-2234,generator,21,high,12.928678141220498,80.10544415667756
req-2235,boat,32,medium,12.90901644771468,80.22609357919352
req-2236,boat,24,low,12.984229266755401,80.20091764034082
req-2237,generator,15,high,13.087516385562248,80.23761561519984
req-2238,vehicle,22,medium,13.006074735591591,80.15152363138463
req-2239,volunteer,47,medium,12.946073766086911,80.29364662291894
req-2240,volunteer,11,medium,13.092712952179562,80.20757507941626
req-2241,volunteer,28,medium,13.061711512686612,80.18224906633378
req-2242,boat,7,medium,13.003111891918408,80.17361890272952
req-2243,boat,18,low,12.939234691374264,80.1382460915399
req-2244,vehicle,49,high,12.924943693155557,80.28853593267776
req-2245,boat,25,high,12.921708686612806,80.12389198036557
req-2246,volunteer,13,medium,13.021758707602062,80.23594172943179
req-2247,medical_supply,32,low,13.077000642552246,80.2652962256126
req-2248,medical_supply,5,high,12.959322943945937,80.27553707653912
req-2249,medical_supply,16,low,13.099764721751333,80.24174331655855
req-2250,volunteer,48,high,13.00153797628411,80.15376703092105
req-2251,generator,45,medium,12.908966237051766,80.23671858492385
req-2252,generator,48,medium,13.018654733378312,80.18220381795831
req-2253,volunteer,49,low,12.923413339947077,80.17564444505975
req-2254,vehicle,36,medium,13.079808812524579,80.15057012783706
req-2255,generator,21,medium,13.073462740962912,80.16384966960817
req-2256,volunteer,31,critical,12.9993077535992,80.23557661443823
req-2257,medical_supply,15,medium,13.05097735005757,80.13119809894778
req-2258,generator,29,medium,12.959072420445183,80.11191817491115
req-2259,vehicle,16,medium,12.939773604475931,80.24233443835324
req-2260,boat,47,high,12.937983589853784,80.1928059590754
req-2261,boat,49,low,12.937960413215375,80.20335977235236
req-2262,generator,38,high,12.936844622590263,80.11963136381337
req-2263,boat,44,medium,12.970322324626785,80.11317191484116
req-2264,boat,16,low,13.059782691899425,80.21260525163368
req-2265,shelter_capacity,12,medium,12.985450174707646,80.2747916267475
req-2266,vehicle,31,medium,13.077143125033235,80.14778888148702
req-2267,volunteer,47,high,12.90266723676136,80.1328841611507
req-2268,boat,16,medium,13.030496909995891,80.19219123584392
req-2269,generator,6,low,12.921207921679374,80.11913702436146
req-2270,vehicle,39,medium,13.047973152951386,80.23256860956388
req-2271,vehicle,1,low,12.994260316861418,80.20326748703722
req-2272,generator,43,high,13.055583084108719,80.17759301298968
req-2273,generator,20,critical,13.029456774349583,80.25303306257024
req-2274,vehicle,24,medium,13.046861195290779,80.16687065455113
req-2275,volunteer,50,medium,13.07778209203389,80.28530570608939
req-2276,generator,13,high,13.096824207907899,80.2988225896556
req-2277,vehicle,19,critical,12.994550539580308,80.2617170871746
req-2278,boat,6,medium,12.992572939092186,80.28558603446638
req-2279,generator,40,medium,12.946085938402545,80.13883674808305
req-2280,boat,50,low,12.950974039283356,80.29238361893104
req-2281,shelter_capacity,46,medium,13.074051243382028,80.26579502145854
req-2282,medical_supply,28,medium,13.017546332724402,80.29836036340598
req-2283,medical_supply,43,medium,13.024478808304018,80.19680139289791
req-2284,boat,42,medium,13.032324716762,80.19117038150827
req-2285,boat,33,medium,13.081169539911409,80.29774536737203
req-2286,shelter_capacity,20,high,13.044028676632927,80.16357086220232
req-2287,medical_supply,43,critical,13.083485429764995,80.27831073606043
req-2288,generator,15,medium,12.923335220633685,80.17945777373407
req-2289,volunteer,20,low,12.97609698674185,80.27499657566653
req-2290,volunteer,31,medium,12.943444464335807,80.28479610098036
req-2291,volunteer,45,critical,12.943489110523716,80.180061922429
req-2292,boat,33,medium,12.903431875828911,80.25406792890648
req-2293,volunteer,23,high,13.055048154532612,80.16492532791582
req-2294,shelter_capacity,48,medium,13.093081435880748,80.1616482731399
req-2295,medical_supply,20,low,13.017986157545216,80.20132862152654
req-2296,volunteer,38,medium,12.953407018251083,80.24808542161844
req-2297,vehicle,33,medium,12.98548860824008,80.14945424892919
req-2298,vehicle,32,high,13.021365680548538,80.26219962469108
req-2299,boat,36,medium,13.090412786296223,80.22947214629446
req-2300,vehicle,37,low,13.068835646919919,80.19727967720472
req-2301,vehicle,16,medium,12.975171969694502,80.2635315754473
req-2302,vehicle,31,low,13.081332568164434,80.28966318583112
req-2303,shelter_capacity,15,high,12.995356157401288,80.12084064251533
req-2304,vehicle,36,low,13.035649428322074,80.20423642978248
req-2305,generator,26,medium,12.941909277269074,80.16229890157278
req-2306,generator,14,low,13.060010569928991,80.10364910373924
req-2307,generator,31,medium,13.023570801507862,80.26318253871025
req-2308,vehicle,5,medium,12.936870109660363,80.19390956309668
req-2309,generator,17,low,13.020451461809992,80.28466678812377
req-2310,boat,29,low,12.969452789123217,80.16460923310504
req-2311,vehicle,11,critical,12.901777087003762,80.24298247135357
req-2312,shelter_capacity,48,medium,12.902021884603176,80.27615161706176
req-2313,generator,10,medium,12.989377795044216,80.14878718800571
req-2314,vehicle,4,high,13.030306723405856,80.12747618218057
req-2315,vehicle,32,low,12.92377106638344,80.29050375910334
req-2316,medical_supply,12,medium,12.935468448828177,80.12878722588783
req-2317,generator,14,high,12.903986831090018,80.2418265142623
req-2318,boat,23,low,13.078705609434722,80.1406548360498
req-2319,shelter_capacity,9,high,13.010674468013832,80.22992665846982
req-2320,generator,12,medium,13.09579642768915,80.10126700683556
req-2321,volunteer,20,low,12.906958270278283,80.1721977790079
req-2322,volunteer,49,medium,12.985590302679677,80.15789291249563
req-2323,boat,19,critical,12.974979430039063,80.25282536525074
req-2324,shelter_capacity,7,low,12.981447273917343,80.26636669049175
req-2325,generator,29,medium,12.934949399402633,80.28890058954681
req-2326,generator,10,high,13.084599538386163,80.22525818144918
req-2327,shelter_capacity,38,low,12.944912606954054,80.21200333583211
req-2328,volunteer,50,high,12.983547315603644,80.295163046774
req-2329,medical_supply,15,medium,13.029432009088467,80.19036548003017
req-2330,generator,13,medium,13.041602056823166,80.17955613641774
req-2331,generator,21,critical,13.070878805103371,80.15594723502265
req-2332,medical_supply,23,medium,13.08076185251239,80.27865982617321
req-2333,shelter_capacity,8,low,13.069298912680736,80.11045896849029
req-2334,generator,40,medium,13.009649510712453,80.26532170275331
req-2335,shelter_capacity,27,low,12.95903684548523,80.22785847690145
req-2336,vehicle,4,medium,13.019077837805852,80.13571648292813
req-2337,vehicle,43,high,12.969516961758544,80.24445336826024
req-2338,generator,46,medium,12.937025922178838,80.10241354019875
req-2339,boat,39,medium,12.908437158816392,80.22561964103178
req-2340,boat,25,critical,13.04388160620906,80.29291821324756
req-2341,medical_supply,34,medium,12.9124432342965,80.21282764334391
req-2342,shelter_capacity,26,critical,12.991454196200301,80.24029483476265
req-2343,vehicle,10,medium,13.062471329985303,80.2868777145964
req-2344,volunteer,8,medium,13.089920649709223,80.14326424521818
req-2345,vehicle,50,low,13.027986864824925,80.24332191506045
req-2346,medical_supply,6,medium,12.99132761972037,80.14322555415424
req-2347,generator,43,low,12.988905235071442,80.23173321178069
req-2348,volunteer,14,critical,13.092484767918364,80.17906256614972
req-2349,vehicle,40,medium,12.955030865157253,80.15984998706618
req-2350,shelter_capacity,19,medium,12.995418301064676,80.21689749564744
req-2351,shelter_capacity,6,critical,12.925539747246791,80.22146393406054
req-2352,boat,49,low,12.986989739394886,80.22283058823527
req-2353,shelter_capacity,42,medium,13.086551294346505,80.16031269795995
req-2354,shelter_capacity,17,critical,13.027970322833358,80.25443940656076
req-2355,boat,42,high,12.913373435239905,80.28628170797003
req-2356,vehicle,34,high,13.074671334550533,80.20282243206702
req-2357,vehicle,32,medium,13.091946883826427,80.25849170079024
req-2358,generator,48,critical,12.91091366679942,80.28167211464103
req-2359,volunteer,10,medium,13.02602688909563,80.1078160088371
req-2360,volunteer,49,critical,12.932238016394283,80.2754182714253
req-2361,volunteer,4,high,12.983990339315081,80.1240068941511
req-2362,vehicle,3,low,13.09927454382782,80.26336995783079
req-2363,volunteer,29,high,12.927751014320519,80.12567210463699
req-2364,boat,48,medium,12.92197688449425,80.17591292413455
req-2365,generator,26,medium,12.985902234002458,80.18299454982827
req-2366,boat,42,medium,13.02912706979367,80.28748415538004
req-2367,vehicle,29,critical,12.926471439044178,80.2649670189926
req-2368,generator,42,medium,13.092979551289122,80.13003263313588
req-2369,medical_supply,15,medium,13.00478265560319,80.28679549701195
req-2370,medical_supply,44,medium,13.063078456410564,80.27992851430527
req-2371,volunteer,49,medium,13.043781947424621,80.1609254176895
req-2372,boat,23,high,13.036579603723649,80.1353645631769
req-2373,medical_supply,36,medium,12.913370758816596,80.17887837289527
req-2374,shelter_capacity,34,low,12.968566303428839,80.2505211949522
req-2375,volunteer,42,medium,12.990408182642884,80.27601296654676
req-2376,generator,32,high,13.09089679514842,80.14621857301901
req-2377,shelter_capacity,23,high,13.032943070893364,80.19592521892298
req-2378,vehicle,12,medium,13.053657694568926,80.23442956654144
req-2379,volunteer,44,medium,13.068214214836047,80.20216615377744
req-2380,generator,46,medium,12.93568493510269,80.14461204964576
req-2381,generator,25,medium,12.997281057437851,80.23530675961823
req-2382,generator,40,medium,12.999134878994736,80.17536894531312
req-2383,volunteer,2,low,13.085695498853234,80.26680360519904
req-2384,boat,12,medium,13.083749944905863,80.23951176172174
req-2385,medical_supply,34,medium,12.994260805132066,80.17884639341858
req-2386,shelter_capacity,33,medium,13.081942673837668,80.17946332654208
req-2387,volunteer,39,medium,13.044876010710281,80.25267895572563
req-2388,boat,48,high,12.915120274331633,80.14466050761293
req-2389,medical_supply,1,low,12.977317482601967,80.2320532696282
req-2390,generator,36,medium,13.020831692754909,80.12869396857532
req-2391,medical_supply,10,medium,13.007827127518619,80.24267794236083
req-2392,medical_supply,20,medium,12.925338082295736,80.16620742176552
req-2393,vehicle,29,critical,13.091543794502966,80.11076876429107
req-2394,shelter_capacity,5,low,12.97252418232976,80.19793913092771
req-2395,medical_supply,18,high,13.028007223971656,80.21066308541162
req-2396,vehicle,42,medium,12.917838972971872,80.15267248570026
req-2397,shelter_capacity,29,high,12.917557663525324,80.1565091350213
req-2398,generator,13,medium,12.927657531045536,80.10234504745452
req-2399,generator,30,medium,13.04431361410948,80.16144634918368
req-2400,shelter_capacity,49,medium,12.922978958375277,80.27258455386043
req-2401,boat,48,critical,13.060199363288156,80.16721023141478
req-2402,medical_supply,24,medium,12.90878184283962,80.16767075502322
req-2403,generator,41,medium,13.095468489300679,80.12883549934212
req-2404,boat,26,medium,13.089362544113689,80.2111476758999
req-2405,boat,3,medium,12.977955891407085,80.12160068083917
req-2406,shelter_capacity,39,medium,13.068088359365866,80.13341127888657
req-2407,medical_supply,3,medium,13.033363211665904,80.29447900864515
req-2408,volunteer,29,low,13.021013772234815,80.26333395143256
req-2409,medical_supply,45,medium,12.974591269265538,80.26174056065969
req-2410,boat,28,medium,12.920518083619955,80.10180330692519
req-2411,medical_supply,10,low,12.994846198014562,80.26244939875103
req-2412,shelter_capacity,48,high,12.904233554337488,80.23278383673365
req-2413,medical_supply,32,medium,12.982077010493228,80.11331772402332
req-2414,shelter_capacity,46,medium,13.039792621996497,80.18677592358011
req-2415,boat,24,medium,12.920563946423949,80.10829145185033
req-2416,shelter_capacity,16,critical,12.936734940767348,80.19511279150858
req-2417,shelter_capacity,10,critical,12.946961668196739,80.17715712327106
req-2418,shelter_capacity,24,high,13.050251734812209,80.25306910602643
req-2419,vehicle,47,medium,12.915598547401052,80.11149870072435
req-2420,vehicle,22,low,13.0626207953922,80.16250487668289
req-2421,boat,50,high,13.061888986561787,80.11074330641598
req-2422,volunteer,17,medium,13.011168613710776,80.12467382875404
req-2423,medical_supply,33,high,13.07345253559301,80.21015292807375
req-2424,medical_supply,48,medium,12.973000604240227,80.22493211370504
req-2425,volunteer,22,low,13.022793955019093,80.28650782590118
req-2426,shelter_capacity,24,high,13.00113948973905,80.10689866712389
req-2427,medical_supply,29,low,12.939268059816122,80.13535672608701
req-2428,shelter_capacity,22,medium,12.987205544011585,80.17221801425016
req-2429,boat,10,critical,12.90753491710304,80.17932905816365
req-2430,generator,19,high,13.020243880307067,80.27718989867084
req-2431,boat,40,medium,13.080554531249533,80.17705225280932
req-2432,volunteer,29,medium,12.929394923708255,80.14347592623909
req-2433,shelter_capacity,32,high,13.03340905418583,80.27262774965004
req-2434,vehicle,46,medium,13.018166785170267,80.25803109120724
req-2435,vehicle,50,medium,12.955651783869275,80.19190973627518
req-2436,boat,16,medium,13.078079378507066,80.28060250745139
req-2437,generator,28,medium,13.037885256900866,80.23170598840109
req-2438,vehicle,5,medium,13.054972912802556,80.1371749119999
req-2439,boat,38,medium,12.950393096723026,80.27387537964442
req-2440,volunteer,9,critical,12.946546983180617,80.2947428682834
req-2441,vehicle,36,low,12.980168057461634,80.22789100122282
req-2442,boat,16,medium,12.966183799914198,80.2783242291815
req-2443,volunteer,32,high,12.959905519506563,80.19546090096584
req-2444,shelter_capacity,17,medium,13.066704638076601,80.26788429275013
req-2445,generator,2,high,13.000211921282233,80.22337914560934
req-2446,medical_supply,44,medium,13.09290825307054,80.25798062784517
req-2447,boat,22,high,12.93990584206462,80.24904725954617
req-2448,shelter_capacity,41,medium,12.960636656397337,80.28788189028653
req-2449,boat,13,medium,12.963445450857105,80.219882047224
req-2450,shelter_capacity,26,low,12.985028780193653,80.25777815948395
req-2451,boat,19,medium,13.059807973105029,80.24442476776039
req-2452,boat,41,medium,12.972349362954867,80.25714915789199
req-2453,shelter_capacity,22,medium,12.934323839312876,80.28403691318337
req-2454,medical_supply,30,high,13.092981114406719,80.20892334885033
req-2455,vehicle,32,critical,13.032985258588033,80.2737099247253
req-2456,boat,11,high,12.96216888321656,80.11340291145615
req-2457,volunteer,35,critical,12.987695694452631,80.27287232416785
req-2458,generator,9,medium,13.040733096721926,80.1328520279737
req-2459,generator,42,low,13.004789588007506,80.14105079136262
req-2460,generator,2,low,12.971766847716554,80.29700550627915
req-2461,volunteer,20,low,13.078520390928839,80.27650882007786
req-2462,volunteer,31,critical,13.017800696778195,80.29252688285057
req-2463,vehicle,10,low,12.976915280609697,80.17552284499229
req-2464,volunteer,17,medium,13.044424220459327,80.15001776771857
req-2465,generator,6,high,12.947235430623145,80.19001665957617
req-2466,shelter_capacity,8,high,12.998629871512234,80.11893043643877
req-2467,vehicle,31,medium,13.04726120764398,80.23710099046255
req-2468,vehicle,23,medium,12.923380152496593,80.23176526374259
req-2469,vehicle,27,critical,13.058633434007676,80.17941150825479
req-2470,vehicle,25,medium,13.079468682246299,80.28159814530527
req-2471,generator,21,low,13.042228720809293,80.19566564023106
req-2472,medical_supply,24,low,13.058365313623458,80.23583783017793
req-2473,vehicle,10,medium,12.90844672977028,80.21363037642922
req-2474,generator,28,low,12.93288211222386,80.27166983220455
req-2475,medical_supply,8,medium,13.080721879030024,80.21278511162485
req-2476,volunteer,15,low,13.048542189615578,80.26525524757875
req-2477,volunteer,21,medium,13.090363450826203,80.28750026554523
req-2478,medical_supply,11,medium,13.056202425941002,80.16398070748606
req-2479,volunteer,41,medium,12.90524537385654,80.13140365999105
req-2480,volunteer,22,low,13.02683411729112,80.25636774524122
req-2481,generator,24,high,13.069422630779806,80.27601350154006
req-2482,volunteer,32,low,13.06553699519874,80.15932902697284
req-2483,generator,24,high,13.064502202361925,80.15063880567831
req-2484,shelter_capacity,33,medium,12.925443126352885,80.10216097051098
req-2485,generator,31,low,13.04639017926846,80.17834755919509
req-2486,vehicle,13,medium,12.913890919472724,80.12927833199231
req-2487,medical_supply,2,low,13.057048402500937,80.1827837702971
req-2488,volunteer,41,medium,12.946900077008673,80.11574700352276
req-2489,boat,2,low,13.02681037624796,80.12623260109886
req-2490,medical_supply,44,medium,13.09807391704753,80.15471990656225
req-2491,shelter_capacity,47,medium,12.94071912679922,80.2902302463102
req-2492,vehicle,25,medium,12.958501571311317,80.24611935572064
req-2493,boat,16,medium,12.958004837341274,80.29471548360075
req-2494,vehicle,30,low,12.90986558322254,80.29818861506067
req-2495,vehicle,19,medium,12.947587738259703,80.12752661058295
req-2496,boat,5,medium,12.93762148031041,80.22841013154842
req-2497,vehicle,17,medium,12.997913137244248,80.17235569755297
req-2498,shelter_capacity,30,medium,12.953661619735286,80.15579823296707
req-2499,vehicle,43,medium,13.053617424314714,80.24812526578022
req-2500,boat,22,medium,12.911839892840101,80.28690383585251
req-2501,generator,16,low,13.083018860766108,80.19787145722348
req-2502,medical_supply,50,medium,12.939081818787363,80.18424873266032
req-2503,boat,25,low,13.076601071880212,80.20584744067166
req-2504,medical_supply,5,critical,12.929588695042789,80.18268398249702
req-2505,shelter_capacity,46,medium,13.05543632999148,80.20216220855767
req-2506,medical_supply,31,critical,13.091703226302725,80.12841748773297
req-2507,boat,46,medium,13.054452785962551,80.27848526550585
req-2508,boat,47,medium,13.085072735022942,80.12897251422682
req-2509,volunteer,36,high,12.989525359900211,80.1678599684271
req-2510,shelter_capacity,29,low,13.04062607633637,80.25594434105376
req-2511,boat,10,medium,13.069246839751509,80.13990845447718
req-2512,boat,39,high,13.040763934310027,80.16786740100193
req-2513,volunteer,39,medium,12.906091481402512,80.11913534805699
req-2514,volunteer,42,medium,12.928958946767391,80.16155073970968
req-2515,shelter_capacity,38,medium,13.07195807881862,80.27464717786695
req-2516,vehicle,13,medium,12.929405612950712,80.20542062965927
req-2517,volunteer,10,high,13.031838152156844,80.25651375631622
req-2518,volunteer,12,medium,12.930543566718917,80.19318038705843
req-2519,vehicle,6,medium,12.924364211461379,80.18500679878078
req-2520,vehicle,2,medium,13.069371574879913,80.14939475540547
req-2521,medical_supply,14,high,12.982607391627623,80.24640304058956
req-2522,volunteer,16,medium,13.068877929642897,80.21939900861803
req-2523,medical_supply,35,medium,13.025604065779836,80.15033839271861
req-2524,boat,14,high,13.078700995360517,80.19563700381963
req-2525,generator,47,low,13.099083682923482,80.28088275691698
req-2526,volunteer,30,high,13.038106306602426,80.11954317276913
req-2527,medical_supply,7,medium,12.983875184196217,80.1249688008667
req-2528,generator,23,medium,13.093894571028395,80.25417599534482
req-2529,boat,50,medium,13.07981498055788,80.14028469415895
req-2530,generator,21,medium,12.998631991020007,80.11212516453524
req-2531,generator,16,medium,12.919498033473705,80.16503961662339
req-2532,shelter_capacity,48,medium,13.090837423248578,80.2569411239972
req-2533,boat,3,low,12.91912004017859,80.13776473233109
req-2534,boat,46,medium,13.051014223267057,80.10971265471147
req-2535,generator,31,high,13.080675334434273,80.17522334911885
req-2536,medical_supply,39,low,13.027255297177476,80.22897177794876
req-2537,boat,31,critical,12.976406046599843,80.28423696696804
req-2538,generator,42,low,12.947270511209494,80.22121095672902
req-2539,volunteer,36,medium,13.08328026272989,80.11807462777111
req-2540,volunteer,3,low,12.910957770554594,80.11444321930225
req-2541,boat,45,high,12.953124650909041,80.237621432638
req-2542,boat,13,medium,12.954960577740772,80.14522745080707
req-2543,generator,48,medium,13.014124797103369,80.21683293375155
req-2544,shelter_capacity,26,high,12.9695902908135,80.19075512206942
req-2545,generator,6,high,12.939086133082707,80.23698384727052
req-2546,volunteer,6,critical,12.930701027918694,80.12713631065071
req-2547,medical_supply,17,medium,12.998161434110747,80.20864944088471
req-2548,medical_supply,12,low,13.059538436768646,80.10710191768872
req-2549,medical_supply,21,high,12.915136869762204,80.16205272318797
req-2550,generator,25,low,13.052914649172886,80.17468078877653
req-2551,medical_supply,15,medium,13.016347611458308,80.29331945044169
req-2552,generator,26,high,13.06964056976503,80.12060179674411
req-2553,shelter_capacity,36,medium,12.992045737767828,80.13902653741609
req-2554,shelter_capacity,24,medium,12.978359685012576,80.16727026828724
req-2555,medical_supply,21,high,12.919340889164767,80.12189110348463
req-2556,volunteer,28,low,13.085108947390614,80.26270561094876
req-2557,vehicle,7,medium,13.096893141322782,80.2003338876898
req-2558,medical_supply,30,critical,12.947519974458137,80.28122641421601
req-2559,generator,43,critical,12.960017062756027,80.22724654150275
req-2560,vehicle,41,medium,13.077373124348176,80.21275628860668
req-2561,generator,33,medium,12.99192807616997,80.23324859868691
req-2562,medical_supply,35,high,12.99641237662853,80.11330288820139
req-2563,medical_supply,49,critical,12.935157546875834,80.12309632823622
req-2564,volunteer,11,low,13.029569993629337,80.26486561930321
req-2565,generator,13,high,13.043498882312779,80.11337383572547
req-2566,medical_supply,16,low,12.97534713180111,80.11441150841176
req-2567,medical_supply,34,critical,12.912723812687267,80.2402267938704
req-2568,vehicle,26,low,13.024378062405297,80.26497827301351
req-2569,boat,27,critical,13.01346037187331,80.1144030402333
req-2570,vehicle,18,high,13.026465244997745,80.16692102003664
req-2571,volunteer,25,high,13.061804249632555,80.29966807938746
req-2572,vehicle,33,low,12.992430007716678,80.12082044445796
req-2573,vehicle,6,medium,13.095603105460382,80.19752222480045
req-2574,generator,36,low,13.026578064280976,80.24382876452555
req-2575,shelter_capacity,37,critical,13.019694046476891,80.15519730020628
req-2576,boat,12,medium,13.003339696364959,80.16833504853801
req-2577,generator,35,medium,13.012882626336754,80.29406498003756
req-2578,shelter_capacity,8,low,13.04835561405666,80.1581948092536
req-2579,medical_supply,16,high,12.984430044077317,80.13450107987484
req-2580,boat,42,medium,12.999007959669228,80.22745026986772
req-2581,generator,18,medium,12.996468935909503,80.23537667041757
req-2582,boat,29,critical,12.966624237585599,80.2401493634897
req-2583,boat,16,critical,13.061353284615144,80.16470115426164
req-2584,shelter_capacity,30,high,13.0991350750829,80.2775002779418
req-2585,generator,10,medium,12.910436195916661,80.25279605272411
req-2586,shelter_capacity,15,medium,13.019307835580175,80.14289148435505
req-2587,shelter_capacity,45,medium,12.936584480280638,80.16902415673759
req-2588,shelter_capacity,50,low,13.002360553285511,80.173470563494
req-2589,volunteer,10,medium,12.917210543719788,80.10445592098465
req-2590,medical_supply,20,medium,13.049214310966702,80.24201893535037
req-2591,generator,23,medium,12.965140676673318,80.28999681333065
req-2592,medical_supply,35,low,12.96735353160165,80.14524315393685
req-2593,vehicle,16,low,12.902197715243108,80.13725461445652
req-2594,generator,47,medium,12.96142045435299,80.20944420604629
req-2595,generator,19,medium,12.952282041286661,80.11472246332515
req-2596,boat,7,medium,12.957689479648206,80.10527793917963
req-2597,volunteer,22,medium,13.070419073859458,80.13412673744457
req-2598,shelter_capacity,30,medium,13.028170024895461,80.10660959643037
req-2599,boat,41,medium,12.99665773971829,80.18348749524802
req-2600,medical_supply,10,medium,12.91134056422271,80.20831527901136
req-2601,vehicle,3,medium,12.950832990246264,80.22351105557011
req-2602,volunteer,40,medium,13.031791179589334,80.24280024254615
req-2603,volunteer,27,low,12.996051043803396,80.15390367662587
req-2604,generator,49,low,13.073089678732835,80.15169846208248
req-2605,medical_supply,20,high,12.933411995131458,80.22774221533682
req-2606,volunteer,42,low,13.013250354700025,80.11748634710138
req-2607,shelter_capacity,11,high,12.931769190231643,80.12830988610023
req-2608,volunteer,25,high,13.009508839509275,80.2376257733697
req-2609,boat,7,medium,12.918233242756585,80.24081616328081
req-2610,vehicle,12,low,13.014913016099374,80.17162266264516
req-2611,shelter_capacity,2,medium,12.998247166151263,80.17894675902629
req-2612,volunteer,2,medium,13.09166732652672,80.2449074409735
req-2613,shelter_capacity,32,high,13.06410153202743,80.21627824858557
req-2614,shelter_capacity,6,medium,12.920153787813192,80.2655511108972
req-2615,shelter_capacity,24,medium,13.023839516207143,80.23979653206133
req-2616,boat,13,critical,13.061259049190028,80.17306723011026
req-2617,generator,11,medium,12.953830288229272,80.2507277487054
req-2618,boat,25,high,13.026142553399836,80.25825813138495
req-2619,vehicle,24,medium,12.989886247197886,80.14301385360514
req-2620,vehicle,26,medium,13.02222305325224,80.11938146841692
req-2621,medical_supply,48,medium,12.993311812460822,80.20280818026446
req-2622,medical_supply,18,medium,12.977174887723477,80.24691484272653
req-2623,vehicle,26,medium,13.092027959363875,80.15589107126627
req-2624,vehicle,50,high,13.098886640472497,80.12072870476824
req-2625,shelter_capacity,3,low,12.91263812555956,80.24103371792756
req-2626,vehicle,1,medium,13.032117083386634,80.15081765107283
req-2627,shelter_capacity,2,medium,13.04014035942396,80.20302442037739
req-2628,generator,11,high,13.091642071627245,80.22970018171046
req-2629,boat,22,medium,12.971820276575313,80.29044472528284
req-2630,medical_supply,10,high,12.91547746719177,80.17377516417267
req-2631,shelter_capacity,31,medium,13.03981496386915,80.25829267692203
req-2632,medical_supply,27,high,12.941284909030742,80.2874002339599
req-2633,volunteer,1,medium,13.02053717502377,80.1278513763614
req-2634,shelter_capacity,42,low,12.902949312469104,80.22770303415147
req-2635,medical_supply,25,medium,13.082198757399025,80.25146337231904
req-2636,volunteer,13,low,13.023887223262895,80.27955938335464
req-2637,boat,13,high,12.932686898444132,80.16080891799236
req-2638,generator,36,medium,12.982277315572682,80.22931490927007
req-2639,medical_supply,17,medium,12.916089257761433,80.26339906531149
req-2640,shelter_capacity,44,medium,13.06235887115778,80.27844103364932
req-2641,boat,50,high,13.017787060294705,80.25126361188924
req-2642,vehicle,36,medium,12.921267821110655,80.11046895317129
req-2643,vehicle,11,critical,13.082821857550472,80.13720073726765
req-2644,medical_supply,37,medium,13.009944337681494,80.20996795077053
req-2645,volunteer,49,low,12.950527645908611,80.11871932745706
req-2646,volunteer,36,low,13.080480615299374,80.2404354092594
req-2647,medical_supply,27,medium,13.095954930272272,80.16662087838243
req-2648,shelter_capacity,12,medium,13.06535773442544,80.12555920146303
req-2649,volunteer,11,low,12.921817647986954,80.28955374855869
req-2650,volunteer,48,medium,12.958005120086057,80.11281213790399
req-2651,shelter_capacity,18,medium,12.947732332857118,80.19244858494055
req-2652,medical_supply,36,high,12.98052751837523,80.1022110399617
req-2653,generator,30,low,13.002874146146672,80.21716082186911
req-2654,boat,25,medium,12.929641160588204,80.22305012196685
req-2655,vehicle,23,low,13.058618622785442,80.26326287295147
req-2656,volunteer,10,high,13.057809935470425,80.21597553117586
req-2657,boat,26,medium,12.969898958917511,80.27627545981808
req-2658,vehicle,12,medium,12.974859804461293,80.23324627369168
req-2659,vehicle,14,high,13.035844525121242,80.11656281144522
req-2660,volunteer,40,high,13.073435119525431,80.13391486995718
req-2661,vehicle,7,high,13.010840915690158,80.1288094263607
req-2662,volunteer,17,critical,13.07070559974016,80.2150545197724
req-2663,medical_supply,9,high,12.943322451778036,80.29932877043602
req-2664,generator,41,critical,12.958584155873798,80.20961037717196
req-2665,boat,27,critical,12.914965701522972,80.28471408654926
req-2666,generator,42,low,12.907713812229817,80.10665161360367
req-2667,generator,39,low,12.998991608953084,80.1057959963915
req-2668,medical_supply,28,medium,13.02391842534993,80.17665125375346
req-2669,generator,32,medium,13.055616278630435,80.11062357977575
req-2670,boat,9,low,13.020399857681443,80.10150590854991
req-2671,volunteer,14,medium,13.07245170212975,80.27613990877951
req-2672,shelter_capacity,9,medium,12.961412221315978,80.27121787725926
req-2673,volunteer,18,medium,12.999938941307393,80.14692402884931
req-2674,medical_supply,44,low,13.099736993262852,80.16846232076313
req-2675,generator,44,medium,13.098552731966217,80.17815889887864
req-2676,shelter_capacity,36,low,13.082322921506957,80.21954376305929
req-2677,medical_supply,13,medium,13.064979434508597,80.12283809635649
req-2678,shelter_capacity,7,medium,12.922489348408092,80.14646939573801
req-2679,shelter_capacity,23,medium,13.093592157080568,80.19202516371199
req-2680,medical_supply,16,high,12.911715541853656,80.19065607814292
req-2681,volunteer,21,low,13.021686069678347,80.22902476959638
req-2682,generator,42,critical,12.940831913609317,80.11146471015373
req-2683,volunteer,50,low,13.067917683387744,80.29611294964106
req-2684,shelter_capacity,28,high,13.093968846415061,80.15583485675228
req-2685,vehicle,32,high,12.984363994687055,80.13436299715825
req-2686,volunteer,41,low,13.034928245269844,80.19647313991446
req-2687,volunteer,14,low,13.038829115469417,80.16259315187413
req-2688,boat,29,medium,12.906641745445118,80.25800799524713
req-2689,generator,48,low,13.065360130343656,80.2495085772725
req-2690,medical_supply,34,medium,13.057197776383706,80.10219757720432
req-2691,boat,22,critical,13.04307197749627,80.23691259771364
req-2692,vehicle,5,high,12.969999276589972,80.14091944289636
req-2693,vehicle,41,critical,13.058931629721215,80.11334220674863
req-2694,generator,2,medium,12.909752570122446,80.21914302073503
req-2695,shelter_capacity,6,medium,13.055181767520201,80.20514467620197
req-2696,medical_supply,18,medium,13.04376560550703,80.20863595517493
req-2697,generator,7,medium,12.995735559051601,80.25887572862975
req-2698,shelter_capacity,32,high,12.970615590331688,80.2001229006048
req-2699,vehicle,18,low,12.975734730442554,80.19195111351078
req-2700,volunteer,41,critical,13.06147510097055,80.19727760619682
req-2701,volunteer,43,medium,13.084802332192886,80.216808992501
req-2702,generator,21,critical,12.937222507341653,80.14781810429987
req-2703,vehicle,35,medium,12.90554490368724,80.19905065585432
req-2704,vehicle,20,medium,12.948171956790626,80.12467675262307
req-2705,boat,17,low,13.06132291530692,80.11945906288325
req-2706,volunteer,47,high,12.953076888118495,80.1325574476565
req-2707,vehicle,26,critical,13.094124435311473,80.12252304446152
req-2708,shelter_capacity,10,medium,13.00886555559242,80.23229895649168
req-2709,shelter_capacity,49,high,13.03529582600421,80.17177399865388
req-2710,boat,17,medium,12.926895390596876,80.22131632016085
req-2711,boat,37,medium,13.020194043320918,80.2994128736767
req-2712,medical_supply,37,medium,13.020613706262592,80.16004802738998
req-2713,volunteer,27,medium,12.934237620960781,80.21341046978606
req-2714,vehicle,18,low,13.009426910951523,80.2796623659422
req-2715,volunteer,25,critical,13.063694666396781,80.22188150982002
req-2716,vehicle,33,medium,12.913079482494284,80.18052681761579
req-2717,generator,41,medium,13.062667150009844,80.13650155452963
req-2718,medical_supply,36,medium,12.981994522785623,80.17463881450082
req-2719,medical_supply,2,medium,12.94592020290501,80.1456338785847
req-2720,boat,48,medium,12.956290642864868,80.27299878096989
req-2721,generator,12,high,12.90503427919462,80.21924383366265
req-2722,medical_supply,19,critical,13.021349709329003,80.1417945974399
req-2723,boat,10,low,13.04905687282733,80.25026250963342
req-2724,shelter_capacity,23,low,12.982323767669367,80.1845196321293
req-2725,generator,11,medium,12.900131466984991,80.28614707664532
req-2726,boat,12,low,13.082887376140791,80.14631131213542
req-2727,generator,20,medium,13.004022155664984,80.12507794772742
req-2728,volunteer,33,medium,13.067274124318496,80.24156279814962
req-2729,boat,37,low,12.916862117029368,80.28709563846638
req-2730,shelter_capacity,21,medium,12.956121791066003,80.20906831506692
req-2731,boat,12,high,13.096110491476443,80.18290078444255
req-2732,generator,43,high,12.910704571112255,80.14219984685214
req-2733,vehicle,40,medium,13.09334756299767,80.23867300736647
req-2734,generator,39,medium,12.948950284971602,80.26611966499738
req-2735,medical_supply,20,low,13.033418234090137,80.2177915652357
req-2736,shelter_capacity,21,medium,12.956870008583616,80.27458294860169
req-2737,generator,35,medium,12.984560724823375,80.21624533009073
req-2738,generator,27,medium,13.007917517937146,80.24136488003197
req-2739,volunteer,1,critical,12.947366444383839,80.17463241840402
req-2740,boat,1,low,12.999509596495159,80.14198929618411
req-2741,vehicle,43,medium,12.94276832242872,80.21696542587837
req-2742,shelter_capacity,50,high,12.970140339405546,80.27155180716255
req-2743,volunteer,20,medium,13.022085193224024,80.16880864292997
req-2744,medical_supply,26,high,12.988585798524266,80.29962876813745
req-2745,shelter_capacity,21,high,13.004493732382613,80.1611130725384
req-2746,generator,25,high,13.006484001950058,80.26847475334893
req-2747,medical_supply,28,high,13.016986896904477,80.28911564258637
req-2748,shelter_capacity,44,high,12.967919450783251,80.10738787824613
req-2749,shelter_capacity,46,medium,13.053883541003671,80.13821894188969
req-2750,generator,41,medium,13.02634496927196,80.2305569895671
req-2751,medical_supply,44,high,13.090838127723366,80.1029466884158
req-2752,boat,1,high,13.011996030708397,80.19549221242491
req-2753,boat,21,medium,13.083316242027742,80.12172634309839
req-2754,volunteer,49,low,12.943002365075985,80.27850201340013
req-2755,shelter_capacity,33,medium,13.06014899808721,80.17147948253944
req-2756,generator,48,critical,12.951098713570833,80.16029547079734
req-2757,generator,31,medium,12.922625347979729,80.14265343384804
req-2758,volunteer,49,medium,13.086910210381905,80.14458502784501
req-2759,generator,35,low,13.083016246260952,80.22745812736902
req-2760,volunteer,18,critical,12.911921284675032,80.2267073592938
req-2761,volunteer,34,medium,13.076331769867906,80.19937969898028
req-2762,medical_supply,27,medium,13.082491129984891,80.2198142198105
req-2763,shelter_capacity,22,medium,12.958761811067978,80.2286367871715
req-2764,generator,7,medium,13.033196547892397,80.2964054655537
req-2765,boat,2,medium,12.941418260171726,80.10162528140577
req-2766,generator,21,medium,12.931219501828192,80.1024996648467
req-2767,boat,41,medium,13.092299598796554,80.10758831361538
req-2768,volunteer,12,medium,13.087682132389286,80.29401277759156
req-2769,vehicle,49,medium,13.03787806084855,80.16291838571533
req-2770,medical_supply,8,low,12.931399388365996,80.11050120572
req-2771,volunteer,32,medium,12.90941139919895,80.29458956082654
req-2772,boat,10,critical,12.930549697149385,80.11759762953159
req-2773,volunteer,21,medium,13.096859310523998,80.26164918126562
req-2774,shelter_capacity,36,critical,13.042410139539857,80.22481822988597
req-2775,shelter_capacity,7,medium,13.094355067293323,80.25209614068955
req-2776,vehicle,5,low,12.970641294443794,80.25907605386912
req-2777,medical_supply,20,medium,13.09692173095112,80.24834319091605
req-2778,vehicle,42,critical,13.045491938166782,80.24984414449095
req-2779,vehicle,10,medium,12.922268461522599,80.19473877064169
req-2780,volunteer,23,medium,13.018985819386279,80.12561038488282
req-2781,shelter_capacity,44,high,12.976114065060246,80.16429564891862
req-2782,shelter_capacity,10,low,12.925448425426461,80.2616270229204
req-2783,generator,13,high,13.01890153407645,80.19962166351303
req-2784,volunteer,17,high,12.981840972365946,80.29780330580874
req-2785,boat,34,high,13.045757305688067,80.23379136785243
req-2786,medical_supply,29,critical,12.906427011397179,80.11267246799895
req-2787,medical_supply,35,medium,12.912644146997454,80.17725011193473
req-2788,volunteer,1,medium,12.9251156454466,80.19101474672335
req-2789,volunteer,33,medium,12.951681133778807,80.28963152115475
req-2790,medical_supply,42,medium,13.054700096124003,80.26617676884739
req-2791,medical_supply,21,medium,12.909142564221893,80.25024901141819
req-2792,shelter_capacity,18,low,13.010829637636416,80.2075951046602
req-2793,volunteer,23,low,12.963322371876787,80.21005249684796
req-2794,shelter_capacity,39,low,12.90514585316049,80.2103634140099
req-2795,generator,19,medium,12.969058651703811,80.17123606163628
req-2796,volunteer,49,high,13.0278005826381,80.23565133153721
req-2797,medical_supply,48,medium,13.047246754493555,80.22135721956109
req-2798,generator,44,high,13.038431592270204,80.24526603967675
req-2799,vehicle,40,medium,12.990759702697934,80.12707238262321
req-2800,generator,50,critical,13.051455905356294,80.13163724400796
req-2801,generator,36,medium,13.073868542694887,80.1443781572111
req-2802,volunteer,1,medium,13.00722318754293,80.29105458270224
req-2803,vehicle,6,medium,13.098950831000158,80.10066599356496
req-2804,shelter_capacity,9,medium,12.929659155823911,80.11115947250211
req-2805,generator,10,low,12.946508185982358,80.20111776604848
req-2806,volunteer,46,critical,12.925353949956198,80.20442906354253
req-2807,vehicle,5,medium,12.994640130304024,80.10704280187221
req-2808,boat,19,medium,12.927950405319141,80.21567995523952
req-2809,vehicle,4,critical,12.912075483825728,80.29716847410971
req-2810,generator,20,critical,12.951741634879092,80.21234451863705
req-2811,boat,49,high,12.971126418815038,80.25560549898924
req-2812,vehicle,45,medium,13.041025153481982,80.12059125198256
req-2813,generator,4,medium,12.963969741286236,80.15568259154733
req-2814,shelter_capacity,42,low,13.000467160944437,80.18188769324709
req-2815,medical_supply,9,medium,12.978886811279427,80.25949387861968
req-2816,medical_supply,4,medium,13.020443461819323,80.27361022382055
req-2817,boat,17,medium,12.948153155485556,80.28990865853511
req-2818,medical_supply,17,medium,13.011353507139734,80.1184334555935
req-2819,shelter_capacity,8,medium,13.017941945850309,80.11580420615017
req-2820,medical_supply,20,medium,13.096028332807007,80.14782875420559
req-2821,shelter_capacity,31,high,12.985477043631423,80.24422102463488
req-2822,medical_supply,25,medium,13.02226022118655,80.16963572550445
req-2823,medical_supply,12,critical,12.947737483875141,80.20177616093697
req-2824,boat,7,medium,12.939962344141948,80.19761702503422
req-2825,vehicle,24,medium,13.063639860808603,80.13552565273258
req-2826,shelter_capacity,38,low,13.034714841023543,80.20202681778454
req-2827,vehicle,25,medium,13.086118297297476,80.25436758473407
req-2828,vehicle,31,low,12.966053831072784,80.10130588282804
req-2829,medical_supply,33,medium,13.002150145747928,80.22993886805683
req-2830,boat,31,medium,13.039010511591366,80.10736709700286
req-2831,vehicle,48,high,13.071881467707087,80.26191681863567
req-2832,medical_supply,11,medium,13.019333857685814,80.2359488400445
req-2833,volunteer,19,low,12.900178763455452,80.21290597288198
req-2834,medical_supply,7,low,13.028381509928169,80.19148330753956
req-2835,shelter_capacity,3,medium,12.920361511022115,80.19193530175565
req-2836,vehicle,18,medium,12.926216936336893,80.29411833756895
req-2837,generator,36,medium,13.000697826636198,80.15584735949724
req-2838,generator,39,low,12.93417221293896,80.1258221600376
req-2839,medical_supply,23,medium,12.988511227610106,80.21901787926502
req-2840,shelter_capacity,39,medium,13.005972864849737,80.14968308622493
req-2841,shelter_capacity,23,medium,13.00804725595533,80.1838874378877
req-2842,vehicle,27,high,13.021943935762394,80.21132665267118
req-2843,volunteer,6,low,13.035227088649723,80.22600707613712
req-2844,boat,28,medium,13.047531353465995,80.28650202390658
req-2845,shelter_capacity,21,critical,12.921480542283224,80.11123093502334
req-2846,volunteer,25,high,13.081328420779615,80.25863156870791
req-2847,vehicle,23,high,13.052900149124001,80.17642964524656
req-2848,medical_supply,5,medium,12.988569922211518,80.2777934337106
req-2849,shelter_capacity,28,high,12.904324952715953,80.23502990589067
req-2850,shelter_capacity,15,medium,13.060294204937877,80.20095127927681
req-2851,shelter_capacity,41,medium,13.03308040954747,80.11716475174252
req-2852,boat,48,medium,13.097786898873839,80.28374396573015
req-2853,boat,29,medium,13.011860652232384,80.24481243659474
req-2854,generator,26,critical,12.977801352148887,80.24109414547226
req-2855,generator,5,low,13.021015093461378,80.29735881261767
req-2856,medical_supply,41,critical,13.027006113059338,80.21356341415667
req-2857,medical_supply,4,high,12.979907569396454,80.16683922058323
req-2858,medical_supply,26,medium,13.087554728965214,80.19121930012443
req-2859,volunteer,26,medium,12.999033813752066,80.19039683600826
req-2860,boat,5,medium,13.052309526602368,80.25277275927856
req-2861,boat,43,critical,12.986263088927156,80.18105539539405
req-2862,vehicle,35,medium,12.9271708533622,80.22798291846918
req-2863,generator,15,medium,12.977274322560968,80.11484339189452
req-2864,shelter_capacity,42,medium,13.022013089891665,80.2840359348324
req-2865,boat,25,medium,12.915048208084288,80.14340508976406
req-2866,boat,11,medium,13.038215402486772,80.10745886660708
req-2867,volunteer,48,medium,13.090915357148988,80.22498157331896
req-2868,boat,9,medium,12.91615870146947,80.10405063722855
req-2869,shelter_capacity,31,medium,12.966613962421054,80.2976476674368
req-2870,volunteer,28,medium,12.96084442428109,80.12273192215194
req-2871,boat,39,medium,12.982540934262977,80.22954130908141
req-2872,shelter_capacity,7,high,13.031677553967866,80.26724889157425
req-2873,volunteer,30,medium,13.066325155768103,80.24037013712807
req-2874,shelter_capacity,17,high,12.912808017870809,80.25661617559629
req-2875,medical_supply,35,medium,13.013404574319052,80.13539175120972
req-2876,generator,47,medium,13.076035443586683,80.21878316185978
req-2877,medical_supply,23,medium,12.986301898891067,80.13083615477206
req-2878,medical_supply,47,high,13.005945630885313,80.15470694349386
req-2879,vehicle,49,medium,13.07798564128258,80.18192857614163
req-2880,boat,11,low,12.95655216922701,80.22969266904973
req-2881,boat,7,high,13.098135494216267,80.19164664077762
req-2882,vehicle,40,low,12.91528014802939,80.26102285760084
req-2883,vehicle,43,medium,13.057803057609076,80.19807216865847
req-2884,shelter_capacity,18,critical,13.075545826537452,80.20747095335226
req-2885,volunteer,27,medium,12.980340338575697,80.19896290615833
req-2886,boat,28,high,12.926741721249314,80.23877794033814
req-2887,boat,50,medium,12.907794183721672,80.26182308522374
req-2888,boat,43,medium,12.992891004918437,80.21202953021599
req-2889,vehicle,11,critical,12.917799733628506,80.27696400441913
req-2890,medical_supply,33,low,12.996613647207017,80.20283449843876
req-2891,generator,12,low,12.996880267322794,80.25417709326884
req-2892,medical_supply,37,high,13.094662248144504,80.24145422110172
req-2893,volunteer,26,medium,12.947470813205012,80.27134124440575
req-2894,vehicle,32,high,13.065409232892124,80.18848259242459
req-2895,volunteer,29,critical,12.976577255881281,80.22007691448844
req-2896,shelter_capacity,46,low,12.926885540836517,80.14589188631246
req-2897,vehicle,18,medium,12.964891748022806,80.15078143757141
req-2898,shelter_capacity,4,medium,12.91430405303921,80.2108581804815
req-2899,vehicle,20,low,12.933586322231665,80.19761369511788
req-2900,boat,1,high,12.944995537704772,80.1443952495407
req-2901,vehicle,6,medium,12.923742804221654,80.203549338848
req-2902,boat,21,medium,13.068982213129964,80.11862448445048
req-2903,shelter_capacity,23,medium,12.964550081848085,80.12533773111338
req-2904,shelter_capacity,17,medium,12.959071648684178,80.1841141819813
req-2905,vehicle,43,low,12.925484144220702,80.17052953884921
req-2906,vehicle,22,medium,12.998533443938753,80.23605373243883
req-2907,shelter_capacity,45,low,12.987800841293872,80.15832973213476
req-2908,shelter_capacity,30,low,12.925824470821714,80.17693564646522
req-2909,shelter_capacity,50,medium,12.922376033750163,80.16870867524939
req-2910,generator,16,high,13.052272943977972,80.28563455537531
req-2911,boat,6,low,13.096570378504405,80.12917536504128
req-2912,vehicle,15,low,12.977248984750194,80.13604302755647
req-2913,volunteer,2,high,13.098476800970197,80.1276118197563
req-2914,volunteer,48,medium,13.095596875854769,80.2439844985865
req-2915,boat,7,medium,12.945695757864538,80.28446970230286
req-2916,shelter_capacity,26,critical,13.03931122462938,80.19713845912328
req-2917,medical_supply,26,low,12.942535155935525,80.25384736040613
req-2918,boat,37,low,13.071310677091393,80.20404258693456
req-2919,generator,27,high,12.971037181655085,80.27492750623966
req-2920,boat,22,medium,12.927662826133005,80.22432715649894
req-2921,medical_supply,27,high,12.95638485961128,80.17976098372486
req-2922,generator,1,medium,12.91489098919312,80.17912029377881
req-2923,medical_supply,49,high,12.982812965582879,80.17892468711831
req-2924,vehicle,9,critical,13.062304045712093,80.13698524904714
req-2925,shelter_capacity,42,high,12.96088693209601,80.1815482911003
req-2926,vehicle,22,medium,12.900930109467733,80.18417138103337
req-2927,boat,37,high,12.955092552863674,80.2998882147978
req-2928,vehicle,16,medium,12.98324391413461,80.14851346669714
req-2929,medical_supply,15,critical,13.043767688450096,80.19025658561668
req-2930,medical_supply,35,medium,12.955850193948114,80.17072934107065
req-2931,boat,9,medium,12.97321840968748,80.26824461959136
req-2932,medical_supply,32,medium,12.909369824662491,80.2819311681132
req-2933,boat,6,medium,12.920014940481755,80.23051873642164
req-2934,medical_supply,41,medium,12.95236059426801,80.21943291001512
req-2935,medical_supply,14,medium,12.950278359665381,80.160740952152
req-2936,medical_supply,26,low,13.070306999724973,80.1348445658159
req-2937,generator,26,medium,13.044355367634399,80.18372956060638
req-2938,generator,16,high,12.905493468932205,80.23848455543055
req-2939,volunteer,2,medium,12.922450369510385,80.16721325007107
req-2940,vehicle,25,medium,13.00605947117933,80.29494837402179
req-2941,vehicle,21,medium,13.076540753289118,80.22147772901015
req-2942,generator,5,medium,12.99668384668916,80.26585099609456
req-2943,medical_supply,22,medium,12.929669495631586,80.1744071497982
req-2944,volunteer,20,critical,13.00006536000982,80.28169850698038
req-2945,vehicle,23,critical,12.996873342262939,80.28526221449599
req-2946,medical_supply,26,critical,13.021929219013263,80.10664080432099
req-2947,volunteer,48,critical,12.98338009696659,80.1189253348578
req-2948,boat,3,medium,13.067301858868621,80.17073830076144
req-2949,volunteer,25,low,12.946732317366473,80.1689318238273
req-2950,medical_supply,32,medium,13.005302015704249,80.21325109537717
req-2951,vehicle,39,medium,12.989995460013029,80.20506120107572
req-2952,generator,12,low,13.09981336363129,80.16468052365845
req-2953,volunteer,32,medium,12.942473945352912,80.15797475575603
req-2954,medical_supply,24,medium,12.9050964845488,80.15776789373518
req-2955,shelter_capacity,46,high,12.986703276492447,80.11812675933452
req-2956,boat,40,medium,13.05852554224692,80.15107944816629
req-2957,vehicle,38,medium,12.988409181107043,80.25147826997419
req-2958,boat,4,medium,12.902741899784116,80.17182249356824
req-2959,volunteer,24,medium,13.088437159698376,80.22095744927306
req-2960,generator,12,high,13.073477105214955,80.15981174206499
req-2961,boat,30,medium,13.090066713888126,80.28487198403377
req-2962,medical_supply,42,medium,12.944239447260847,80.17493105687491
req-2963,generator,9,critical,12.91156469325893,80.1739551859306
req-2964,generator,30,medium,12.90763727326347,80.12956096777589
req-2965,volunteer,35,medium,12.990375636640831,80.20327617247538
req-2966,vehicle,35,medium,12.926713867034136,80.10881808737749
req-2967,generator,47,high,13.059511140164863,80.176183980904
req-2968,generator,43,medium,13.07185402215258,80.29083436789246
req-2969,vehicle,34,critical,13.052346683816008,80.26879790453552
req-2970,generator,34,medium,12.978077475237018,80.17181853894219
req-2971,boat,18,medium,12.967599572600388,80.25367378033233
req-2972,vehicle,15,low,12.937295607916862,80.25306663105277
req-2973,boat,4,medium,13.080799880943985,80.2808985537216
req-2974,vehicle,44,critical,12.994233913304045,80.25841257810302
req-2975,boat,25,medium,12.904454301552093,80.23561992181976
req-2976,medical_supply,37,medium,13.001640107344995,80.17485452918258
req-2977,vehicle,10,medium,12.955815739556376,80.19274036103376
req-2978,generator,19,critical,13.01955136542363,80.22470822782816
req-2979,volunteer,40,medium,13.045932928996102,80.29180341034447
req-2980,boat,40,high,12.943152263553051,80.10230585371158
req-2981,volunteer,27,medium,12.951952074388812,80.23161518959193
req-2982,shelter_capacity,9,medium,13.071011555121707,80.20749946426763
req-2983,vehicle,28,medium,13.03829013825285,80.22550453552833
req-2984,volunteer,39,high,13.014276003432416,80.18178876108955
req-2985,boat,36,low,12.953698175755587,80.21189453315044
req-2986,boat,25,low,12.940365351489033,80.21925210746934
req-2987,generator,47,high,13.087127265616298,80.1742408113632
req-2988,generator,15,medium,12.997590735127073,80.29073310219599
req-2989,boat,43,medium,12.911296724520415,80.25124626619935
req-2990,shelter_capacity,41,low,13.09342888881468,80.23071481410332
req-2991,vehicle,17,medium,13.011273897034773,80.21167517864087
req-2992,generator,11,low,12.988823902224258,80.27970596622623
req-2993,boat,47,low,12.950470088345032,80.2188823662107
req-2994,volunteer,5,high,12.990209362246768,80.13929267719443
req-2995,vehicle,24,high,13.00108333501563,80.25827658482056
req-2996,generator,40,high,13.034429060113302,80.1383557711738
req-2997,generator,4,medium,13.076491861510842,80.27447527700238
req-2998,boat,22,medium,13.03748597035399,80.27908369526135
req-2999,shelter_capacity,31,medium,13.01216640008584,80.28877361703542
req-3000,medical_supply,41,low,12.974871047101514,80.28358334994726
req-3001,volunteer,9,medium,13.085184507104929,80.15126440445582
req-3002,shelter_capacity,25,medium,12.995748267379366,80.2507714541392
req-3003,shelter_capacity,28,high,12.97751604222852,80.15185812346733
req-3004,generator,48,critical,12.979535009506327,80.17574648761875
req-3005,shelter_capacity,30,medium,12.903147177041182,80.20442604577295
req-3006,generator,42,medium,13.053023452647919,80.12915249822433
req-3007,volunteer,14,high,12.985011720804117,80.28865533603798
req-3008,vehicle,9,high,12.906074001950271,80.25286280479583
req-3009,medical_supply,46,medium,13.036950263449313,80.24956051857856
req-3010,medical_supply,35,critical,13.078686504454712,80.20501201597394
req-3011,shelter_capacity,30,critical,13.054380869788345,80.21949816731522
req-3012,generator,31,medium,12.963327329936586,80.1254210582616
req-3013,boat,41,medium,12.942718671760046,80.16838873969334
req-3014,medical_supply,25,medium,13.097715852272044,80.18511565869835
req-3015,boat,1,medium,13.024586171723199,80.13165215927947
req-3016,generator,15,low,13.009728943473187,80.22417950372026
req-3017,volunteer,46,medium,12.954011135180192,80.10916705259112
req-3018,shelter_capacity,4,low,13.0087343663142,80.1973603537601
req-3019,generator,36,medium,12.936741927870067,80.29596554423675
req-3020,medical_supply,19,high,13.085407757195961,80.18377697897748
req-3021,medical_supply,34,medium,13.03165693093004,80.1310877681732
req-3022,vehicle,50,critical,13.032279344801683,80.20830501846052
req-3023,medical_supply,49,medium,12.997723251263073,80.25796911631662
req-3024,volunteer,21,high,12.922169237759904,80.15184224073056
req-3025,vehicle,14,high,12.949856585427153,80.23710984629398
req-3026,generator,12,medium,13.047600123742228,80.14596238056328
req-3027,shelter_capacity,26,high,13.057286135784063,80.19859165367345
req-3028,shelter_capacity,22,medium,13.025874712464688,80.21423810368768
req-3029,generator,23,medium,12.996319824204956,80.12653709675851
req-3030,medical_supply,44,medium,13.046003780469201,80.26855891343217
req-3031,boat,34,medium,13.024142418291948,80.21859357120198
req-3032,volunteer,41,high,12.917900104226378,80.16926889472468
req-3033,vehicle,41,high,12.970023322621367,80.16420390901376
req-3034,boat,23,medium,13.013504929546178,80.12757755801975
req-3035,boat,30,high,13.073229038831066,80.29180057174777
req-3036,vehicle,21,high,12.906314417118486,80.21876351365214
req-3037,vehicle,39,low,12.958314163125657,80.26195486425574
req-3038,medical_supply,37,medium,12.923633919980539,80.19248642526703
req-3039,volunteer,39,high,13.092608953627657,80.19377722576189
req-3040,volunteer,18,medium,12.983096127156482,80.24152225579274
req-3041,shelter_capacity,41,medium,12.925954736118937,80.20419598311979
req-3042,vehicle,31,medium,13.04290929444929,80.20258787510512
req-3043,volunteer,17,medium,12.945963523050109,80.25425636575442
req-3044,generator,39,low,12.94792244110513,80.10863723843971
req-3045,vehicle,12,medium,12.905438902821139,80.11171901228103
req-3046,boat,24,medium,12.983100631138145,80.13521786600087
req-3047,generator,17,low,12.902035967081023,80.28499722018371
req-3048,shelter_capacity,43,high,13.070332805133464,80.16468164370306
req-3049,shelter_capacity,3,medium,13.052360179582607,80.16173423082576
req-3050,vehicle,27,medium,12.91074967551779,80.18258234815909
req-3051,vehicle,18,medium,12.953671705428421,80.1838367125124
req-3052,boat,18,high,13.066169841298032,80.10992710871838
req-3053,vehicle,48,critical,12.953357164838394,80.12437711107191
req-3054,medical_supply,44,medium,13.087041015929186,80.2340475703564
req-3055,boat,1,low,12.956930881216596,80.24957252118686
req-3056,boat,37,high,13.00690724464451,80.15712138019451
req-3057,generator,28,low,13.083422400273669,80.14816505440942
req-3058,vehicle,43,high,13.090328008783287,80.23444470976052
req-3059,vehicle,38,critical,13.082713976233816,80.26334223307397
req-3060,shelter_capacity,30,medium,12.919992615003533,80.2444146369742
req-3061,boat,46,medium,12.939664258789868,80.1673801846061
req-3062,shelter_capacity,28,low,13.056617141760883,80.2406382140596
req-3063,medical_supply,14,medium,13.082675610457109,80.18319886583818
req-3064,medical_supply,47,high,12.913886564417803,80.16259034650679
req-3065,volunteer,34,medium,13.039740164341604,80.2334884794597
req-3066,shelter_capacity,35,medium,12.965280588950604,80.16869249818306
req-3067,shelter_capacity,5,low,12.900795664480292,80.15545235370458
req-3068,shelter_capacity,33,low,13.080065936025646,80.2421529278341
req-3069,medical_supply,44,medium,13.088070674226348,80.12757327683087
req-3070,vehicle,41,medium,13.085329157399888,80.22543834747285
req-3071,shelter_capacity,22,low,13.091502491799373,80.16634256187699
req-3072,shelter_capacity,14,high,13.035981453882645,80.10291458042278
req-3073,vehicle,20,high,12.958726299433334,80.2968544078089
req-3074,vehicle,44,high,13.06556610074785,80.23017654788612
req-3075,vehicle,45,high,13.081668704309868,80.15253730752092
req-3076,volunteer,8,medium,12.944914350436335,80.16066066580142
req-3077,vehicle,15,medium,13.056780819375913,80.27716613480446
req-3078,generator,16,medium,12.993428910120949,80.1600336353004
req-3079,volunteer,31,medium,13.060152469377224,80.14298986615425
req-3080,shelter_capacity,30,low,12.929075036879883,80.15494559452048
req-3081,shelter_capacity,8,high,13.057767124911338,80.26075135170626
req-3082,medical_supply,22,medium,12.91958101086659,80.11091052377915
req-3083,vehicle,25,critical,13.040610425784806,80.13178284561177
req-3084,medical_supply,39,medium,13.006566140298414,80.29620785452812
req-3085,vehicle,19,medium,12.959854417939733,80.11799714561381
req-3086,volunteer,15,medium,13.022963737123053,80.26529876162418
req-3087,generator,37,low,12.987308164560577,80.26139799098945
req-3088,medical_supply,29,high,12.97374415448977,80.25671796527413
req-3089,shelter_capacity,19,low,12.916737343783863,80.24838260119647
req-3090,medical_supply,24,medium,13.084608304145087,80.15032935167194
req-3091,boat,10,medium,13.09019191409812,80.24205919146681
req-3092,vehicle,48,high,12.922882194851091,80.22341911052561
req-3093,volunteer,10,low,12.941964203747572,80.26769228838349
req-3094,vehicle,41,medium,12.954050753708646,80.20749597395744
req-3095,vehicle,22,low,12.916508681272564,80.2324009217549
req-3096,generator,42,medium,13.06711883229136,80.10144851799349
req-3097,shelter_capacity,26,critical,12.965667170006336,80.21217274895601
req-3098,medical_supply,48,medium,12.970077370467179,80.28178413928353
req-3099,volunteer,41,high,13.039215670087113,80.29337862069862
req-3100,generator,13,low,12.968411371946468,80.27852327376183
req-3101,medical_supply,35,low,12.928495155158727,80.16642331438607
req-3102,volunteer,26,low,13.049354938346843,80.28140631504748
req-3103,volunteer,12,high,13.071676654901095,80.25221869666845
req-3104,volunteer,39,low,13.088491698811852,80.24834337375174
req-3105,volunteer,41,medium,13.046274896446933,80.29755754420616
req-3106,generator,37,medium,12.982907433547865,80.20079000393245
req-3107,medical_supply,24,low,13.023643594314944,80.16422101289517
req-3108,vehicle,2,medium,13.020072302640349,80.13390382801737
req-3109,medical_supply,42,low,12.953991836318567,80.19690885577573
req-3110,vehicle,47,critical,13.016203993032624,80.2755270790559
req-3111,shelter_capacity,41,low,12.977571464159672,80.24681272271921
req-3112,volunteer,31,medium,13.08120438504833,80.15213171028383
req-3113,generator,38,high,13.003127072095054,80.28075022457416
req-3114,boat,44,low,13.016024935472288,80.18539021098513
req-3115,boat,3,low,13.022445869676542,80.10453821372242
req-3116,vehicle,5,medium,12.941847136835317,80.1555822012237
req-3117,shelter_capacity,3,medium,13.032931513819355,80.1232993056862
req-3118,vehicle,3,low,13.04246646370273,80.12242340849315
req-3119,volunteer,32,medium,13.03844215337068,80.15308718183304
req-3120,volunteer,29,medium,12.972223885044988,80.15352893424385
req-3121,volunteer,23,medium,12.953021313422813,80.1564976150441
req-3122,generator,23,medium,12.998403132503002,80.13823201702586
req-3123,shelter_capacity,14,low,13.000086981151318,80.12041747935699
req-3124,generator,26,medium,13.073983088941942,80.17710884588267
req-3125,shelter_capacity,31,high,13.085628412360515,80.22639109716435
req-3126,volunteer,27,medium,12.938839417550069,80.1789404095231
req-3127,volunteer,1,medium,12.904333667775427,80.23446691949952
req-3128,volunteer,11,high,12.944205950516034,80.18225286929543
req-3129,medical_supply,49,low,12.955390583091315,80.14764899658326
req-3130,boat,5,high,12.945007550743119,80.15976773127869
req-3131,volunteer,12,medium,12.986308305303343,80.12049094764177
req-3132,shelter_capacity,50,medium,13.086098339031471,80.28942231023404
req-3133,boat,3,high,12.968313834031848,80.23943082760246
req-3134,shelter_capacity,8,high,13.098807530120608,80.29127110469544
req-3135,medical_supply,49,medium,12.978133492669844,80.1555978297183
req-3136,volunteer,15,medium,12.947907083853467,80.1504351235609
req-3137,shelter_capacity,7,low,13.08850782348747,80.1152482537564
req-3138,vehicle,23,medium,13.079983877744443,80.1002876498426
req-3139,shelter_capacity,31,high,12.964417401456954,80.28560620663892
req-3140,medical_supply,25,medium,12.983972022739547,80.15396551395419
req-3141,vehicle,32,medium,12.988422025188605,80.23178281802896
req-3142,generator,34,medium,12.9356604568171,80.14993020526911
req-3143,volunteer,45,low,12.991956647591618,80.20594632950711
req-3144,medical_supply,32,low,13.041172065409494,80.16144984280078
req-3145,medical_supply,5,medium,13.004983235750936,80.1004266608616
req-3146,vehicle,48,medium,12.979759697781875,80.19738672817287
req-3147,shelter_capacity,29,low,12.93429234260977,80.16460378722614
req-3148,boat,13,medium,13.095867268041848,80.19439692798298
req-3149,volunteer,38,medium,12.900985277567903,80.15995469855854
req-3150,generator,2,medium,13.008714924357722,80.23599870316971
req-3151,boat,23,critical,13.071443272433998,80.13163043027625
req-3152,boat,10,medium,13.059485012151221,80.23686769901288
req-3153,boat,1,high,12.999228573030576,80.26210651579464
req-3154,generator,48,medium,12.959549662534105,80.22006331640516
req-3155,vehicle,29,medium,12.927778879817268,80.24249210145128
req-3156,boat,4,medium,12.901049270417978,80.16472677215721
req-3157,medical_supply,7,critical,13.01804336177435,80.16487836379399
req-3158,generator,3,high,13.055868894141073,80.17230678988471
req-3159,volunteer,26,low,12.988464207851756,80.11213459587172
req-3160,generator,44,high,12.969851125994419,80.26916842323082
req-3161,shelter_capacity,8,high,13.00428405058529,80.22734750949284
req-3162,generator,19,high,13.03743455484604,80.19213849063415
req-3163,boat,46,high,13.058797060432305,80.23868494371195
req-3164,generator,23,medium,12.923584036848393,80.19817727717317
req-3165,generator,14,medium,12.926003041115505,80.2838433615839
req-3166,boat,45,medium,13.012389113195029,80.1884616291305
req-3167,medical_supply,12,medium,12.92007582315744,80.19671179108455
req-3168,vehicle,19,medium,13.005363454820007,80.24761131539307
req-3169,medical_supply,44,medium,12.987812855820847,80.12628711145418
req-3170,generator,1,low,13.061704113985478,80.27421008231182
req-3171,generator,30,high,12.934842442681713,80.11822892895134
req-3172,vehicle,6,medium,13.051278360353704,80.26443218709166
req-3173,volunteer,42,medium,12.934568130213904,80.27597176558545
req-3174,boat,15,low,13.057338172976081,80.12165120798345
req-3175,medical_supply,6,medium,12.95896200153516,80.18919781870156
req-3176,vehicle,43,medium,13.075467133051689,80.29013276869703
req-3177,vehicle,20,low,12.944031566241593,80.24712116065514
req-3178,vehicle,20,high,12.975508753354882,80.2081394644172
req-3179,medical_supply,17,low,12.949378232188007,80.28347837974142
req-3180,boat,29,low,12.978282368413414,80.17601575545699
req-3181,vehicle,2,medium,12.96345485727443,80.15201544810769
req-3182,boat,26,low,13.037509582976124,80.12465137408499
req-3183,boat,15,high,12.966537899058752,80.26416474414162
req-3184,volunteer,31,high,13.053164736718976,80.13773876695737
req-3185,medical_supply,17,critical,13.00255301179726,80.1352663103557
req-3186,boat,10,medium,13.079136677669874,80.20995864010266
req-3187,shelter_capacity,46,medium,13.054502871282116,80.14146566677266
req-3188,vehicle,26,high,13.089909087109868,80.14832047186762
req-3189,boat,31,high,13.079397304527891,80.23698026356551
req-3190,vehicle,50,high,13.095215811608186,80.11361944374175
req-3191,boat,43,medium,12.968045291286728,80.21315047759671
req-3192,volunteer,18,high,12.901320446804478,80.10084908859436
req-3193,boat,16,medium,13.017318203352529,80.23359555357945
req-3194,generator,8,high,13.014921115932996,80.20431558481862
req-3195,vehicle,41,low,12.970278102681275,80.24679609777046
req-3196,generator,2,medium,13.06895189966969,80.16498961035708
req-3197,volunteer,38,medium,12.974441127562919,80.1841705765705
req-3198,boat,26,medium,13.00953822031783,80.29294808160112
req-3199,medical_supply,21,high,13.096635656716687,80.23331975977602
req-3200,boat,22,medium,13.005047957869023,80.22745727712564
req-3201,generator,29,low,13.023127533670145,80.20850933853116
req-3202,boat,34,medium,13.086350151472661,80.19482535274821
req-3203,shelter_capacity,38,medium,12.923940208821056,80.13191011849648
req-3204,shelter_capacity,16,medium,13.091621452123023,80.12654908620716
req-3205,generator,24,medium,12.91905935720137,80.18436100852294
req-3206,vehicle,48,medium,13.047517818954688,80.22078305058237
req-3207,shelter_capacity,10,low,13.06328864246806,80.10723455528408
req-3208,medical_supply,38,medium,13.08735727784537,80.28964373950603
req-3209,shelter_capacity,43,high,12.99164899364537,80.1471997384223
req-3210,boat,28,medium,13.020692324809072,80.27102325514328
req-3211,volunteer,1,medium,12.914068419963026,80.26854709186915
req-3212,volunteer,1,critical,13.096980805813596,80.26914396923245
req-3213,medical_supply,23,medium,12.985038680156583,80.17077584380279
req-3214,boat,10,medium,12.976245127247246,80.15153581635904
req-3215,shelter_capacity,25,medium,12.981496299674538,80.29694936332807
req-3216,shelter_capacity,43,low,12.98282307841758,80.23336959062266
req-3217,boat,49,critical,13.073125892805157,80.21731047575236
req-3218,shelter_capacity,12,high,13.080191574104104,80.27458542519533
req-3219,volunteer,49,critical,12.975947444590956,80.28964120927404
req-3220,shelter_capacity,21,medium,12.988771845738457,80.26637993290363
req-3221,boat,16,medium,13.069607510660752,80.20792643844499
req-3222,shelter_capacity,38,medium,12.993840741108356,80.1636628955808
req-3223,medical_supply,2,medium,12.965335263738288,80.20284529639619
req-3224,volunteer,14,medium,13.041057452151376,80.26223803046986
req-3225,boat,7,low,13.086686983067933,80.1882975781155
req-3226,volunteer,19,medium,12.936755512811592,80.11788160503849
req-3227,vehicle,50,critical,13.066209621105315,80.29694285570685
req-3228,volunteer,19,low,13.09789336102844,80.20597993058652
req-3229,generator,9,low,12.908088689433022,80.1625275499336
req-3230,generator,1,high,13.022688235521793,80.13373496688396
req-3231,generator,37,high,13.007619373086925,80.29968495225161
req-3232,shelter_capacity,14,critical,13.01392248068687,80.14216026134717
req-3233,vehicle,33,medium,12.931735864261945,80.13555825199481
req-3234,boat,6,medium,12.987938573673853,80.26286355500085
req-3235,generator,39,high,12.993265732227606,80.10600325229518
req-3236,generator,16,medium,12.978060554693808,80.25654825068739
req-3237,boat,24,medium,12.962901839782019,80.27891165637264
req-3238,medical_supply,36,medium,13.089407209555278,80.17589682870873
req-3239,generator,16,medium,13.045743072386903,80.1865409259815
req-3240,boat,38,medium,13.030112947493127,80.23987513657552
req-3241,boat,14,medium,12.929963450773723,80.24096047824324
req-3242,vehicle,24,medium,12.940607187058195,80.17417025264695
req-3243,vehicle,33,high,13.088961450970324,80.22698837871653
req-3244,boat,30,medium,13.088833725171968,80.18831538615653
req-3245,volunteer,9,critical,13.024596516868682,80.10924166662774
req-3246,medical_supply,12,low,13.069057975983476,80.16438973699965
req-3247,volunteer,25,high,13.027732305065262,80.20550054528653
req-3248,boat,7,medium,13.081256736400695,80.13546976112366
req-3249,medical_supply,2,medium,12.982669036342497,80.13405041279957
req-3250,medical_supply,18,low,13.06082803221231,80.1307696619137
req-3251,volunteer,19,medium,13.065595178020073,80.22526393825342
req-3252,boat,15,medium,12.937512285049442,80.266959340068
req-3253,medical_supply,17,high,13.084951994738134,80.27296921015679
req-3254,vehicle,36,high,12.917983997191563,80.12582990526839
req-3255,vehicle,27,high,12.900621473010519,80.27933786054388
req-3256,vehicle,36,high,13.04675337327909,80.2531442200652
req-3257,boat,31,high,13.008487249467427,80.25279177371354
req-3258,medical_supply,14,critical,12.935574769941587,80.22736655580435
req-3259,vehicle,39,low,13.04239016752127,80.1443811677626
req-3260,shelter_capacity,41,medium,12.96603481757095,80.13086127721266
req-3261,generator,42,low,12.9771327911877,80.1245370599454
req-3262,generator,14,critical,13.062507229190357,80.19838078508778
req-3263,vehicle,39,high,13.084755217820819,80.21068662540686
req-3264,boat,35,medium,12.91718817754888,80.1312220584228
req-3265,medical_supply,2,medium,12.997873524030267,80.17611962129263
req-3266,vehicle,42,low,13.020112541534889,80.15589228800032
req-3267,boat,43,medium,12.996013520527638,80.28642865829268
req-3268,generator,27,medium,12.907964405455669,80.1643339541898
req-3269,medical_supply,19,high,13.060927468853208,80.25787983495655
req-3270,volunteer,34,critical,12.93526047897698,80.23155770973844
req-3271,boat,28,high,12.984746362753164,80.2000565686794
req-3272,generator,38,low,13.065299969100387,80.14826693915155
req-3273,volunteer,19,critical,13.025985812118481,80.28298529075944
req-3274,medical_supply,30,high,13.063719966915782,80.18243377398576
req-3275,boat,39,high,12.918864236653121,80.29532980829016
req-3276,generator,9,high,12.912085287418956,80.20906826347377
req-3277,volunteer,39,medium,12.916993094669394,80.25157779865778
req-3278,generator,2,medium,12.924007311904447,80.20032868132516
req-3279,boat,40,medium,13.000146240637417,80.21246790155448
req-3280,generator,47,medium,13.039821116054119,80.14699467033519
req-3281,generator,3,low,12.918324397027815,80.28294259582124
req-3282,generator,38,low,12.93977219160377,80.25972813149922
req-3283,volunteer,6,medium,13.04811425663467,80.18957767000478
req-3284,medical_supply,44,medium,13.037792661945529,80.16603419366965
req-3285,volunteer,20,high,12.937786653864796,80.15540490843343
req-3286,shelter_capacity,37,medium,13.030323071551967,80.12171619217165
req-3287,volunteer,47,medium,12.933464755675274,80.23408365175946
req-3288,shelter_capacity,2,medium,13.046270421299374,80.29701669954008
req-3289,boat,29,medium,13.06524272801022,80.15251633939224
req-3290,shelter_capacity,45,critical,13.097537665463877,80.15116307201745
req-3291,boat,4,high,12.945378625265208,80.21774025143156
req-3292,generator,21,medium,13.076454855194253,80.10745971767219
req-3293,boat,21,medium,13.048500423348283,80.1350244396411
req-3294,medical_supply,10,medium,13.000833178536814,80.2932133438393
req-3295,medical_supply,8,low,12.911319906946579,80.12045487548112
req-3296,vehicle,6,medium,13.0736550877648,80.1679801693126
req-3297,volunteer,29,medium,12.965000479950437,80.16454182796392
req-3298,generator,26,medium,12.955884682277024,80.20256230078878
req-3299,shelter_capacity,26,high,13.001839910841671,80.24010121442754
req-3300,volunteer,17,low,13.099665369335577,80.16239046694446
req-3301,generator,18,medium,13.095840134663723,80.19431833766015
req-3302,boat,23,high,12.932166194356533,80.2386460703936
req-3303,volunteer,4,high,13.00873094938444,80.20387058092722
req-3304,shelter_capacity,22,medium,12.904523088126998,80.25661445528374
req-3305,shelter_capacity,41,medium,12.99313063394512,80.1712451179704
req-3306,volunteer,47,medium,13.07683945185163,80.14728339540612
req-3307,shelter_capacity,2,high,12.939103819827512,80.27190084992664
req-3308,medical_supply,37,medium,13.003703210184444,80.14447228388624
req-3309,volunteer,16,critical,12.910871477663875,80.2365281875982
req-3310,volunteer,33,medium,12.99725013355296,80.25312663311813
req-3311,medical_supply,24,high,13.05788146194269,80.16375959599576
req-3312,generator,13,high,13.061350961464967,80.13069531668955
req-3313,shelter_capacity,29,medium,12.977216540209401,80.23328288983976
req-3314,volunteer,25,medium,13.00703040291018,80.1186274438295
req-3315,vehicle,31,critical,13.085576035416057,80.18279948009172
req-3316,boat,10,medium,12.97647375547006,80.13634455203162
req-3317,volunteer,5,medium,12.92206899653103,80.19498057329135
req-3318,vehicle,10,medium,13.099891001693303,80.13282202581875
req-3319,boat,15,medium,12.958832181056533,80.11789117268829
req-3320,shelter_capacity,14,high,12.903353416660384,80.10333516612033
req-3321,shelter_capacity,2,critical,13.095232223250942,80.11773789397294
req-3322,medical_supply,47,high,12.985088608843233,80.22303340076756
req-3323,boat,7,medium,13.050693195298432,80.20038775648608
req-3324,shelter_capacity,47,medium,12.996024793431342,80.29577134019235
req-3325,shelter_capacity,20,medium,13.004615460606866,80.25707332655062
req-3326,boat,44,low,13.024514077270993,80.23550427118565
req-3327,generator,39,low,12.978916955077,80.29406655639252
req-3328,shelter_capacity,8,medium,13.087698418854496,80.2706758024973
req-3329,vehicle,7,critical,13.07388364914248,80.2633591149792
req-3330,generator,11,high,12.982643890311387,80.26005847207156
req-3331,shelter_capacity,45,medium,12.9479352493209,80.20437532319235
req-3332,volunteer,6,medium,12.947926661568918,80.1564889363459
req-3333,generator,49,medium,12.934912195583536,80.23031783575318
req-3334,boat,4,medium,12.937577194491723,80.22501460361488
req-3335,volunteer,6,critical,13.09875220175036,80.20392566225381
req-3336,volunteer,6,low,12.971704805141275,80.16632872658202
req-3337,shelter_capacity,24,medium,12.92307822795725,80.27207183228805
req-3338,volunteer,12,critical,13.072256607436483,80.25635286802006
req-3339,vehicle,49,critical,13.051259740044518,80.27287294228675
req-3340,volunteer,1,high,12.998362890542175,80.24480715085956
req-3341,generator,17,critical,13.007890761836775,80.24802747397028
req-3342,boat,25,medium,12.967780090036614,80.19526933509033
req-3343,volunteer,20,low,12.98935417169873,80.15113934227773
req-3344,medical_supply,13,low,12.998632024998614,80.17234269675171
req-3345,boat,46,critical,13.040359493343471,80.1552519306839
req-3346,boat,45,low,12.91148762527211,80.28453258071677
req-3347,vehicle,29,medium,12.94141348811135,80.22874870202419
req-3348,shelter_capacity,33,medium,13.031155440835278,80.23387042317479
req-3349,medical_supply,31,low,13.004805985271384,80.13368397572904
req-3350,vehicle,30,medium,13.012195615598225,80.22094056145647
req-3351,boat,33,critical,12.928136102632825,80.28154940958424
req-3352,medical_supply,8,low,12.932558132580107,80.21711128514846
req-3353,medical_supply,10,critical,13.09395584131835,80.17858298146189
req-3354,medical_supply,11,medium,13.006431697164622,80.13268508097845
req-3355,vehicle,48,low,12.956367591888265,80.10405671031458
req-3356,medical_supply,24,high,13.078172491516144,80.22082371561018
req-3357,vehicle,20,medium,13.023556867629049,80.11295438528121
req-3358,vehicle,41,medium,13.066080883567055,80.21446769595404
req-3359,vehicle,37,high,13.03214369852329,80.26033971461626
req-3360,medical_supply,39,medium,13.001258346775062,80.104441596293
req-3361,volunteer,44,medium,13.02089088969523,80.13350752384662
req-3362,generator,19,critical,13.080594593709156,80.17810576790237
req-3363,medical_supply,21,medium,13.097578030159628,80.16398472414286
req-3364,boat,4,low,13.038975251294225,80.28319242767294
req-3365,boat,1,medium,13.01333364506925,80.10852001761455
req-3366,medical_supply,31,high,13.00520559791978,80.11258219815514
req-3367,boat,33,high,13.04323690689879,80.22166382709138
req-3368,medical_supply,26,medium,13.007218444781973,80.14653734006298
req-3369,generator,25,high,13.0597363619056,80.25460026139599
req-3370,volunteer,43,low,13.095194020974088,80.10491472945182
req-3371,shelter_capacity,42,low,12.905819444523383,80.20950557760027
req-3372,volunteer,36,medium,13.030815879698055,80.2380792633874
req-3373,volunteer,34,medium,12.924240097305436,80.12631275642849
req-3374,boat,41,high,13.08712749357139,80.12405641650116
req-3375,volunteer,33,medium,13.06949698197762,80.17173716351452
req-3376,vehicle,29,medium,12.971597085051704,80.2895447915804
req-3377,shelter_capacity,3,medium,12.969509919714811,80.16977598833331
req-3378,boat,8,critical,13.059582543214832,80.1367098012947
req-3379,boat,35,high,13.043477389267066,80.15188541587725
req-3380,boat,13,critical,13.064134619171435,80.19553149478432
req-3381,generator,12,medium,13.032879129910325,80.1619779629001
req-3382,boat,14,medium,12.962235014193055,80.16358706989769
req-3383,generator,13,low,12.98940378233208,80.16328220798287
req-3384,medical_supply,24,high,13.03360996356666,80.15209379097259
req-3385,shelter_capacity,41,medium,13.078608013850086,80.29134582903869
req-3386,volunteer,11,low,13.097301376507438,80.24257185856519
req-3387,shelter_capacity,14,medium,13.054042313923599,80.1252995446831
req-3388,generator,16,medium,12.974109839964058,80.18937814346945
req-3389,boat,36,medium,13.035809019782121,80.2585171000055
req-3390,vehicle,28,medium,13.09371309188851,80.14944308261707
req-3391,boat,39,low,13.089253318187334,80.22658506611039
req-3392,boat,46,medium,13.0290469519534,80.27766698990618
req-3393,medical_supply,7,high,12.932515573809226,80.27629950647032
req-3394,shelter_capacity,44,critical,13.094057816458113,80.23548984110661
req-3395,shelter_capacity,17,medium,13.091188021796986,80.27725255046555
req-3396,generator,26,critical,12.972740824185571,80.2735801209192
req-3397,boat,38,medium,13.00945196520238,80.156950583555
req-3398,volunteer,39,medium,13.021947818888844,80.13066987362434
req-3399,vehicle,33,medium,13.015766407540024,80.21028851291024
req-3400,generator,31,low,12.974568180601018,80.15552217585042
req-3401,medical_supply,27,medium,12.951684350546898,80.22275605041442
req-3402,generator,15,critical,13.01121617124629,80.13352375130268
req-3403,shelter_capacity,21,medium,13.013616123341073,80.2166666928093
req-3404,boat,42,medium,13.088914099564796,80.18747100729519
req-3405,boat,6,medium,13.0371123060107,80.29492254206613
req-3406,shelter_capacity,18,medium,13.061711803213948,80.27953701446451
req-3407,generator,40,high,12.94431401166324,80.17776603873934
req-3408,medical_supply,36,low,12.918190684934197,80.19969817756557
req-3409,shelter_capacity,46,high,12.954474957657954,80.16571277635776
req-3410,vehicle,18,medium,13.05619618105143,80.29639871644216
req-3411,volunteer,31,medium,13.08763328249133,80.2961966633787
req-3412,volunteer,48,high,12.958924546377965,80.28090421951761
req-3413,boat,12,high,13.007656703510467,80.28784394817022
req-3414,volunteer,37,high,12.963998576304279,80.27078331029932
req-3415,shelter_capacity,6,medium,12.90745263400557,80.11023499171449
req-3416,vehicle,49,medium,12.927730406220192,80.17554983482351
req-3417,volunteer,17,medium,13.01387048143164,80.19009257519565
req-3418,medical_supply,30,high,12.97501825948684,80.1345524710193
req-3419,shelter_capacity,35,medium,13.086491696599946,80.27766822169451
req-3420,shelter_capacity,48,medium,13.09334520059523,80.16139365209143
req-3421,volunteer,18,low,13.058565879585409,80.1541502013002
req-3422,medical_supply,18,high,13.012022061871733,80.28881203718745
req-3423,vehicle,21,low,12.964490047613412,80.20213111986246
req-3424,volunteer,46,medium,13.092143280031557,80.14949062919177
req-3425,medical_supply,10,medium,12.948471148133008,80.26139018732047
req-3426,medical_supply,28,medium,13.090430748281094,80.12102967856438
req-3427,shelter_capacity,13,critical,12.915804301548803,80.16453952042767
req-3428,shelter_capacity,37,medium,12.91248208196567,80.14457010336729
req-3429,volunteer,28,critical,12.993810996285736,80.224529640276
req-3430,volunteer,49,medium,12.911651679096805,80.14599610807468
req-3431,shelter_capacity,6,low,13.002852603624094,80.19027015066783
req-3432,generator,37,medium,13.071128683575395,80.16068135031918
req-3433,generator,45,medium,13.008641698941132,80.15558988059657
req-3434,boat,7,medium,13.06756678894091,80.1783623882892
req-3435,boat,32,medium,12.948132850667502,80.13282886581024
req-3436,vehicle,34,critical,12.9925056863401,80.14266952205067
req-3437,volunteer,29,critical,13.092393204485324,80.23431260046065
req-3438,volunteer,20,high,12.991323402329945,80.20509024065983
req-3439,shelter_capacity,8,medium,13.005509337534772,80.2962249177771
req-3440,boat,7,medium,12.974272540726103,80.14075735518621
req-3441,medical_supply,2,medium,12.995780861874806,80.1982806379102
req-3442,shelter_capacity,36,medium,13.089811515975123,80.20184240236281
req-3443,vehicle,4,medium,13.084505531389365,80.19379262942962
req-3444,vehicle,36,medium,12.945386909684649,80.24583342902737
req-3445,volunteer,42,medium,12.99882540848432,80.181876787439
req-3446,medical_supply,33,low,12.942284468754856,80.21742440893176
req-3447,shelter_capacity,1,high,13.059625843717054,80.16679257050436
req-3448,generator,13,medium,13.048571193471082,80.27998922193187
req-3449,vehicle,30,high,13.071187008430341,80.18478129110562
req-3450,vehicle,29,low,13.001755210171137,80.15630220684939
req-3451,volunteer,26,medium,12.90344755063198,80.29473115960062
req-3452,generator,42,critical,12.990213983897172,80.13002459544356
req-3453,volunteer,21,critical,12.952917515416946,80.11884412004646
req-3454,medical_supply,10,medium,13.051711120755026,80.1286235919233
req-3455,shelter_capacity,28,high,12.919519386571517,80.13392598863372
req-3456,shelter_capacity,9,medium,12.964382320883232,80.14121203892475
req-3457,volunteer,22,critical,12.936024955525575,80.15292156330624
req-3458,medical_supply,4,critical,13.014898752896244,80.1349570271034
req-3459,medical_supply,29,high,12.937027352981865,80.24395757943574
req-3460,medical_supply,2,medium,12.934885646119362,80.24868931528704
req-3461,boat,4,low,13.073183739097551,80.1178925979794
req-3462,shelter_capacity,24,low,13.013479382965443,80.12860793943092
req-3463,boat,25,medium,12.951006913072026,80.18215544856616
req-3464,vehicle,19,medium,13.077047412510574,80.1268791014039
req-3465,shelter_capacity,33,high,12.915696640323803,80.27909296292476
req-3466,shelter_capacity,41,medium,12.995800012976531,80.25415778741625
req-3467,shelter_capacity,47,low,13.03945288241782,80.16046293982929
req-3468,boat,48,low,12.981760854287467,80.2834062723582
req-3469,generator,38,high,13.01676356242976,80.1951699895653
req-3470,volunteer,40,medium,12.983733049406865,80.16700633296838
req-3471,volunteer,49,medium,12.963008403776625,80.16080347163545
req-3472,vehicle,33,high,13.060528427260293,80.24647594425618
req-3473,medical_supply,7,medium,13.051333781239315,80.29459561167062
req-3474,medical_supply,38,low,13.074892319791092,80.29364072075361
req-3475,volunteer,37,medium,13.086958361504479,80.22701830678932
req-3476,boat,18,high,12.982239360586972,80.28499359505653
req-3477,generator,12,medium,13.034242956556715,80.13967080210581
req-3478,volunteer,39,medium,12.944612861166888,80.20440785506125
req-3479,medical_supply,40,medium,13.098397223518168,80.1791229464786
req-3480,generator,30,critical,12.98523475477457,80.12499854316457
req-3481,volunteer,28,medium,12.988641180815561,80.19904139057502
req-3482,vehicle,10,high,12.919999985608921,80.17555959502585
req-3483,shelter_capacity,3,high,12.918307545290507,80.2075598752407
req-3484,medical_supply,6,medium,13.085035860557225,80.14381497001533
req-3485,medical_supply,19,low,12.980046491224144,80.2485316889484
req-3486,medical_supply,37,high,13.09767094439782,80.11358936362281
req-3487,vehicle,19,high,13.063370196312077,80.18869829490251
req-3488,shelter_capacity,39,high,12.906847553993012,80.24670883264159
req-3489,medical_supply,25,critical,13.034222407593868,80.13058050827861
req-3490,volunteer,40,high,13.053154221142355,80.19663882473513
req-3491,boat,27,medium,13.004937705748699,80.2979747270619
req-3492,boat,28,medium,13.076761940995908,80.26550358402771
req-3493,boat,24,high,12.900850740116265,80.2103344820051
req-3494,boat,37,low,13.026742815147989,80.20985903672246
req-3495,generator,24,high,13.0617614976262,80.16768330881898
req-3496,volunteer,19,medium,13.019091177936055,80.19178815466272
req-3497,generator,34,critical,13.088013009943856,80.16269293064855
req-3498,boat,3,medium,13.052824322927236,80.21514543575023
req-3499,generator,28,medium,12.91970673171552,80.25272345975375
req-3500,vehicle,22,medium,13.09376126449951,80.27011364142558
req-3501,boat,44,medium,13.010517906384003,80.28172589652777
req-3502,shelter_capacity,40,medium,13.06900015703086,80.25470710454518
req-3503,shelter_capacity,34,critical,13.021623315319392,80.203851319551
req-3504,shelter_capacity,26,medium,12.939904950894642,80.13808935838924
req-3505,boat,11,critical,13.012626767528943,80.14054637836605
req-3506,boat,38,high,12.951584287857084,80.1842054626965
req-3507,medical_supply,38,critical,13.032094294241624,80.12799185750858
req-3508,volunteer,39,medium,12.92650701736146,80.17387395701846
req-3509,medical_supply,35,medium,12.979591016823536,80.17755280029613
req-3510,generator,19,medium,12.979140615539553,80.28405867259978
req-3511,volunteer,38,medium,13.097108949184591,80.26815462981219
req-3512,shelter_capacity,17,low,12.960314268267071,80.11072702920774
req-3513,medical_supply,27,medium,13.000058622560017,80.16309156665098
req-3514,boat,24,medium,12.929759787548946,80.13110603411936
req-3515,vehicle,27,low,12.937297090801383,80.15795262620028
req-3516,shelter_capacity,40,medium,12.939532626910317,80.16136558811742
req-3517,shelter_capacity,9,medium,12.941270330439918,80.19808343851857
req-3518,generator,40,medium,13.044122191111537,80.12464691556796
req-3519,generator,5,low,12.999047876506118,80.17766195988764
req-3520,vehicle,7,medium,12.965206447361428,80.1678347293504
req-3521,vehicle,46,medium,12.930973292716033,80.23247986937373
req-3522,volunteer,36,medium,13.00057554771235,80.22437404731343
req-3523,vehicle,23,medium,12.980459516648219,80.20377532514472
req-3524,volunteer,14,low,13.010663020457887,80.17171256730784
req-3525,boat,14,high,12.94234244794419,80.24371903601747
req-3526,shelter_capacity,49,high,12.919628018769902,80.2142485647556
req-3527,medical_supply,19,medium,12.987565444482028,80.24890822863912
req-3528,vehicle,8,medium,13.020816158926394,80.2297887635051
req-3529,volunteer,11,medium,12.980057559400839,80.17139449696744
req-3530,volunteer,8,medium,13.051205065649322,80.23960601916201
req-3531,generator,38,medium,13.0905310799472,80.17549569009076
req-3532,medical_supply,34,critical,13.04774548767111,80.2133799985677
req-3533,generator,7,low,12.963824324758194,80.14739417143318
req-3534,boat,22,high,13.0855719177463,80.1728109917692
req-3535,shelter_capacity,29,medium,13.063397087425757,80.20757098397618
req-3536,volunteer,32,medium,13.04469620282571,80.14624276521023
req-3537,vehicle,3,high,12.908684152608979,80.24417536830883
req-3538,generator,21,high,12.988367567025266,80.2975816457679
req-3539,shelter_capacity,25,high,12.93186912526407,80.21133613548422
req-3540,generator,31,low,12.982574193191736,80.14356199629403
req-3541,medical_supply,44,medium,12.943540284285271,80.1875928817594
req-3542,boat,21,high,13.070310997969083,80.13560613458291
req-3543,boat,1,medium,13.046649098195756,80.29877117663716
req-3544,generator,33,medium,13.054103309277481,80.2547176019756
req-3545,shelter_capacity,3,medium,13.031238341349946,80.10199756841753
req-3546,boat,28,medium,13.076152001905365,80.28209374535714
req-3547,medical_supply,18,low,13.061304871729845,80.10282902640184
req-3548,medical_supply,27,high,12.907979304411727,80.20734936456249
req-3549,shelter_capacity,27,critical,12.91322623555235,80.18340555320717
req-3550,shelter_capacity,22,low,13.063228675716761,80.19463752565727
req-3551,generator,46,medium,12.92231862607461,80.16828240468585
req-3552,medical_supply,20,critical,12.992387849260973,80.23632295794643
req-3553,generator,21,medium,12.949187934197107,80.27975924112506
req-3554,vehicle,14,medium,12.993098156692287,80.21682068992213
req-3555,vehicle,42,medium,13.057022740903099,80.28362126400337
req-3556,volunteer,8,medium,13.066888922303429,80.23782860192826
req-3557,volunteer,2,high,12.97576610487613,80.20249031694878
req-3558,medical_supply,31,medium,12.902230969562106,80.22546708453979
req-3559,boat,28,medium,13.067800956572757,80.12858879615519
req-3560,volunteer,42,medium,12.96518281098086,80.19425457275513
req-3561,volunteer,4,medium,12.96678517930954,80.22528581760677
req-3562,generator,9,medium,13.001584061399456,80.27932576633015
req-3563,generator,9,medium,13.011698955013603,80.15373774288112
req-3564,boat,29,medium,12.975740027638114,80.17015224433892
req-3565,shelter_capacity,44,medium,12.934342667063845,80.29260031312188
req-3566,medical_supply,43,medium,13.067579334425591,80.1368645102225
req-3567,vehicle,42,medium,12.936191762919087,80.17990081229854
req-3568,generator,24,medium,12.902782142206968,80.21365314125484
req-3569,boat,28,critical,13.05537099984734,80.25305273209773
req-3570,shelter_capacity,17,low,13.095101761899027,80.2446790408745
req-3571,shelter_capacity,24,medium,12.968155703668241,80.12865798207834
req-3572,medical_supply,24,high,13.096015372622112,80.25134091299711
req-3573,boat,20,medium,13.046422541012527,80.27790806564914
req-3574,vehicle,22,high,13.08122567580093,80.26739559207508
req-3575,vehicle,40,medium,13.09242746309772,80.25802043030508
req-3576,vehicle,30,medium,12.932039993259231,80.16550195411261
req-3577,medical_supply,19,medium,12.961153091237604,80.26556539630437
req-3578,shelter_capacity,50,medium,12.937472205948685,80.1016698710062
req-3579,boat,44,medium,13.095682926676233,80.14336247885937
req-3580,volunteer,21,critical,12.963681469120296,80.29379035370931
req-3581,vehicle,19,high,13.077316646705272,80.25039137647842
req-3582,shelter_capacity,14,critical,12.968318327848179,80.235574764804
req-3583,medical_supply,31,medium,13.06062194036819,80.2245711377539
req-3584,generator,27,medium,12.911020406317217,80.2942550535215
req-3585,vehicle,8,high,12.975836637829676,80.14442552979804
req-3586,medical_supply,43,high,12.995837346695389,80.27378205285822
req-3587,volunteer,12,critical,13.012978325950927,80.2978290191618
req-3588,medical_supply,13,medium,13.074775902283038,80.2959147005151
req-3589,vehicle,18,high,13.051264588495698,80.2680681019601
req-3590,generator,2,high,13.080383328857115,80.10852168705046
req-3591,medical_supply,11,medium,12.966953692987634,80.12817823064042
req-3592,vehicle,21,medium,13.050887697572508,80.19925231502211
req-3593,volunteer,33,critical,12.992979059709796,80.27946122272708
req-3594,volunteer,2,medium,13.05488966498954,80.15197942027189
req-3595,shelter_capacity,29,medium,13.079030161226607,80.10374260813222
req-3596,medical_supply,17,medium,13.033304334985022,80.24385439543515
req-3597,shelter_capacity,24,critical,12.95590978706822,80.13373406097443
req-3598,volunteer,16,low,12.959760246301462,80.1450264564448
req-3599,medical_supply,49,medium,13.087538268003978,80.22680982810566
req-3600,boat,19,low,13.07664564988218,80.13131958954106
req-3601,volunteer,27,medium,13.030537121778595,80.16714862424477
req-3602,volunteer,20,high,13.048000399363085,80.2400846978462
req-3603,boat,14,medium,12.947692228276228,80.18633271913568
req-3604,boat,16,medium,13.058328386340115,80.28971554951248
req-3605,medical_supply,50,medium,13.01164100325118,80.16551811677813
req-3606,shelter_capacity,23,low,13.050055650693157,80.19831740026991
req-3607,boat,3,medium,13.053937615894677,80.22964783897524
req-3608,vehicle,45,low,12.981082027428114,80.15569337656245
req-3609,boat,19,medium,13.087862287887257,80.18261822275811
req-3610,boat,12,medium,12.91710450358942,80.22435096931866
req-3611,boat,5,low,12.987149369853487,80.2322705812951
req-3612,vehicle,22,medium,12.967682510277443,80.10549416005614
req-3613,vehicle,47,critical,12.978961367007686,80.25548329922452
req-3614,vehicle,42,medium,13.019975334718707,80.24018437174267
req-3615,volunteer,12,low,12.947925394963544,80.29758723821779
req-3616,volunteer,27,medium,12.990164776198997,80.27319248988485
req-3617,generator,46,low,12.984536332752016,80.19364884396516
req-3618,medical_supply,33,medium,12.995284111347273,80.1847121536998
req-3619,medical_supply,9,low,13.047770820231587,80.29875542783074
req-3620,vehicle,3,medium,13.089755137512451,80.2505596785766
req-3621,shelter_capacity,33,high,12.991669146476303,80.23213768357911
req-3622,boat,18,medium,13.03292144098019,80.19750524125807
req-3623,vehicle,12,critical,12.99975628442715,80.17518542658726
req-3624,shelter_capacity,9,medium,13.01598802149833,80.14702649932775
req-3625,generator,26,low,13.054283486318745,80.28860909337625
req-3626,boat,17,medium,13.072393350731797,80.18386744067743
req-3627,medical_supply,8,low,13.084618117249226,80.10508381532067
req-3628,volunteer,18,high,13.025128894667489,80.20239989053269
req-3629,volunteer,10,medium,13.036048615140238,80.21971715919685
req-3630,volunteer,17,medium,12.99996852706763,80.10421250253633
req-3631,shelter_capacity,9,medium,12.944705075107079,80.21236759568876
req-3632,generator,20,medium,12.946893694463936,80.26937021743419
req-3633,shelter_capacity,14,critical,13.094082969959434,80.25826472103753
req-3634,shelter_capacity,17,low,13.031991984461335,80.15867728278039
req-3635,generator,32,high,12.9782983892524,80.29874675032056
req-3636,boat,43,medium,13.015992120757122,80.18816008217703
req-3637,generator,18,medium,12.972140546709866,80.1967176619479
req-3638,boat,1,medium,13.013067410926437,80.21096310090874
req-3639,generator,14,low,13.072603451284154,80.12075359564656
req-3640,medical_supply,22,critical,12.949423197994145,80.19728366858868
req-3641,volunteer,37,critical,13.018258233234466,80.2957312593846
req-3642,vehicle,27,medium,12.94581213095554,80.28941612741227
req-3643,boat,50,medium,13.040303652975673,80.21292828177495
req-3644,shelter_capacity,14,medium,13.056539425227783,80.26933624210514
req-3645,vehicle,50,high,13.01457657764691,80.2485301100001
req-3646,generator,38,critical,13.012063577657777,80.22062060849639
req-3647,boat,26,medium,13.039744637128015,80.12164815612253
req-3648,medical_supply,38,medium,12.94391437821352,80.20996163297598
req-3649,generator,19,medium,12.985309763719545,80.10435357026506
req-3650,generator,6,critical,13.055629735843914,80.17106329488949
req-3651,shelter_capacity,37,medium,13.024592832130548,80.15233576446981
req-3652,vehicle,40,medium,12.983361616914104,80.18887586920077
req-3653,volunteer,13,medium,12.985050269351307,80.13184541812123
req-3654,volunteer,8,medium,13.035983643885697,80.12990007531205
req-3655,boat,46,high,13.01447432373883,80.14277522640876
req-3656,generator,36,low,13.028659489444486,80.11361302518021
req-3657,medical_supply,30,medium,12.99565694954183,80.20838332637803
req-3658,shelter_capacity,41,medium,13.097224311451999,80.17632986018775
req-3659,generator,7,medium,13.005293818790047,80.1156486301508
req-3660,generator,37,medium,13.020930136463257,80.15556277366956
req-3661,volunteer,39,high,13.047639205270334,80.20297125014883
req-3662,generator,46,medium,12.993355754086583,80.19836437728272
req-3663,medical_supply,24,medium,12.97880970490354,80.13118548334216
req-3664,medical_supply,31,high,13.069514045361327,80.15819716852141
req-3665,vehicle,42,critical,13.087116167793353,80.16458530145943
req-3666,volunteer,4,high,12.992009572287635,80.12479574313379
req-3667,medical_supply,30,high,12.926886679749963,80.28413075351853
req-3668,shelter_capacity,30,medium,13.029712829678372,80.28547804557026
req-3669,shelter_capacity,7,low,12.90429586945708,80.20938089160873
req-3670,volunteer,46,low,12.970665612293491,80.282621029476
req-3671,vehicle,7,medium,13.031575167530807,80.10850784720157
req-3672,boat,44,low,13.026967487002889,80.22410046360046
req-3673,shelter_capacity,17,low,13.047278297709264,80.12689126814946
req-3674,generator,37,medium,13.042693432258863,80.21199040721761
req-3675,medical_supply,14,medium,13.000630780605768,80.13703127384537
req-3676,boat,13,low,13.00856400457094,80.22869194576045
req-3677,vehicle,33,medium,13.091233524788224,80.14834052779072
req-3678,boat,40,high,13.032083092116913,80.18145835214247
req-3679,boat,31,critical,12.995429021327444,80.22993753946207
req-3680,medical_supply,38,high,13.03435080686239,80.18950093420247
req-3681,medical_supply,22,medium,12.922313097779776,80.23309058836227
req-3682,vehicle,11,high,13.027331792293616,80.19963444619074
req-3683,shelter_capacity,49,high,12.994890816334697,80.22440761084044
req-3684,medical_supply,5,medium,13.090607490103096,80.1756912892767
req-3685,shelter_capacity,4,low,13.099961904040448,80.17862741717438
req-3686,medical_supply,8,high,12.953096067496137,80.1711559701697
req-3687,shelter_capacity,26,medium,13.085921749453718,80.10996098006247
req-3688,vehicle,31,medium,12.925847277266113,80.21196229806391
req-3689,volunteer,10,critical,13.008927881615973,80.1336381925812
req-3690,medical_supply,3,low,13.036994979848016,80.26744080017838
req-3691,medical_supply,18,critical,13.061619360239597,80.10449611223477
req-3692,vehicle,7,medium,12.904053623856397,80.20951728356083
req-3693,boat,27,medium,12.975262024273635,80.1166976170663
req-3694,boat,20,low,12.967734698036528,80.15790875402256
req-3695,generator,42,low,13.091067532505162,80.25014334762277
req-3696,shelter_capacity,14,medium,13.023360750876375,80.17859588619933
req-3697,volunteer,49,low,12.952354218127013,80.20701066962773
req-3698,vehicle,42,high,13.067452936110405,80.25565267405979
req-3699,medical_supply,50,medium,12.933775525978415,80.14019715810755
req-3700,medical_supply,16,low,12.977607713295829,80.18871515678256
req-3701,vehicle,33,low,13.090496264033261,80.20378770547042
req-3702,shelter_capacity,31,high,12.903742356736563,80.19070120778096
req-3703,generator,48,high,12.943978209412306,80.18930839163798
req-3704,vehicle,49,medium,12.92938372063877,80.2712443130669
req-3705,shelter_capacity,5,medium,13.0147357885338,80.2616925776595
req-3706,medical_supply,10,high,12.943778567600457,80.27459862456543
req-3707,vehicle,23,medium,13.01944744902955,80.12893164421595
req-3708,shelter_capacity,41,medium,13.03864966433077,80.15045434398208
req-3709,vehicle,1,low,13.056159290838707,80.15161487214903
req-3710,shelter_capacity,49,high,12.950291375783689,80.2432163027917
req-3711,medical_supply,11,low,13.052647020565221,80.10435635120305
req-3712,shelter_capacity,13,low,13.014018996410378,80.16882760969911
req-3713,volunteer,31,medium,13.012954313826128,80.12725068190701
req-3714,shelter_capacity,1,low,12.941046680638216,80.13640620727037
req-3715,medical_supply,14,high,13.001596969526242,80.29200747869639
req-3716,boat,41,critical,13.073839809679654,80.18445002891949
req-3717,medical_supply,18,medium,13.099128115318873,80.12718192687068
req-3718,vehicle,16,high,12.915598251516084,80.24262396666157
req-3719,vehicle,49,medium,12.995730317460875,80.22918955424537
req-3720,volunteer,35,medium,12.946540435501445,80.15571378927616
req-3721,vehicle,1,medium,13.044210350008331,80.29315024599558
req-3722,shelter_capacity,48,critical,12.986108218742187,80.10822733441408
req-3723,volunteer,12,medium,12.924572480587416,80.26291859545243
req-3724,boat,3,critical,13.086517610954864,80.15715980135225
req-3725,boat,14,high,12.921012739682809,80.15985473931194
req-3726,generator,9,medium,12.917228409679199,80.15515792859246
req-3727,generator,14,medium,12.989106792802488,80.20409192136609
req-3728,shelter_capacity,31,medium,12.993792110537164,80.2786207996269
req-3729,generator,35,low,12.968257294568597,80.164097434893
req-3730,volunteer,25,high,13.015581904331198,80.23729289810804
req-3731,boat,2,high,12.98272336907536,80.19371304924759
req-3732,generator,28,medium,13.09814662674542,80.12777942745329
req-3733,generator,6,high,13.065366673683682,80.27277555067762
req-3734,shelter_capacity,19,medium,12.950045749729103,80.23491741059803
req-3735,boat,19,high,13.069710255053725,80.10769406049984
req-3736,shelter_capacity,46,medium,12.965828398236873,80.10962239838257
req-3737,medical_supply,37,medium,12.971990655892272,80.11987933213805
req-3738,generator,6,low,13.062164612442738,80.19043302149835
req-3739,medical_supply,3,low,13.07988240944243,80.26065963944664
req-3740,volunteer,35,high,13.06794321006124,80.1440088656863
req-3741,boat,42,medium,12.923732883824997,80.13068548752912
req-3742,boat,42,high,13.067602523912296,80.23948691129223
req-3743,boat,20,medium,13.07470113864459,80.24043001946752
req-3744,boat,26,high,13.003460749340316,80.18770034503542
req-3745,boat,15,high,13.056710033358362,80.1451376921028
req-3746,medical_supply,49,medium,12.956702475777405,80.2395081833784
req-3747,shelter_capacity,50,high,12.969719602884318,80.14138179086821
req-3748,shelter_capacity,26,low,12.973632733310412,80.29979093412018
req-3749,volunteer,14,medium,12.95369647363004,80.28074040164874
req-3750,shelter_capacity,42,medium,13.001729327345544,80.27472711538627
req-3751,shelter_capacity,24,medium,12.94617513059518,80.18564633441231
req-3752,vehicle,30,low,12.928083783417822,80.12958523104373
req-3753,boat,35,low,13.042835985970838,80.1745125126139
req-3754,medical_supply,12,high,12.916519301135573,80.23854162745965
req-3755,generator,25,medium,13.077527397760326,80.26418164006274
req-3756,medical_supply,48,medium,12.944954577601449,80.18686418041501
req-3757,volunteer,33,medium,12.926391355529079,80.1049974319364
req-3758,volunteer,41,high,13.030331467323602,80.21283102263457
req-3759,shelter_capacity,1,medium,13.015243831603035,80.10948502170417
req-3760,boat,9,medium,13.037618410365265,80.22484341920165
req-3761,volunteer,35,medium,12.906360500599764,80.14420086465974
req-3762,boat,30,high,13.076874613696846,80.27694632764427
req-3763,volunteer,36,critical,12.915554012677637,80.23529246453177
req-3764,volunteer,5,critical,13.063156385775331,80.20726462398142
req-3765,volunteer,12,medium,13.084757453332026,80.26600094642511
req-3766,medical_supply,9,medium,12.979369926960604,80.2999122272639
req-3767,medical_supply,21,medium,12.988221744654565,80.29819347051486
req-3768,boat,10,medium,12.94270369642482,80.18026680236042
req-3769,boat,24,high,13.080136520085636,80.27238121706274
req-3770,vehicle,22,medium,12.945424400083017,80.16610999269554
req-3771,generator,49,high,12.912046672684042,80.11590051444111
req-3772,volunteer,40,medium,12.973818181890351,80.17496266048639
req-3773,boat,44,medium,12.961591613739213,80.15197361995628
req-3774,boat,31,medium,12.991525686940655,80.22142548993426
req-3775,vehicle,37,medium,12.930172230279036,80.13576475631972
req-3776,generator,35,low,13.01020330810475,80.1185641194806
req-3777,generator,12,low,12.935315674154372,80.24825831561779
req-3778,vehicle,13,critical,13.028719869888834,80.12721814842783
req-3779,generator,24,high,13.035053372486793,80.14256095720249
req-3780,generator,10,medium,13.061561688192626,80.25327808665381
req-3781,generator,26,low,12.929660405313228,80.1953199985686
req-3782,vehicle,12,critical,12.973911544974717,80.12792949117302
req-3783,boat,44,low,13.027079954879582,80.1878493287536
req-3784,boat,25,medium,13.088906795417547,80.21548325534319
req-3785,boat,7,medium,13.090236851981622,80.25708881788401
req-3786,medical_supply,11,low,12.951043200171933,80.11431708970412
req-3787,generator,20,critical,12.912365978342653,80.15447526050016
req-3788,generator,2,high,12.971498114246911,80.28604479484322
req-3789,generator,30,high,12.96640419692427,80.27868968709961
req-3790,vehicle,20,medium,13.01179724079306,80.11493915696329
req-3791,boat,23,medium,13.000995978628263,80.16167196085507
req-3792,medical_supply,44,low,12.909196462509177,80.27196143219118
req-3793,vehicle,37,medium,13.016616866371688,80.10838113473625
req-3794,medical_supply,40,low,12.975015881933196,80.26743958900147
req-3795,shelter_capacity,10,medium,12.922219409666072,80.11822273244096
req-3796,shelter_capacity,19,medium,12.969877668872403,80.29143859332848
req-3797,vehicle,45,low,13.099505199597063,80.2360196732856
req-3798,medical_supply,10,medium,12.972923636190721,80.13836093651994
req-3799,generator,9,medium,12.923476208044278,80.11233946136967
req-3800,medical_supply,9,medium,12.90716178384764,80.23640773103057
req-3801,volunteer,1,low,13.054689950568356,80.22549129337906
req-3802,vehicle,45,medium,12.975168002227834,80.10517123587256
req-3803,vehicle,28,low,13.039970026854578,80.12456367391943
req-3804,volunteer,8,low,13.057894026477383,80.26318019769585
req-3805,medical_supply,16,low,12.955776271312807,80.26688643839793
req-3806,boat,22,medium,13.023966234178538,80.22987188655772
req-3807,boat,12,high,13.046545047476904,80.21810554045027
req-3808,medical_supply,10,critical,12.948288595921607,80.29963338374374
req-3809,volunteer,1,low,12.953106483874633,80.11348133612194
req-3810,boat,16,high,12.975394936166174,80.16542758322666
req-3811,medical_supply,50,low,12.98622970542695,80.13278436981797
req-3812,shelter_capacity,27,low,12.910036139131421,80.19945834047151
req-3813,vehicle,1,critical,12.945366619725895,80.13847514717709
req-3814,boat,24,low,13.044868264687029,80.15753987531592
req-3815,generator,39,high,12.947302387262235,80.11602435044617
req-3816,medical_supply,22,low,12.947312503513862,80.10589612020016
req-3817,shelter_capacity,16,medium,13.020738009777546,80.25135721142848
req-3818,generator,22,critical,12.916753251392798,80.26902418809608
req-3819,volunteer,25,medium,13.089544013352594,80.1619617296156
req-3820,boat,22,critical,12.934020856638437,80.23126727000817
req-3821,shelter_capacity,49,medium,12.947731491600345,80.20139503562628
req-3822,boat,13,medium,12.994039083610229,80.1678053155744
req-3823,vehicle,19,medium,12.936140993717174,80.18874622257304
req-3824,generator,40,medium,12.902125546009254,80.18654678296713
req-3825,volunteer,50,medium,12.986177260024048,80.19447159635962
req-3826,vehicle,26,low,13.0497409695258,80.16128911425642
req-3827,volunteer,9,medium,13.066727785641524,80.14657743313349
req-3828,shelter_capacity,49,low,13.031287749073083,80.15686566111276
req-3829,generator,12,high,12.912633790715736,80.15605664368866
req-3830,vehicle,30,critical,12.996175322268352,80.2069109877607
req-3831,boat,26,low,13.016733482663698,80.27066482734276
req-3832,boat,17,medium,12.969195007789317,80.10406179977811
req-3833,generator,5,medium,12.90998581737967,80.1149925046223
req-3834,medical_supply,33,critical,13.046164668267874,80.29283788992379
req-3835,generator,16,critical,13.093683314432162,80.2742884904966
req-3836,boat,4,medium,13.043430207182158,80.14541383001412
req-3837,vehicle,6,medium,12.992828130165012,80.11898230944477
req-3838,medical_supply,16,medium,12.964586819107096,80.15494127575587
req-3839,generator,24,high,12.972420787475299,80.10708768014572
req-3840,medical_supply,44,high,12.975132494885605,80.10665282289365
req-3841,shelter_capacity,13,medium,12.930446764286566,80.22254784794447
req-3842,boat,4,low,12.965201674808108,80.21952158574581
req-3843,volunteer,7,low,12.914955095593811,80.2558478678027
req-3844,volunteer,15,critical,12.997937574356987,80.28881364121624
req-3845,boat,48,low,12.995904418796975,80.19816109895349
req-3846,medical_supply,28,critical,13.064314562081154,80.27148616700836
req-3847,vehicle,32,medium,13.013274278803719,80.22764930605524
req-3848,vehicle,15,medium,13.09679406627159,80.14855772140059
req-3849,medical_supply,12,low,13.033402165521359,80.23648258040413
req-3850,generator,25,medium,12.90326177535709,80.13177252446287
req-3851,boat,48,medium,12.981043248076896,80.13936476375925
req-3852,medical_supply,27,low,12.935121862309876,80.27767307845687
req-3853,generator,20,low,12.948453459949533,80.20170740769683
req-3854,vehicle,44,medium,13.038022212291704,80.18559572978711
req-3855,generator,38,high,12.976201947563535,80.2994544516737
req-3856,medical_supply,39,medium,12.98721881081201,80.29337475384278
req-3857,medical_supply,20,medium,12.951383992525953,80.12463979368064
req-3858,medical_supply,18,medium,13.010098042119814,80.21662899634701
req-3859,medical_supply,36,low,13.085457167106098,80.17613528492843
req-3860,generator,44,medium,12.910651444256343,80.24184509407604
req-3861,vehicle,22,low,12.931303935780484,80.19166682672203
req-3862,vehicle,50,medium,13.015964450462445,80.28296445111843
req-3863,volunteer,18,low,13.055998000733004,80.28269828083248
req-3864,volunteer,26,medium,12.99466502076467,80.1919412717328
req-3865,boat,15,low,13.056865750869843,80.26223642245706
req-3866,vehicle,43,low,12.991457359850616,80.22766614307865
req-3867,vehicle,29,high,12.96807419418047,80.1838040295807
req-3868,shelter_capacity,23,medium,13.050376547374958,80.14530885367193
req-3869,boat,10,medium,12.975117343298432,80.29545737492852
req-3870,boat,23,medium,12.92223382128698,80.20532856883668
req-3871,volunteer,19,low,12.975700017388894,80.22850693002646
req-3872,boat,10,high,12.94218757365029,80.21853685154693
req-3873,medical_supply,15,medium,13.046421738127764,80.20565041675222
req-3874,generator,39,low,12.938562365369837,80.24978128926887
req-3875,volunteer,38,medium,12.948351348928265,80.15620043785756
req-3876,volunteer,42,medium,13.062411146984857,80.18776390490544
req-3877,boat,4,medium,12.944625477091225,80.27102166151766
req-3878,boat,12,medium,12.97606765646976,80.1479422453415
req-3879,generator,28,medium,13.061694687684312,80.12880594287202
req-3880,shelter_capacity,40,medium,12.910517139110242,80.25021212268366
req-3881,boat,16,medium,13.0063325328914,80.27549977731529
req-3882,vehicle,42,medium,13.057329160887589,80.22718259348154
req-3883,boat,20,medium,13.02229128608474,80.10989921338486
req-3884,medical_supply,13,medium,12.956195172242849,80.20618121742754
req-3885,vehicle,28,medium,13.008105794376766,80.17042077848423
req-3886,shelter_capacity,32,medium,13.097341481385573,80.22856422958291
req-3887,boat,19,medium,12.999044058009058,80.18220706570266
req-3888,medical_supply,37,medium,12.910680776426341,80.24210166906116
req-3889,vehicle,21,medium,13.007523868091997,80.27919938215284
req-3890,vehicle,14,medium,12.955270704352497,80.10034908670463
req-3891,generator,3,high,13.029162632130541,80.14229486448325
req-3892,volunteer,50,medium,13.067212602669011,80.19598822767719
req-3893,shelter_capacity,42,medium,13.026582981429167,80.21585475387853
req-3894,boat,9,medium,13.058987695892672,80.27134482043388
req-3895,medical_supply,32,medium,13.053999043988334,80.1220070815652
req-3896,medical_supply,9,medium,12.978623217944113,80.18103344135308
req-3897,generator,44,low,12.996732351409099,80.14290036830633
req-3898,generator,16,low,13.003270943895462,80.18453483346603
req-3899,medical_supply,10,low,12.957706213755433,80.2056867857207
req-3900,volunteer,16,medium,12.948415151787932,80.21849664000473
req-3901,boat,26,high,12.97460528814794,80.25413320877855
req-3902,generator,18,medium,12.972217545148112,80.2286004002768
req-3903,medical_supply,50,low,12.904948948142263,80.11544870819885
req-3904,volunteer,24,low,13.082280189349836,80.26419375057574
req-3905,vehicle,4,high,13.002347174072044,80.11390073885268
req-3906,volunteer,32,medium,12.904228859009823,80.18638339446171
req-3907,volunteer,36,medium,12.97952935163348,80.17641474693046
req-3908,volunteer,22,medium,13.087264292694375,80.13020522560235
req-3909,shelter_capacity,30,medium,12.980684459294093,80.19722509691712
req-3910,vehicle,37,high,12.91039873436327,80.10308948713737
req-3911,boat,49,medium,12.91368368659772,80.14826770228478
req-3912,medical_supply,44,low,13.039138943462966,80.23533056439233
req-3913,vehicle,16,critical,12.997628802236115,80.11003424344686
req-3914,volunteer,46,medium,13.020557829961856,80.17366095424347
req-3915,vehicle,9,high,13.031262260107205,80.27491970667471
req-3916,generator,3,low,12.936646814619923,80.29929569786057
req-3917,medical_supply,43,high,12.970323933460573,80.29136745094607
req-3918,vehicle,48,medium,13.037213765897201,80.1731959945761
req-3919,medical_supply,15,medium,12.917407198942072,80.16562583725363
req-3920,generator,17,medium,12.954077465708222,80.21145284124275
req-3921,shelter_capacity,7,critical,12.970936031335727,80.14801600556186
req-3922,generator,12,medium,12.958069619407663,80.20729313886028
req-3923,shelter_capacity,43,medium,13.066848560537007,80.11065503381798
req-3924,medical_supply,39,high,12.949697745230107,80.16350785303933
req-3925,shelter_capacity,29,medium,13.01159809307125,80.27583987055505
req-3926,vehicle,40,low,12.912526589994341,80.24063458568911
req-3927,generator,16,high,12.989285104676313,80.2984842369041
req-3928,volunteer,32,low,13.017035471324647,80.29704253832054
req-3929,shelter_capacity,8,medium,13.064444104056255,80.15990609211907
req-3930,medical_supply,33,low,12.924434851635812,80.10445454774307
req-3931,generator,47,critical,13.060543981827117,80.10340047240196
req-3932,shelter_capacity,22,medium,13.023960691319855,80.2971108077919
req-3933,boat,12,high,12.982260112237588,80.26460939623917
req-3934,vehicle,49,high,12.919728951989928,80.18074167111818
req-3935,vehicle,32,medium,13.007183554942898,80.27855616058011
req-3936,vehicle,46,medium,13.087666418143959,80.12142994345578
req-3937,volunteer,34,medium,12.997906925905683,80.20205914717305
req-3938,medical_supply,27,high,12.91255025210562,80.12316318323367
req-3939,boat,41,critical,13.043686178484162,80.23918306506265
req-3940,vehicle,38,high,13.048243270964818,80.10383823293793
req-3941,shelter_capacity,13,medium,13.054838272264783,80.16406924797634
req-3942,generator,15,medium,13.027614909539999,80.10133583325248
req-3943,generator,23,low,12.922824115996848,80.20722409317166
req-3944,generator,31,medium,13.096754022574949,80.16343541281786
req-3945,medical_supply,34,medium,12.944143543661985,80.26244296858285
req-3946,vehicle,19,high,13.040093501007707,80.21980114163955
req-3947,medical_supply,8,low,13.024378038412166,80.24755681396996
req-3948,volunteer,1,medium,12.975553722322704,80.14054013591037
req-3949,boat,21,high,12.978144857114133,80.17814109651958
req-3950,medical_supply,34,medium,12.982249587542382,80.20030685192485
req-3951,vehicle,4,medium,13.093317729544099,80.18091591994478
req-3952,medical_supply,42,low,12.904700416102372,80.25853805889159
req-3953,volunteer,30,low,12.964348530027287,80.28969385711218
req-3954,medical_supply,7,high,12.91736197331777,80.19534434661315
req-3955,boat,31,medium,12.96137908162684,80.10324077977438
req-3956,volunteer,19,low,12.912683239736072,80.13490683949729
req-3957,boat,5,high,13.046196489496285,80.2325225917123
req-3958,volunteer,32,low,13.041987648289089,80.15031945264147
req-3959,boat,35,critical,12.976974469140263,80.2015364086414
req-3960,volunteer,24,high,12.959617778988843,80.13095605010454
req-3961,boat,14,low,13.042905419961349,80.18785483423822
req-3962,boat,7,high,12.974187865929082,80.17272340392509
req-3963,boat,14,medium,12.998295837985706,80.1750487615847
req-3964,medical_supply,5,medium,12.906945744408906,80.28207219992457
req-3965,shelter_capacity,6,critical,13.069634007275186,80.10833322208966
req-3966,vehicle,25,high,13.056154628273468,80.24879783203798
req-3967,shelter_capacity,3,low,13.018194480258858,80.2272225618832
req-3968,generator,50,high,12.969042048576188,80.1820011231547
req-3969,boat,20,high,12.900933548143689,80.19754887259592
req-3970,generator,19,medium,12.903065141922507,80.29638521703455
req-3971,shelter_capacity,13,medium,12.937190311961404,80.14807448011115
req-3972,boat,2,medium,12.968126932759862,80.23525154678447
req-3973,shelter_capacity,20,medium,13.08866808444052,80.1764851154343
req-3974,boat,15,medium,12.956618077106967,80.23603427101096
req-3975,boat,30,medium,12.951491763226624,80.20684360824285
req-3976,medical_supply,13,medium,12.928860563453613,80.19367410475336
req-3977,volunteer,30,high,13.01555616868439,80.1705594580862
req-3978,shelter_capacity,37,low,12.991147624290692,80.15737596621823
req-3979,generator,17,medium,13.021301428527929,80.22999823329658
req-3980,boat,2,low,13.048388309924619,80.2907321289627
req-3981,shelter_capacity,49,low,13.031702746235114,80.28206595250913
req-3982,boat,34,critical,12.930903049698856,80.14529760280514
req-3983,shelter_capacity,48,medium,12.968761502299785,80.29671054116332
req-3984,volunteer,24,critical,12.96143185357549,80.23858420188365
req-3985,generator,49,medium,13.098678737010918,80.1092224062083
req-3986,shelter_capacity,34,critical,12.986976130941633,80.23401203147432
req-3987,medical_supply,39,medium,13.086657254198037,80.1786246070456
req-3988,generator,46,medium,13.021576621499419,80.1259654934411
req-3989,generator,10,high,12.978547785696312,80.27065177949457
req-3990,shelter_capacity,7,medium,12.975374316661693,80.1114763278477
req-3991,boat,48,medium,13.043472399007639,80.28001091079868
req-3992,shelter_capacity,47,critical,12.97620090500449,80.23387754471082
req-3993,generator,38,low,12.965941806579236,80.26480762089173
req-3994,generator,34,medium,13.037924805865465,80.20416226951397
req-3995,volunteer,44,medium,13.02331036229517,80.23134961687114
req-3996,shelter_capacity,22,medium,13.05817802264459,80.11626910710773
req-3997,shelter_capacity,14,medium,13.00844184850243,80.10086296953389
req-3998,volunteer,49,critical,12.93187114991841,80.22175528385814
req-3999,volunteer,47,medium,12.902756184360445,80.17903580609925
req-4000,volunteer,24,critical,12.969501264941986,80.27060959197739
req-4001,vehicle,27,medium,13.051157132743086,80.20938846618189
req-4002,vehicle,42,critical,13.030336787894576,80.13093613172276
req-4003,volunteer,13,medium,13.013651118449951,80.29091372420409
req-4004,vehicle,21,medium,12.944166299232648,80.25404076675201
req-4005,generator,22,medium,12.991941370184962,80.11990920876703
req-4006,generator,10,high,12.945632314307456,80.12021799817539
req-4007,medical_supply,4,high,12.95233859474385,80.19102110846028
req-4008,volunteer,10,high,13.066127850224266,80.1019858590215
req-4009,boat,22,high,12.970519139374574,80.20373300342057
req-4010,shelter_capacity,39,medium,12.997439252639666,80.17277931042484
req-4011,shelter_capacity,29,medium,13.041054024144646,80.11869891852939
req-4012,medical_supply,34,low,12.973315127171203,80.13612632693112
req-4013,vehicle,22,low,13.052876953849696,80.18190158431243
req-4014,medical_supply,8,critical,13.072918640808378,80.28142154230416
req-4015,shelter_capacity,41,medium,12.904541110132735,80.1559199149829
req-4016,vehicle,7,low,12.943277939164714,80.11279159549547
req-4017,boat,15,medium,12.983898380725188,80.12478454436554
req-4018,volunteer,35,medium,13.012491255506283,80.13729890245523
req-4019,vehicle,4,low,12.9774765576224,80.26003240598232
req-4020,vehicle,50,high,12.913404746771208,80.26330120249997
req-4021,volunteer,45,medium,13.089597702593007,80.15529398607038
req-4022,shelter_capacity,6,medium,13.016228613606353,80.1474397632273
req-4023,volunteer,38,critical,12.951218930472592,80.15381150169821
req-4024,generator,33,medium,12.969729832013503,80.20152636357547
req-4025,volunteer,10,low,12.965760317257535,80.2501872835631
req-4026,vehicle,49,low,13.035041228943564,80.16425161749152
req-4027,boat,38,medium,13.037226859794831,80.1430324968316
req-4028,generator,21,critical,13.045565134948301,80.21616611130203
req-4029,volunteer,4,medium,12.96943590222612,80.13241733774666
req-4030,vehicle,30,medium,13.006975797467367,80.16572349238606
req-4031,shelter_capacity,8,low,13.069391635866225,80.22142553518096
req-4032,medical_supply,13,medium,12.962871360072239,80.1510365887508
req-4033,medical_supply,39,high,13.009191988530258,80.13360662261562
req-4034,shelter_capacity,19,high,12.917288210824724,80.17100571437588
req-4035,generator,49,medium,12.936479530550878,80.11347936274116
req-4036,shelter_capacity,20,medium,13.090561924660987,80.16100499309734
req-4037,medical_supply,29,high,13.029700521657315,80.15727011935938
req-4038,medical_supply,47,medium,13.023749949271021,80.1867040004843
req-4039,vehicle,32,medium,13.018992684463768,80.12121961540865
req-4040,medical_supply,32,medium,12.96467190499304,80.23175056899045
req-4041,vehicle,49,medium,12.97876005248356,80.10132272509945
req-4042,shelter_capacity,13,low,13.01211940979782,80.10099535000028
req-4043,boat,33,high,13.063221559135002,80.2691855596016
req-4044,shelter_capacity,49,critical,13.092194709169389,80.25224504321683
req-4045,vehicle,33,medium,12.984088732028031,80.20285750378284
req-4046,vehicle,29,low,12.957025841587301,80.18620130980861
req-4047,volunteer,3,medium,12.945545589654365,80.25692316268297
req-4048,vehicle,13,critical,13.098682232995053,80.17759474660883
req-4049,shelter_capacity,40,high,12.934119060224656,80.28097989575097
req-4050,generator,7,high,13.00096362077749,80.10672693085048
req-4051,medical_supply,6,medium,13.015623517132,80.17094929898138
req-4052,boat,40,medium,12.938680804809797,80.29137378101781
req-4053,boat,6,critical,13.061740362954211,80.25536405643997
req-4054,medical_supply,34,high,12.918220882415236,80.22703732048697
req-4055,vehicle,35,critical,12.957755302904928,80.18710252133566
req-4056,generator,46,medium,13.025502926261014,80.17329021080944
req-4057,generator,48,medium,13.0014992454794,80.2540506667505
req-4058,medical_supply,12,low,12.903490880118436,80.2450507602166
req-4059,medical_supply,47,medium,12.907409079978196,80.21477947593752
req-4060,generator,20,low,12.968928954549186,80.16454565611056
req-4061,vehicle,11,high,13.012225574019222,80.23706480308317
req-4062,shelter_capacity,17,medium,12.981125625586209,80.18456586373937
req-4063,generator,16,high,12.93875892280522,80.21266577901987
req-4064,medical_supply,45,critical,12.909807525887741,80.18285618566127
req-4065,volunteer,47,high,12.982757969299195,80.1777272345207
req-4066,medical_supply,31,medium,13.064066235465711,80.18825370406049
req-4067,shelter_capacity,24,medium,13.012508626998928,80.15906533592741
req-4068,generator,11,high,12.914796475635738,80.2642031165725
req-4069,volunteer,22,medium,13.02877553228082,80.2684156169541
req-4070,vehicle,44,low,13.019578381610106,80.14349594013089
req-4071,shelter_capacity,31,low,12.978558845759297,80.2388919977136
req-4072,medical_supply,13,high,13.072929926949971,80.23700593345104
req-4073,medical_supply,19,medium,12.9281857686484,80.1651213360859
req-4074,vehicle,34,low,13.09787084337454,80.11750380204428
req-4075,shelter_capacity,26,medium,12.935587629768982,80.21293413945878
req-4076,vehicle,17,low,13.081258236067182,80.15115283743378
req-4077,shelter_capacity,25,medium,13.042207834121704,80.25849761795125
req-4078,boat,46,medium,13.080480165461768,80.27769864750033
req-4079,boat,8,medium,12.991323464690545,80.18484305322235
req-4080,boat,32,medium,13.054735961443006,80.22688023671884
req-4081,medical_supply,19,medium,12.94696775591652,80.17562532567227
req-4082,generator,47,low,13.057146989485993,80.25052817458952
req-4083,vehicle,46,medium,12.901639286048225,80.20836597725548
req-4084,vehicle,44,medium,12.983839083363325,80.26246401369836
req-4085,medical_supply,26,medium,12.984455798046817,80.20483032634286
req-4086,shelter_capacity,37,medium,13.09663315974921,80.1194100934575
req-4087,boat,36,high,12.927598938680964,80.23310278546819
req-4088,volunteer,22,high,13.095002717978458,80.25817744610458
req-4089,generator,45,medium,13.034147809641624,80.17317308218541
req-4090,volunteer,29,medium,13.081143301482948,80.13672224710714
req-4091,medical_supply,39,low,13.040015056508803,80.10635012891667
req-4092,boat,22,critical,12.988594856618777,80.28612398840272
req-4093,vehicle,31,high,12.902371059904748,80.24188718358927
req-4094,shelter_capacity,32,medium,12.931378223066552,80.18071075579243
req-4095,volunteer,30,low,13.007070785842103,80.20810503944243
req-4096,vehicle,31,medium,12.900545186764901,80.10297877668741
req-4097,generator,12,high,12.99141921569737,80.11454912395189
req-4098,volunteer,47,low,12.983866378583366,80.28735766105838
req-4099,volunteer,43,low,13.022469640223548,80.28740848832376
req-4100,generator,18,medium,13.046416741355582,80.18349030689268
req-4101,shelter_capacity,23,medium,13.033200203112571,80.15775970025793
req-4102,boat,48,critical,12.968563672844121,80.2181763500549
req-4103,volunteer,13,low,12.942498349758932,80.18975611387498
req-4104,boat,16,low,13.015678504324459,80.24682801534449
req-4105,vehicle,18,medium,12.95422417379843,80.14112231510833
req-4106,medical_supply,3,low,13.069052164708093,80.26373598572512
req-4107,shelter_capacity,14,low,12.900096433664075,80.1571756802005
req-4108,generator,44,medium,12.935723431493306,80.19469764072069
req-4109,volunteer,28,high,13.0825505471116,80.27615321861255
req-4110,generator,22,low,13.09373275991146,80.29239129483639
req-4111,medical_supply,14,low,13.091605878922358,80.1915404427128
req-4112,medical_supply,4,medium,12.995973963518955,80.22773042181394
req-4113,vehicle,26,medium,12.982096856814078,80.13507447049143
req-4114,boat,25,medium,13.098010483681964,80.22424828236107
req-4115,volunteer,34,medium,13.073036824896823,80.24652336116895
req-4116,volunteer,30,medium,13.029778207436353,80.1243299245456
req-4117,generator,9,medium,12.948499978649034,80.18868452162549
req-4118,vehicle,19,medium,12.901273076426138,80.11753721950015
req-4119,generator,36,critical,12.943787165552681,80.25858402200137
req-4120,volunteer,3,critical,13.046394340662866,80.22919081789874
req-4121,generator,43,low,12.91462480507416,80.24760400905319
req-4122,medical_supply,47,low,13.056644207743064,80.15728314894083
req-4123,medical_supply,41,critical,12.923816358093957,80.29549858228937
req-4124,vehicle,40,high,13.026958414738106,80.22573028827352
req-4125,generator,30,low,12.910245463008142,80.26081466481662
req-4126,shelter_capacity,41,medium,12.955059140381184,80.1456046861339
req-4127,shelter_capacity,35,high,12.982196140713189,80.29633295714399
req-4128,medical_supply,8,medium,13.020818285087842,80.26186207106682
req-4129,medical_supply,8,medium,12.997543348204509,80.18422889178116
req-4130,medical_supply,37,high,13.002835131558772,80.2676242823198
req-4131,generator,46,high,13.040710593900878,80.18590008684467
req-4132,vehicle,38,low,13.058103710820475,80.18576185440722
req-4133,shelter_capacity,31,high,13.00604266798344,80.12195838930909
req-4134,shelter_capacity,10,low,13.040190461913335,80.12649901077619
req-4135,vehicle,7,low,12.94937645175515,80.26147534308396
req-4136,shelter_capacity,50,medium,12.986985842776733,80.24119853420923
req-4137,generator,21,medium,13.049491129467828,80.18383705390707
req-4138,medical_supply,39,critical,13.084815530239231,80.1366850000798
req-4139,shelter_capacity,37,medium,12.907928615991894,80.21121091730146
req-4140,medical_supply,42,high,12.959304712685475,80.23717453097979
req-4141,generator,41,medium,12.927630898997657,80.25853520402663
req-4142,volunteer,49,medium,13.019026932805321,80.17034641031928
req-4143,shelter_capacity,24,medium,13.007219250508044,80.1475806906382
req-4144,medical_supply,34,medium,12.984801036349294,80.187249965616
req-4145,medical_supply,2,medium,12.960994533473475,80.16260614990223
req-4146,vehicle,35,medium,12.948663717081288,80.26341588246687
req-4147,medical_supply,8,medium,12.933867097316375,80.25621385600796
req-4148,volunteer,40,medium,12.930549372386587,80.104510498776
req-4149,boat,22,medium,12.932451448479055,80.23391832178316
req-4150,vehicle,34,medium,12.983899929213905,80.10006499565371
req-4151,generator,3,medium,13.096799612552255,80.26954572830866
req-4152,shelter_capacity,49,high,12.94232505038936,80.19334405481028
req-4153,vehicle,14,medium,13.003272066765543,80.2404378208845
req-4154,medical_supply,11,high,12.951900531216232,80.10144299645722
req-4155,volunteer,44,medium,13.09301089934038,80.27910482844239
req-4156,vehicle,32,medium,13.039916705557767,80.17433653719397
req-4157,vehicle,16,medium,13.086243766003964,80.14736483386478
req-4158,volunteer,38,high,12.912892401643283,80.14100654114014
req-4159,medical_supply,1,medium,13.017126261694244,80.12099192921528
req-4160,generator,8,medium,12.904935744137095,80.20353438678555
req-4161,medical_supply,30,medium,12.968188860246173,80.12893929866247
req-4162,boat,37,medium,12.970671626857312,80.20882810954728
req-4163,boat,38,low,13.019334425416057,80.26988365536042
req-4164,generator,37,low,12.970426843197183,80.25578922902945
req-4165,medical_supply,6,low,13.021756834784382,80.145993008285
req-4166,vehicle,28,low,13.09171796201473,80.19342977766317
req-4167,boat,41,critical,12.997361350361585,80.13609418661085
req-4168,vehicle,7,medium,13.065630036718991,80.14527615676937
req-4169,boat,32,medium,12.943278451164208,80.20321379733366
req-4170,medical_supply,40,critical,12.954166168904566,80.14995496302467
req-4171,shelter_capacity,43,medium,13.01904354531368,80.13797429745472
req-4172,volunteer,19,medium,12.93492127406163,80.24440300828255
req-4173,boat,18,low,13.053957319047898,80.2701622423032
req-4174,shelter_capacity,3,medium,12.962899561348213,80.11590791040761
req-4175,medical_supply,1,medium,13.088810587926053,80.18439713450819
req-4176,generator,1,low,13.088679620440363,80.26621341463625
req-4177,medical_supply,12,medium,12.944911774633578,80.23691446130837
req-4178,volunteer,25,low,13.089189588675714,80.1211384102277
req-4179,boat,23,high,12.97976935271388,80.10022127786911
req-4180,vehicle,12,high,13.083472894930331,80.24571085197027
req-4181,vehicle,7,low,13.018002802807407,80.15543373493347
req-4182,shelter_capacity,21,medium,13.048316094355732,80.2313878488282
req-4183,volunteer,17,medium,13.05257582157961,80.2710467557512
req-4184,volunteer,25,high,12.95114541666628,80.1291830717513
req-4185,volunteer,19,critical,12.973194925682545,80.24067731005725
req-4186,volunteer,28,low,12.972244056103442,80.118594489143
req-4187,shelter_capacity,37,low,13.097222433362163,80.21806006440814
req-4188,boat,12,medium,12.998169347151599,80.1017610042673
req-4189,volunteer,4,low,12.970697973187304,80.14514645703078
req-4190,boat,38,high,12.927150751331265,80.22490453188112
req-4191,boat,4,medium,12.974191783537657,80.16572704988133
req-4192,shelter_capacity,45,medium,13.022630048669974,80.14237499221683
req-4193,shelter_capacity,44,medium,12.949558545412582,80.16485523038911
req-4194,volunteer,45,low,12.975967905494125,80.14466583343675
req-4195,shelter_capacity,19,medium,13.056193086327868,80.25699921501935
req-4196,medical_supply,11,medium,13.034072762044214,80.23558587404146
req-4197,vehicle,27,low,13.050560642729991,80.14064100095636
req-4198,boat,34,medium,12.909821654380444,80.13158406910031
req-4199,medical_supply,46,medium,13.073844697607418,80.21731443066172
req-4200,shelter_capacity,2,medium,12.984203340070918,80.2396235084584
req-4201,medical_supply,25,medium,12.986634747432955,80.15278571920408
req-4202,boat,29,high,13.097389208547872,80.2602354029211
req-4203,shelter_capacity,38,medium,12.993447764509103,80.27220564396562
req-4204,medical_supply,4,medium,13.094453920083131,80.27808007188976
req-4205,shelter_capacity,16,medium,12.950423398254346,80.25667499924478
req-4206,volunteer,7,high,12.904099555776776,80.21495214622774
req-4207,boat,3,high,13.085835671643842,80.26385630879354
req-4208,boat,35,medium,13.092694296083781,80.24786063449227
req-4209,boat,28,low,12.91278194882119,80.25633269878804
req-4210,vehicle,40,medium,12.96688087251846,80.21327861636483
req-4211,vehicle,39,low,12.9665828192715,80.13809135657748
req-4212,boat,47,medium,12.911854150082675,80.11939757159655
req-4213,medical_supply,36,high,12.924550987007757,80.17510803767247
req-4214,medical_supply,32,medium,13.046297532236096,80.10959861951046
req-4215,shelter_capacity,4,low,12.918753619377414,80.28022526359732
req-4216,vehicle,40,medium,13.020859143267844,80.21196813605117
req-4217,shelter_capacity,37,high,13.08211030238495,80.21680342612845
req-4218,medical_supply,25,critical,13.018670179519477,80.237186011277
req-4219,shelter_capacity,32,medium,13.024894567011138,80.24392188228472
req-4220,boat,18,medium,12.977335289146929,80.10000235108977
req-4221,medical_supply,6,medium,12.908566743707807,80.23895633751411
req-4222,medical_supply,18,high,13.048250288376419,80.24590676517803
req-4223,volunteer,16,low,12.970477446259878,80.11589332347684
req-4224,generator,26,critical,13.02574872340456,80.29312320150778
req-4225,volunteer,17,critical,13.029036190152436,80.19190149942854
req-4226,shelter_capacity,42,medium,13.070569741071202,80.1015043495993
req-4227,volunteer,29,high,13.086399489181638,80.26320886423497
req-4228,generator,19,medium,12.946316682204134,80.2450319311695
req-4229,vehicle,41,medium,12.920127679630236,80.16844649355482
req-4230,shelter_capacity,4,high,12.958636241439935,80.28810591201378
req-4231,volunteer,16,critical,12.959335598365529,80.15677367305874
req-4232,medical_supply,10,critical,12.996669352616333,80.29395008014721
req-4233,medical_supply,31,medium,12.94836434449006,80.12209862086183
req-4234,volunteer,29,medium,12.9353604243311,80.28024409945148
req-4235,volunteer,44,medium,12.986833671458355,80.27836635281525
req-4236,generator,47,low,12.961551699758713,80.29209453391644
req-4237,medical_supply,13,medium,12.99478820414542,80.19519176492999
req-4238,medical_supply,35,low,13.000097926827042,80.29569678481131
req-4239,vehicle,6,medium,12.901223818709788,80.14083442260377
req-4240,boat,30,medium,13.072929984502855,80.2470184091486
req-4241,shelter_capacity,27,high,13.067493377041353,80.10815334531597
req-4242,vehicle,13,high,12.96127743502538,80.15845054393708
req-4243,shelter_capacity,11,medium,13.091103570006743,80.11700837254124
req-4244,medical_supply,9,low,12.917277923190277,80.21179783525821
req-4245,volunteer,9,medium,13.057719495331519,80.14143827146964
req-4246,boat,10,high,12.980793512913598,80.14122940603677
req-4247,vehicle,18,high,13.094301677825698,80.18155847899767
req-4248,medical_supply,23,high,12.952104353520197,80.18839309879887
req-4249,boat,17,high,12.936446952285593,80.23219803945395
req-4250,volunteer,44,critical,12.961715532502613,80.11147305599349
req-4251,generator,4,critical,12.91589844781255,80.23551102357676
req-4252,vehicle,27,medium,13.031188238202546,80.12194341157979
req-4253,boat,17,high,12.943568187094879,80.25058753951595
req-4254,vehicle,41,medium,13.048341591562387,80.20258406668317
req-4255,volunteer,50,critical,12.963484399722267,80.29755675940572
req-4256,medical_supply,22,medium,12.970497195834703,80.20166978719206
req-4257,shelter_capacity,16,low,13.00979404799049,80.28341171252251
req-4258,boat,3,high,12.938699207744289,80.26303865240286
req-4259,medical_supply,36,high,13.005174154624713,80.15459841690067
req-4260,shelter_capacity,26,medium,13.02681738526149,80.28346858681262
req-4261,generator,6,medium,12.91875076701669,80.21090510298951
req-4262,generator,33,low,13.08877330467059,80.18053176313548
req-4263,shelter_capacity,5,critical,12.965250481898197,80.10683780007588
req-4264,generator,25,critical,13.009146680323793,80.20700364016076
req-4265,shelter_capacity,19,medium,13.074536471748768,80.2260771695973
req-4266,boat,17,medium,12.98690509448716,80.1730068685738
req-4267,vehicle,45,low,12.931266184507212,80.12285159584916
req-4268,generator,28,medium,13.003561440074543,80.28754525725589
req-4269,boat,32,medium,12.909076520811468,80.1280300729695
req-4270,volunteer,45,medium,12.953354043916654,80.17707981499937
req-4271,generator,1,medium,12.975846016024517,80.15629733209353
req-4272,shelter_capacity,48,low,12.907049772745799,80.20956931562911
req-4273,shelter_capacity,26,medium,12.992724703918439,80.12140438441473
req-4274,boat,39,medium,13.027176354180945,80.19780454989035
req-4275,boat,45,critical,12.959726372352202,80.18977268556053
req-4276,shelter_capacity,14,medium,13.028792791595231,80.10069862469138
req-4277,shelter_capacity,1,high,12.919312264051682,80.22273348479955
req-4278,generator,29,medium,12.989656486471073,80.14206427072006
req-4279,medical_supply,7,medium,12.91678799186182,80.28517165390592
req-4280,medical_supply,13,high,12.907742506555508,80.25621228560921
req-4281,shelter_capacity,2,medium,13.03042038555031,80.19835057722727
req-4282,generator,19,medium,13.059372185906433,80.22495179643872
req-4283,generator,44,low,13.014758848596214,80.1230383002816
req-4284,volunteer,32,medium,12.968414563033166,80.20902397463684
req-4285,volunteer,50,low,12.966600005747269,80.263305818567
req-4286,boat,27,medium,13.058217391523963,80.17641876793046
req-4287,shelter_capacity,40,critical,13.081439361232563,80.23574881812907
req-4288,medical_supply,29,critical,13.023418827857082,80.17825184523683
req-4289,volunteer,12,high,12.920196219379111,80.12710964348996
req-4290,boat,23,medium,12.902286653070973,80.13274876228957
req-4291,medical_supply,19,medium,12.959881490169998,80.16583198884847
req-4292,vehicle,48,high,12.912189185789401,80.27490598475151
req-4293,volunteer,49,high,13.013702046998523,80.22287500282172
req-4294,boat,3,medium,12.922493362051483,80.13280056886565
req-4295,volunteer,27,low,13.00578844476234,80.22098619146458
req-4296,vehicle,22,low,12.951704912861908,80.16240255018643
req-4297,medical_supply,16,critical,12.929905067880929,80.26816166110741
req-4298,medical_supply,21,medium,13.085005916443924,80.10419355697697
req-4299,volunteer,41,medium,13.090692221977383,80.13423363216694
req-4300,vehicle,43,medium,13.074803995884103,80.28719617329565
req-4301,vehicle,22,medium,12.979228990065176,80.27116623953142
req-4302,boat,43,medium,13.007859349274307,80.21863083335465
req-4303,volunteer,26,low,13.020143206509886,80.21730541934045
req-4304,vehicle,37,low,13.089659027790121,80.26241050451584
req-4305,generator,7,medium,12.99989776220681,80.2273193266738
req-4306,medical_supply,45,high,12.992839278266105,80.18719575710365
req-4307,generator,12,medium,12.916922143653107,80.11410863305706
req-4308,boat,7,medium,13.077272099341167,80.16528927963157
req-4309,generator,21,medium,12.948780172492786,80.13431458449968
req-4310,medical_supply,27,low,13.09173844616968,80.27457838222658
req-4311,shelter_capacity,26,medium,12.919518576929244,80.17231648958587
req-4312,medical_supply,16,medium,13.049709921406253,80.2579624058301
req-4313,volunteer,19,high,13.068658461782759,80.29435973782749
req-4314,boat,28,medium,12.908190913153534,80.27619129212543
req-4315,boat,37,high,13.032450280256688,80.16296275062712
req-4316,shelter_capacity,44,medium,13.046719943056774,80.17946352146423
req-4317,volunteer,50,medium,12.989840073795449,80.27302314173049
req-4318,medical_supply,39,medium,12.952542640309256,80.19135232131075
req-4319,vehicle,10,low,12.971085765837463,80.16131759728879
req-4320,shelter_capacity,2,high,13.01816834520214,80.2399920519483
req-4321,boat,34,medium,12.991250162409138,80.16759870264282
req-4322,medical_supply,27,low,13.094792735978828,80.11552593019321
req-4323,volunteer,5,medium,12.99699803385592,80.23853844055375
req-4324,boat,15,medium,12.98095163502697,80.26949254989903
req-4325,generator,2,medium,12.936757447787365,80.15532469668108
req-4326,boat,34,critical,13.039051874376504,80.2188166734003
req-4327,shelter_capacity,8,medium,12.911258015067109,80.15507431524132
req-4328,volunteer,27,high,12.904608439719775,80.10393642173666
req-4329,medical_supply,36,medium,13.081942830194228,80.1025183791204
req-4330,shelter_capacity,25,high,12.956961024380796,80.23083426821097
req-4331,volunteer,33,medium,13.044240694335002,80.13235645237229
req-4332,boat,3,medium,13.082248806860955,80.2114724488969
req-4333,shelter_capacity,7,medium,12.985487261242099,80.22251965316885
req-4334,vehicle,20,low,12.995981320102114,80.25418433617202
req-4335,shelter_capacity,10,critical,12.984532294372007,80.12898424397902
req-4336,boat,3,critical,12.914700908664793,80.28999226117305
req-4337,medical_supply,46,low,12.988330034601672,80.22796586061992
req-4338,generator,19,low,12.953147097372526,80.18604886544875
req-4339,shelter_capacity,41,medium,13.040438376337795,80.21394993405323
req-4340,vehicle,45,critical,12.927430104382584,80.12025077858843
req-4341,volunteer,40,medium,12.980290626270717,80.29463673514607
req-4342,medical_supply,12,medium,12.952423187926216,80.27574740366919
req-4343,volunteer,14,high,12.915598418667503,80.12316672346071
req-4344,generator,49,medium,12.927576880040464,80.16172671374035
req-4345,generator,42,medium,13.062209426067444,80.10516320158479
req-4346,shelter_capacity,35,medium,12.968636287224879,80.20252633670584
req-4347,generator,13,medium,13.086564744074002,80.20417474066262
req-4348,generator,14,medium,12.922353922338697,80.23572303001218
req-4349,vehicle,3,low,12.900847751490502,80.16723420135104
req-4350,medical_supply,18,high,13.009034522989818,80.13320061635625
req-4351,generator,42,high,12.929055361484405,80.1335808874879
req-4352,generator,41,medium,13.042628317578304,80.22876535227226
req-4353,generator,47,high,13.047708428673623,80.12561043255577
req-4354,vehicle,17,low,13.0912520105061,80.20034084110473
req-4355,boat,8,medium,12.979100721486462,80.15915463332168
req-4356,medical_supply,11,high,12.987610395306831,80.1845820177389
req-4357,generator,15,medium,13.094358998434465,80.1297178147493
req-4358,medical_supply,18,medium,13.06110217967331,80.16932903029566
req-4359,shelter_capacity,44,medium,13.009989741770495,80.18974880078453
req-4360,boat,18,medium,13.05907438084007,80.1734411923087
req-4361,vehicle,5,medium,13.018768028285358,80.2849580499902
req-4362,vehicle,2,high,13.055914532440823,80.25703761734673
req-4363,shelter_capacity,41,low,13.013541618260634,80.1661271912796
req-4364,vehicle,7,medium,12.91624948303611,80.26917895463131
req-4365,shelter_capacity,26,medium,13.048796554250243,80.1155916982443
req-4366,boat,12,low,13.095217888875691,80.1939790183994
req-4367,generator,34,low,13.024318167726085,80.19244767169809
req-4368,vehicle,38,medium,13.041208646371937,80.21663523539722
req-4369,generator,16,medium,13.079501262639296,80.29342725222305
req-4370,shelter_capacity,17,high,13.019164194358924,80.10402636108776
req-4371,boat,49,medium,13.008507930941043,80.19987612317924
req-4372,medical_supply,9,medium,12.982493860149717,80.28344874843162
req-4373,shelter_capacity,42,high,12.940363978185012,80.27035674578356
req-4374,medical_supply,30,medium,12.991771145160476,80.10149540454991
req-4375,shelter_capacity,50,medium,12.910818253074675,80.13681495931752
req-4376,volunteer,32,high,12.972462047971556,80.10566856093615
req-4377,vehicle,16,high,12.969800504094383,80.2306725525017
req-4378,volunteer,43,critical,12.947200876199492,80.2310288422914
req-4379,medical_supply,19,medium,13.035715850845218,80.28050647550917
req-4380,medical_supply,24,medium,13.002764160522034,80.25506064174748
req-4381,volunteer,1,medium,12.908844408759695,80.18575395855734
req-4382,medical_supply,44,critical,13.005993235283636,80.19877229653495
req-4383,boat,22,low,13.045548093309252,80.13690063014694
req-4384,medical_supply,3,medium,12.949290229590726,80.27272186252202
req-4385,medical_supply,7,medium,12.918740884091699,80.10015674915859
req-4386,generator,2,high,12.930216221413444,80.19430417914697
req-4387,shelter_capacity,24,medium,13.067740937552802,80.2001407485126
req-4388,generator,18,high,12.931711904524967,80.2843709988545
req-4389,shelter_capacity,29,medium,13.083848179428745,80.21563220322085
req-4390,medical_supply,16,medium,13.068928220428116,80.17409258300796
req-4391,volunteer,40,medium,13.092798520311058,80.24615687663291
req-4392,vehicle,46,low,13.062773465498122,80.18263461519203
req-4393,generator,12,high,13.072971179418785,80.14104938552427
req-4394,volunteer,2,medium,13.039938253825582,80.26429987368783
req-4395,shelter_capacity,7,low,13.075544775168051,80.10610317686236
req-4396,volunteer,47,high,12.9978007177225,80.2658798651575
req-4397,vehicle,45,critical,12.903779743459129,80.10901662568659
req-4398,generator,47,medium,13.01599932654103,80.29643959201823
req-4399,generator,4,high,12.94665175638728,80.10872669330038
req-4400,medical_supply,43,medium,12.934177587574757,80.12387238583555
req-4401,boat,14,medium,12.964272058819857,80.19939092473216
req-4402,shelter_capacity,27,critical,12.901452072140819,80.18136590719791
req-4403,medical_supply,50,medium,12.981708040996654,80.13186305539567
req-4404,volunteer,41,medium,13.077548219275819,80.10758825829144
req-4405,vehicle,46,medium,13.0202174912156,80.14348766354743
req-4406,volunteer,10,medium,13.096360520524142,80.28278824295113
req-4407,medical_supply,16,medium,13.095157861177995,80.2709155420588
req-4408,generator,41,critical,12.995727682395914,80.27324009027393
req-4409,boat,7,medium,13.047569528570722,80.2411634176038
req-4410,shelter_capacity,27,medium,13.032179174239566,80.25027498934615
req-4411,boat,16,medium,12.990495801212427,80.11108943573731
req-4412,medical_supply,45,medium,12.927513154737747,80.22584711059424
req-4413,vehicle,13,medium,13.0842250113367,80.14244262852719
req-4414,medical_supply,45,low,13.00015317215793,80.17145299948915
req-4415,boat,46,high,12.942514486550072,80.27163342413947
req-4416,shelter_capacity,48,critical,12.959826624143021,80.14197018135378
req-4417,volunteer,34,medium,13.046713939212994,80.20687573379998
req-4418,boat,32,high,13.02279409393457,80.24439469544217
req-4419,volunteer,5,medium,12.960694335235512,80.23032935006842
req-4420,vehicle,19,medium,13.03496671190952,80.14074080208842
req-4421,vehicle,4,critical,13.071130903443029,80.15213902041353
req-4422,medical_supply,21,low,13.058240880062828,80.29760373777972
req-4423,vehicle,10,medium,12.939008718478,80.24242130067475
req-4424,boat,31,critical,12.942100381580943,80.2574418939845
req-4425,generator,24,medium,13.028342061925962,80.1743532789803
req-4426,volunteer,25,high,13.075416339368921,80.14577398397202
req-4427,shelter_capacity,23,critical,12.918808567440708,80.229120671516
req-4428,volunteer,22,high,13.09764906150398,80.22402508555012
req-4429,vehicle,45,medium,12.913217948320494,80.18683883801516
req-4430,vehicle,9,critical,12.92416958934241,80.16603565466663
req-4431,volunteer,9,medium,13.096243024768293,80.12879765507844
req-4432,shelter_capacity,24,medium,12.92229410668468,80.14318826841905
req-4433,generator,7,medium,13.083002292483638,80.29428028111975
req-4434,shelter_capacity,16,low,12.973256392991832,80.1060475424205
req-4435,medical_supply,48,medium,13.06827862247282,80.22014777402245
req-4436,medical_supply,16,medium,12.913686310958237,80.13359396858293
req-4437,vehicle,17,critical,12.969932812731267,80.29304216137696
req-4438,generator,45,low,13.001238439203176,80.26038310344568
req-4439,vehicle,5,high,12.901143982294494,80.26415600616079
req-4440,volunteer,3,low,13.091480879151934,80.24278564462882
req-4441,generator,18,medium,12.953199978977727,80.11499115918605
req-4442,generator,7,medium,12.92839633396559,80.2320774322835
req-4443,volunteer,14,high,13.001379812902073,80.13918323449374
req-4444,medical_supply,2,medium,12.927296858505358,80.10514144058544
req-4445,shelter_capacity,3,critical,13.099175434258653,80.14263274268757
req-4446,medical_supply,43,low,13.011433617999607,80.16869732422255
req-4447,vehicle,17,low,13.080104226938102,80.15983531615477
req-4448,shelter_capacity,4,high,13.097882453437364,80.1731740879626
req-4449,boat,7,high,12.949734384558587,80.27857794835101
req-4450,volunteer,27,critical,13.017974721128152,80.2882279957862
req-4451,volunteer,42,medium,13.045175208271186,80.1813410381857
req-4452,medical_supply,26,medium,13.063120394147704,80.20786532568123
req-4453,shelter_capacity,50,high,13.087789412673628,80.16306034241532
req-4454,shelter_capacity,34,low,12.934464205622264,80.2156681777366
req-4455,volunteer,28,medium,13.079027923041354,80.2413918249192
req-4456,volunteer,2,medium,13.031829511848295,80.26620339771965
req-4457,medical_supply,29,medium,13.023865377041988,80.22687865588554
req-4458,medical_supply,13,medium,12.91080776903973,80.21405566099749
req-4459,medical_supply,13,medium,13.047786071601113,80.18170145691046
req-4460,medical_supply,4,high,13.0252425654789,80.29395289684265
req-4461,boat,11,high,13.084819964328132,80.12213055243055
req-4462,generator,5,medium,12.976875212042806,80.26512487234534
req-4463,generator,20,high,12.956015751787657,80.16313883016836
req-4464,medical_supply,24,critical,12.99060807047361,80.19583541681628
req-4465,generator,44,high,12.968255776487684,80.19257924321919
req-4466,shelter_capacity,44,high,13.06241720835488,80.22200384846448
req-4467,generator,12,critical,12.923666823228544,80.17323551363766
req-4468,boat,38,high,12.941688662294373,80.12544744160147
req-4469,boat,6,medium,12.952620574318683,80.13140011403691
req-4470,generator,6,medium,13.095184427199694,80.23390379438628
req-4471,volunteer,10,critical,13.018231777268477,80.18845147691572
req-4472,medical_supply,27,low,12.983370981372968,80.14451766244176
req-4473,medical_supply,8,critical,13.080223681024163,80.12312721914745
req-4474,generator,7,medium,13.035252496908974,80.11369287311608
req-4475,medical_supply,26,medium,13.051665738349866,80.16690779632856
req-4476,volunteer,38,medium,13.002878688982959,80.14532105564275
req-4477,medical_supply,38,critical,13.097585088300441,80.29955809184379
req-4478,boat,13,high,12.967722745138886,80.22142302058724
req-4479,boat,26,high,13.035747978735463,80.27110949423317
req-4480,boat,2,medium,13.024357552778286,80.1296647787623
req-4481,boat,41,medium,13.093764191644032,80.17811832833947
req-4482,medical_supply,44,medium,12.977285908822926,80.21022594706074
req-4483,volunteer,5,medium,12.952703169814793,80.15194149940986
req-4484,vehicle,32,low,13.065910178168712,80.25736372934529
req-4485,vehicle,24,medium,12.953524014647742,80.28424730048827
req-4486,medical_supply,49,high,13.015881265058757,80.29114011408114
req-4487,medical_supply,15,medium,12.90171829067193,80.18482263352159
req-4488,volunteer,27,medium,12.939648654674057,80.15260438835124
req-4489,shelter_capacity,28,medium,13.086755078895381,80.14248385271868
req-4490,volunteer,42,high,12.98766471926551,80.19816812916405
req-4491,vehicle,13,high,13.060895494197423,80.27291076224505
req-4492,generator,27,medium,13.020566116687567,80.17280168189623
req-4493,boat,39,low,13.098094182370348,80.13767925094538
req-4494,shelter_capacity,9,medium,12.99764919001225,80.25265507009844
req-4495,medical_supply,30,high,12.912206782057455,80.10056457952093
req-4496,boat,3,medium,13.053081420750571,80.13018573782863
req-4497,shelter_capacity,22,low,13.025222336776777,80.19658482092505
req-4498,boat,24,medium,12.94468885545718,80.19517341237324
req-4499,shelter_capacity,22,medium,12.969702321231678,80.22358003034964
req-4500,volunteer,5,low,13.065877621062766,80.27557011383092
req-4501,volunteer,35,medium,12.991883696544075,80.20996958468642
req-4502,boat,14,medium,13.098428865617219,80.24447535453825
req-4503,volunteer,23,medium,13.08909418066979,80.19441699874996
req-4504,boat,26,high,12.957994115973603,80.28775130009163
req-4505,volunteer,16,medium,12.947426593941778,80.28334817780693
req-4506,medical_supply,42,medium,13.000026627244967,80.19039363324592
req-4507,vehicle,16,high,12.969994932733183,80.23462339447507
req-4508,generator,27,medium,13.002800566772152,80.15635643995095
req-4509,shelter_capacity,10,low,12.90731728410118,80.24199419837242
req-4510,generator,42,low,12.906388704290244,80.16035968167945
req-4511,vehicle,34,critical,13.01928195770937,80.29127225115805
req-4512,vehicle,19,medium,13.051543202296871,80.19516491115783
req-4513,boat,26,medium,13.007424042082722,80.28532425616054
req-4514,shelter_capacity,50,high,12.989372359502378,80.13786423958801
req-4515,shelter_capacity,27,medium,12.938142482533454,80.16042507731576
req-4516,shelter_capacity,9,high,12.918107639821164,80.2089884051696
req-4517,shelter_capacity,33,low,13.082537036940245,80.28769632950441
req-4518,boat,25,medium,13.00421027366294,80.28414016769337
req-4519,shelter_capacity,25,medium,13.037506156120829,80.19316015955896
req-4520,vehicle,19,medium,12.901153007455713,80.19377147985853
req-4521,shelter_capacity,8,high,12.967813613249639,80.29307985035558
req-4522,generator,30,medium,12.932212708112349,80.19539640430622
req-4523,boat,15,high,13.039424913463527,80.11602265683187
req-4524,boat,36,medium,12.921712212362118,80.1829772053831
req-4525,medical_supply,3,medium,12.903396431294253,80.28337529293943
req-4526,shelter_capacity,2,high,12.9357277756875,80.29069592837519
req-4527,boat,10,medium,13.036980240159572,80.23647031830865
req-4528,boat,37,low,13.078703136828524,80.27877575327807
req-4529,generator,27,critical,12.963526703426766,80.13107291983854
req-4530,volunteer,14,medium,12.988220881712,80.15706576703163
req-4531,medical_supply,22,medium,12.95216043274916,80.15922234141881
req-4532,vehicle,13,low,13.073504399990766,80.11318411541262
req-4533,volunteer,39,medium,13.05540976440101,80.18011352035012
req-4534,medical_supply,26,low,12.90629821143336,80.18368880906986
req-4535,boat,15,medium,12.930678022384747,80.24265457448045
req-4536,boat,26,low,12.923936730260568,80.16083008043393
req-4537,vehicle,15,high,12.963584440660412,80.27524732486772
req-4538,medical_supply,44,medium,12.97666235768871,80.1035714944508
req-4539,medical_supply,15,medium,13.02993101179927,80.11871505156836
req-4540,medical_supply,17,medium,13.087569582702447,80.22823301819724
req-4541,medical_supply,44,medium,12.931311882489192,80.29395770347513
req-4542,generator,50,critical,12.974028570510798,80.16279842983948
req-4543,vehicle,50,critical,13.023018000110127,80.19216358171812
req-4544,boat,18,low,13.046189957716233,80.29435541119332
req-4545,shelter_capacity,2,medium,13.073679441437864,80.15454487283658
req-4546,boat,38,high,13.008576339724504,80.15232822021925
req-4547,volunteer,28,critical,12.942063711020964,80.28660168949645
req-4548,shelter_capacity,46,low,13.050513843418589,80.23387367969944
req-4549,vehicle,14,medium,13.060534631777845,80.18171915877224
req-4550,shelter_capacity,42,high,12.956974581195785,80.180483656855
req-4551,boat,12,low,12.905167430386909,80.10953823756795
req-4552,shelter_capacity,17,medium,13.026803544969107,80.12841377213283
req-4553,medical_supply,35,low,12.980352941235191,80.23470486130456
req-4554,vehicle,29,medium,13.050910433891275,80.13281313541415
req-4555,shelter_capacity,33,medium,12.970819951738159,80.10568132031109
req-4556,medical_supply,35,critical,12.989617958011339,80.23372930886286
req-4557,boat,25,critical,13.012170084313112,80.17774640253971
req-4558,volunteer,15,low,12.986480468619021,80.18256128985706
req-4559,medical_supply,43,medium,12.99719292551064,80.18370768711428
req-4560,shelter_capacity,50,low,12.936251191366262,80.24085286977734
req-4561,medical_supply,6,medium,13.083991523721561,80.13429646383074
req-4562,vehicle,16,medium,12.966860766129464,80.21107355190128
req-4563,generator,44,medium,13.08287482563093,80.21092234194141
req-4564,medical_supply,37,high,12.903540059367016,80.2871897154402
req-4565,vehicle,19,critical,13.07874591353169,80.16836520961843
req-4566,generator,4,medium,13.088979002325924,80.17468133769141
req-4567,boat,46,medium,12.957999598405275,80.1911001588907
req-4568,generator,26,critical,13.034530323519716,80.12751923279454
req-4569,generator,12,low,12.903688110069767,80.14383737200639
req-4570,volunteer,15,medium,13.019813707353844,80.12871073866249
req-4571,vehicle,35,medium,12.917576055411118,80.17188132833166
req-4572,volunteer,50,high,13.008563738223827,80.10802233697733
req-4573,medical_supply,31,high,13.067878005670979,80.11831626648294
req-4574,vehicle,3,high,12.921947125037981,80.25396920180314
req-4575,vehicle,39,medium,12.984827476948466,80.12311150884557
req-4576,shelter_capacity,29,medium,12.93756231374433,80.24813027505067
req-4577,shelter_capacity,14,medium,13.018414718783953,80.28556381952323
req-4578,shelter_capacity,38,medium,12.935228412564907,80.20653395494669
req-4579,shelter_capacity,30,medium,12.975582253310035,80.21873204674971
req-4580,vehicle,29,medium,13.036976609775424,80.10631885219881
req-4581,boat,42,medium,12.92360623473515,80.17575198720989
req-4582,shelter_capacity,34,critical,12.97137681672785,80.10593446517461
req-4583,shelter_capacity,21,medium,13.025563220187607,80.29316810239429
req-4584,vehicle,23,critical,13.081274414358756,80.25621231546185
req-4585,vehicle,46,medium,13.078543051642844,80.10846925372142
req-4586,medical_supply,28,critical,12.985177097084582,80.27558572528504
req-4587,shelter_capacity,42,medium,13.054885336235388,80.14958487258701
req-4588,boat,32,critical,13.040394716361916,80.18254382318345
req-4589,boat,45,medium,13.013412804553315,80.15550046204123
req-4590,boat,9,high,13.052518217138255,80.25180592313869
req-4591,boat,32,medium,12.977799581363083,80.22134436528796
req-4592,generator,49,high,13.058822912591793,80.18804237697583
req-4593,vehicle,6,critical,13.008690799411397,80.17001452243612
req-4594,boat,1,medium,13.088264988468023,80.24116231086977
req-4595,vehicle,29,low,13.08145474384465,80.22834018687766
req-4596,vehicle,35,medium,12.99819536991193,80.17109850317254
req-4597,medical_supply,38,medium,12.941071313691996,80.12419930184765
req-4598,vehicle,43,medium,12.918160136026918,80.24138137673626
req-4599,vehicle,27,medium,13.057085098645823,80.28213011738607
req-4600,volunteer,31,medium,13.055052350187188,80.18099878115686
req-4601,vehicle,2,high,12.921063066016389,80.12725155803024
req-4602,generator,34,medium,13.030746422003665,80.18423281206803
req-4603,vehicle,46,low,13.044673037423642,80.15821344913947
req-4604,medical_supply,44,medium,13.01950586110289,80.2069654241844
req-4605,vehicle,47,low,13.074039244652871,80.18839982809442
req-4606,boat,21,medium,13.031490270004412,80.25105647343932
req-4607,medical_supply,36,medium,13.07436401924146,80.13621568730198
req-4608,generator,23,high,12.938231951881212,80.10399479642011
req-4609,volunteer,27,medium,13.022240513696875,80.16471484315625
req-4610,medical_supply,25,medium,12.977875827699346,80.15581368272001
req-4611,generator,40,medium,12.937943418187466,80.24780695354322
req-4612,shelter_capacity,21,medium,12.973635600675703,80.29706146085661
req-4613,generator,3,high,13.010930032387877,80.2692568022102
req-4614,medical_supply,16,medium,12.904627369623746,80.20634596694997
req-4615,vehicle,18,low,13.055816178917365,80.12778609882565
req-4616,medical_supply,6,low,12.991185690291053,80.29005774879496
req-4617,vehicle,47,low,13.049701045581452,80.28610781584867
req-4618,medical_supply,46,medium,13.060215698173039,80.28772481076098
req-4619,generator,24,medium,13.032383753622195,80.17309042708824
req-4620,volunteer,33,low,13.067296594757984,80.16791208491514
req-4621,generator,1,critical,13.00970329662565,80.24711846774301
req-4622,boat,37,high,12.995409916558042,80.13985179810084
req-4623,volunteer,32,high,13.095688449988222,80.14828204534
req-4624,vehicle,38,medium,13.016732893413664,80.18624362315694
req-4625,volunteer,18,medium,13.040258326066725,80.14435311081034
req-4626,generator,31,high,13.014227130418947,80.20031685045451
req-4627,boat,18,low,12.907639670031205,80.23784172715253
req-4628,medical_supply,32,high,12.934483446817515,80.1406456933267
req-4629,boat,2,high,13.006306833013019,80.29641034559751
req-4630,generator,8,medium,12.976114410958612,80.14822343053882
req-4631,boat,33,critical,13.046274195677118,80.25442940624114
req-4632,generator,31,medium,13.068554710802497,80.11974801517997
req-4633,shelter_capacity,43,medium,13.051192155719523,80.29242176091593
req-4634,shelter_capacity,39,low,12.991526234639254,80.23971131648436
req-4635,volunteer,40,critical,12.931983834106743,80.12177835807498
req-4636,volunteer,36,high,13.041358411876944,80.10923383033916
req-4637,boat,25,medium,12.919262553737127,80.19662772839108
req-4638,boat,16,critical,13.09996752272695,80.24792443926793
req-4639,vehicle,49,medium,12.99686558765837,80.16763606008084
req-4640,medical_supply,2,high,13.075043899126147,80.13885452647271
req-4641,medical_supply,49,medium,13.061526104132113,80.22122933807597
req-4642,volunteer,36,medium,13.047423197898263,80.15480171328143
req-4643,boat,44,high,13.07562844218257,80.29143996150805
req-4644,vehicle,3,high,13.013576234485525,80.29676906414544
req-4645,generator,31,critical,13.096222214008057,80.23431226700549
req-4646,shelter_capacity,24,critical,12.921294184849172,80.15847969573657
req-4647,vehicle,37,critical,12.908112332248985,80.25420415310147
req-4648,shelter_capacity,35,high,13.075665360673062,80.16597677809526
req-4649,boat,5,high,13.079458655861048,80.20556899120955
req-4650,shelter_capacity,20,high,12.962361378051833,80.1609930879201
req-4651,vehicle,32,high,12.903203369622242,80.19430059533806
req-4652,vehicle,3,medium,13.000314727699301,80.29270989117657
req-4653,generator,33,medium,12.937374360766134,80.1176163370499
req-4654,generator,38,medium,13.033704028179072,80.1709750973469
req-4655,boat,47,medium,13.056957097621027,80.2634222618834
req-4656,volunteer,2,medium,12.904064767943854,80.21992938440289
req-4657,vehicle,27,medium,12.950002233486678,80.25457048392306
req-4658,volunteer,45,medium,13.081157198566332,80.23890383994058
req-4659,medical_supply,20,medium,12.940378416884334,80.17037698141571
req-4660,volunteer,24,medium,12.930271287648743,80.18674131535074
req-4661,vehicle,33,low,13.012818633065107,80.17188367878276
req-4662,boat,41,medium,13.026353999776191,80.26186053779563
req-4663,medical_supply,30,high,13.093662338852642,80.23673422809611
req-4664,medical_supply,46,low,12.932204057617017,80.25089605204373
req-4665,vehicle,17,high,13.05564653728462,80.27874239682392
req-4666,shelter_capacity,16,medium,13.002270441351639,80.2177360386929
req-4667,volunteer,27,low,13.021149056777755,80.13935539059827
req-4668,boat,32,medium,12.920415811657072,80.14738015500684
req-4669,shelter_capacity,38,medium,12.929650162295228,80.13246589113545
req-4670,medical_supply,30,medium,12.917977276323041,80.23289344705448
req-4671,volunteer,41,medium,12.997665615500779,80.1042842035984
req-4672,boat,38,low,13.08668832561735,80.26004323325641
req-4673,vehicle,32,medium,13.007546363287718,80.17504141377721
req-4674,volunteer,3,medium,13.001277802521829,80.1942671577276
req-4675,medical_supply,21,high,12.90662003255844,80.1134741054733
req-4676,vehicle,4,low,12.977385844040764,80.29530593105031
req-4677,generator,43,medium,13.091433528956946,80.29253893073192
req-4678,vehicle,40,medium,13.024449976911198,80.28882503761056
req-4679,volunteer,29,medium,13.019709459986483,80.2357012961183
req-4680,vehicle,40,medium,12.96962084361268,80.12311436882094
req-4681,medical_supply,35,medium,12.924285019827577,80.1553727609592
req-4682,boat,34,critical,12.968109898418545,80.1926882898668
req-4683,boat,22,medium,13.07821799351808,80.1975600155481
req-4684,generator,25,medium,13.050760641517686,80.16729059011627
req-4685,volunteer,25,medium,12.928196918205932,80.27325337485543
req-4686,vehicle,41,medium,13.085333080726294,80.27675082835216
req-4687,volunteer,10,low,12.972346641875964,80.28493480924669
req-4688,shelter_capacity,16,medium,13.095173328192088,80.218963419312
req-4689,medical_supply,47,medium,12.940009835350724,80.1756558735898
req-4690,vehicle,37,medium,12.957529849277943,80.22938143691276
req-4691,medical_supply,9,medium,12.944608509287727,80.28289278868277
req-4692,boat,40,medium,12.915045076846264,80.23794970664697
req-4693,boat,18,medium,13.038414866138037,80.28584470382826
req-4694,generator,7,medium,13.021354423699131,80.15558353895338
req-4695,vehicle,50,medium,12.935085528942077,80.11208442409357
req-4696,shelter_capacity,5,low,12.907628789267035,80.24180405308097
req-4697,vehicle,9,medium,13.042085368425806,80.21189167068712
req-4698,vehicle,11,low,13.013429613407551,80.16179113906522
req-4699,generator,4,medium,12.951672908123511,80.24310503664596
req-4700,generator,33,medium,13.057574973490134,80.11730972024723
req-4701,vehicle,17,medium,13.03813801479243,80.2259657221249
req-4702,boat,8,medium,12.90795356396539,80.26364371374402
req-4703,generator,48,low,12.920879540797147,80.29659845019992
req-4704,boat,44,medium,12.929247367462933,80.2439079162188
req-4705,medical_supply,17,medium,13.068520684422998,80.28629805141006
req-4706,generator,16,medium,12.985531356714317,80.28904318367474
req-4707,vehicle,25,medium,12.906446189958965,80.26484665228138
req-4708,volunteer,32,critical,12.905451523797986,80.19370746792217
req-4709,volunteer,34,low,12.963332073593975,80.26504101587481
req-4710,generator,2,medium,12.96203885863614,80.17593628166324
req-4711,generator,30,high,12.910732459907914,80.1752119570257
req-4712,medical_supply,46,low,13.009315869656035,80.29368039671768
req-4713,shelter_capacity,19,medium,13.00343251843649,80.15187640408548
req-4714,volunteer,43,low,13.055461557563358,80.1706350879477
req-4715,generator,7,low,12.972640480883555,80.1968867828447
req-4716,boat,7,medium,12.93166131787278,80.16251549882413
req-4717,vehicle,3,low,13.001272028940736,80.21395574774807
req-4718,boat,15,medium,13.009633749959256,80.1285023804777
req-4719,shelter_capacity,16,medium,13.099235243432238,80.26215860899919
req-4720,vehicle,3,medium,12.937391003288273,80.21460852135576
req-4721,volunteer,36,medium,13.096385164604136,80.11186558905497
req-4722,volunteer,48,medium,12.925059261608506,80.20638658370024
req-4723,shelter_capacity,28,low,13.07165821695615,80.24318815274053
req-4724,medical_supply,14,low,13.006180947788076,80.23684096448197
req-4725,boat,40,high,13.064023396493157,80.10639355082306
req-4726,volunteer,40,medium,13.004063685307678,80.22805457475079
req-4727,medical_supply,13,medium,12.975763079061595,80.29303899262807
req-4728,medical_supply,39,medium,13.09407596437853,80.1868089760794
req-4729,medical_supply,4,critical,12.997959869925687,80.24701342306044
req-4730,vehicle,42,low,12.926870970778507,80.2886572235689
req-4731,boat,16,critical,12.946370102637294,80.27348047824371
req-4732,vehicle,35,medium,12.967505594873938,80.2918128309682
req-4733,vehicle,39,medium,13.06428697225915,80.21282342539473
req-4734,boat,42,low,13.049593666451987,80.17705026927939
req-4735,medical_supply,12,medium,12.992903107790466,80.19725066156163
req-4736,shelter_capacity,28,medium,12.956402768282047,80.25052429703959
req-4737,generator,14,medium,12.975514371590124,80.2885840051796
req-4738,vehicle,22,medium,12.95937919218922,80.23905665604354
req-4739,volunteer,2,low,12.998196140213139,80.13594577812093
req-4740,vehicle,24,high,12.916250137176604,80.29294906553866
req-4741,vehicle,42,medium,12.934546241206549,80.24670607282899
req-4742,vehicle,31,medium,13.07837544862831,80.13767806790305
req-4743,medical_supply,43,medium,12.980634620528292,80.13684746287264
req-4744,vehicle,43,medium,12.998747106849718,80.14543974944672
req-4745,boat,36,medium,13.027318857455619,80.19447865087359
req-4746,vehicle,14,low,13.047646631286156,80.24808854985257
req-4747,boat,39,medium,12.998665081934561,80.11711593557858
req-4748,volunteer,28,medium,12.949092930863303,80.26772293210243
req-4749,volunteer,40,medium,12.91568834394583,80.1437873589681
req-4750,medical_supply,46,medium,12.96774902859068,80.1050160157046
req-4751,medical_supply,14,medium,12.93954376810975,80.13885228078044
req-4752,vehicle,40,low,13.074393613068978,80.13070095938805
req-4753,medical_supply,38,medium,13.011676247109248,80.2502660623703
req-4754,volunteer,40,medium,12.917777654799533,80.25316242879758
req-4755,shelter_capacity,18,medium,12.973018640516793,80.10754354848932
req-4756,shelter_capacity,20,low,13.086960053676382,80.27978510221843
req-4757,boat,34,medium,13.063624905529005,80.25312373755769
req-4758,medical_supply,33,medium,12.958134151815651,80.13105184349803
req-4759,volunteer,3,high,13.07101029651598,80.23701012072061
req-4760,boat,38,low,13.003374963335128,80.16249487832948
req-4761,vehicle,16,critical,12.93570762424924,80.16335175986097
req-4762,generator,38,medium,13.065335628385325,80.18642277381846
req-4763,volunteer,47,low,12.989221585746535,80.24931624775832
req-4764,boat,15,low,13.016975795363805,80.13026941207589
req-4765,boat,33,critical,12.93159556558435,80.26017862102923
req-4766,vehicle,14,low,13.06298898039731,80.11294063518727
req-4767,vehicle,48,medium,13.055601541374381,80.2900479358851
req-4768,boat,14,high,13.067514521051145,80.1871119085205
req-4769,volunteer,14,medium,13.061349067179922,80.22539331997925
req-4770,generator,39,medium,13.076322322322602,80.16307318652156
req-4771,volunteer,46,high,13.071009770411456,80.2414457381942
req-4772,volunteer,49,medium,12.972440567056317,80.18033072905361
req-4773,boat,29,medium,13.064621853102308,80.15843111294332
req-4774,volunteer,48,medium,12.919673764660233,80.15061088364664
req-4775,shelter_capacity,16,medium,13.024819099660991,80.11180054848072
req-4776,medical_supply,17,high,13.022975651057331,80.1240870853166
req-4777,shelter_capacity,14,high,13.067610510375253,80.1830949296251
req-4778,boat,36,medium,12.914394905288422,80.17968989307792
req-4779,vehicle,37,low,12.919318989131307,80.24147661447066
req-4780,vehicle,4,medium,12.95191957609555,80.1443195510915
req-4781,generator,6,critical,12.979393363621812,80.25391067148794
req-4782,shelter_capacity,33,medium,12.950454974377926,80.10021351834791
req-4783,volunteer,15,medium,12.973295524779415,80.28295884390567
req-4784,medical_supply,27,medium,12.955686034633986,80.26879044015735
req-4785,vehicle,13,medium,13.090466166200677,80.18165689481103
req-4786,volunteer,24,high,12.950396177537954,80.18372787985913
req-4787,shelter_capacity,26,low,12.970798723126116,80.15694562752297
req-4788,boat,20,critical,12.904600947839,80.24308676557746
req-4789,vehicle,43,medium,13.006724613859518,80.29078024984518
req-4790,boat,20,high,12.954372594391431,80.15152603790497
req-4791,shelter_capacity,39,low,12.918863921803498,80.26313654869816
req-4792,generator,37,medium,13.000828374286053,80.20888285753756
req-4793,generator,25,medium,12.933039799942616,80.28514991024558
req-4794,generator,41,medium,13.042206042905665,80.1263746677355
req-4795,shelter_capacity,13,medium,13.081740684123778,80.16177977262991
req-4796,shelter_capacity,46,medium,12.92282554361206,80.19236571931035
req-4797,vehicle,11,medium,13.043458621042305,80.19995884655422
req-4798,vehicle,18,medium,12.90063163387356,80.12294138466346
req-4799,medical_supply,14,low,13.081404725146218,80.22112285990815
req-4800,volunteer,7,medium,12.984346091167266,80.20421659440001
req-4801,vehicle,44,high,12.947114181721988,80.21624827110531
req-4802,volunteer,46,high,13.025014678180892,80.18804447190331
req-4803,boat,26,low,12.97384663410672,80.13263781437372
req-4804,vehicle,5,high,12.937854243127449,80.18347335974933
req-4805,medical_supply,24,medium,12.971181425180355,80.1750153697699
req-4806,volunteer,11,medium,12.95906186908382,80.20142199210875
req-4807,vehicle,20,medium,13.01419173005962,80.23710772872055
req-4808,shelter_capacity,16,medium,13.008613520030366,80.25332970665568
req-4809,generator,17,medium,12.923182639393143,80.27983571220072
req-4810,volunteer,39,low,12.976776473313963,80.13000736410935
req-4811,vehicle,1,medium,13.000318315807574,80.19422209333922
req-4812,boat,36,medium,12.912555681913904,80.2265363181528
req-4813,vehicle,1,high,13.017680501336994,80.2672518488942
req-4814,boat,6,medium,13.08601529435596,80.22685503042166
req-4815,generator,39,high,13.096687320394151,80.26167856261772
req-4816,generator,36,medium,12.933560862910472,80.28740125603265
req-4817,volunteer,15,medium,13.081182089028244,80.20122756852933
req-4818,vehicle,13,medium,12.997794945463957,80.26823556595964
req-4819,generator,22,low,12.97872713318377,80.22858980165218
req-4820,shelter_capacity,32,medium,12.918804959592403,80.19113414689787
req-4821,generator,26,high,12.922817625511975,80.19102172188043
req-4822,volunteer,25,medium,13.037561773839748,80.25045584481165
req-4823,vehicle,16,high,13.091798478768583,80.2571985307329
req-4824,medical_supply,49,low,12.964282751627353,80.29544605757572
req-4825,volunteer,35,high,13.071434785991839,80.23926682780501
req-4826,shelter_capacity,23,critical,13.012334211533732,80.15655319831754
req-4827,volunteer,1,medium,13.014536350658522,80.18042604096618
req-4828,volunteer,33,medium,13.057425549037577,80.11773701428572
req-4829,volunteer,33,high,13.036455594832304,80.16464538208508
req-4830,generator,42,medium,13.097602416764776,80.26954209203173
req-4831,volunteer,24,critical,13.02224589496004,80.11693750192072
req-4832,generator,49,critical,13.034044231067194,80.1257372992668
req-4833,volunteer,50,medium,13.06306598835805,80.19187936910951
req-4834,boat,23,medium,13.068605268035629,80.21466823913008
req-4835,volunteer,43,medium,12.987994952302214,80.15109228992422
req-4836,volunteer,3,medium,12.907601557048975,80.11692291079241
req-4837,volunteer,14,medium,13.046045736094433,80.13449349711073
req-4838,generator,22,medium,13.008414247651636,80.2359611306211
req-4839,shelter_capacity,23,low,13.060112630694059,80.29711773546842
req-4840,generator,50,high,12.958343916160102,80.11587110819846
req-4841,vehicle,25,medium,12.959293307330888,80.2637476067032
req-4842,boat,30,high,12.912838579726799,80.1645864674703
req-4843,shelter_capacity,33,medium,12.919245130356385,80.25748535712975
req-4844,vehicle,37,low,13.054225997610144,80.29562481275102
req-4845,vehicle,27,high,13.057363717990874,80.17450562983139
req-4846,generator,33,high,12.91877565333651,80.12122367034613
req-4847,volunteer,1,medium,12.954420795221608,80.27281992584949
req-4848,generator,43,high,13.06184852937389,80.2304721961747
req-4849,volunteer,40,medium,13.096768871247322,80.18494788532179
req-4850,boat,18,medium,12.913020162947005,80.14362050200633
req-4851,shelter_capacity,28,low,13.039515357833514,80.27428066039398
req-4852,medical_supply,32,medium,12.956334603618343,80.17743906446552
req-4853,boat,6,medium,12.977670608279833,80.22089599628201
req-4854,boat,34,medium,12.940246422345789,80.20253198653072
req-4855,generator,50,critical,12.90490510131779,80.29062229324443
req-4856,volunteer,40,medium,13.02885891835526,80.21504808156112
req-4857,vehicle,22,medium,12.920840917482868,80.17249535150886
req-4858,volunteer,30,medium,13.00210281807684,80.11520154808329
req-4859,medical_supply,45,low,12.920806512247172,80.1400745778448
req-4860,vehicle,14,low,13.013092204720635,80.21353391796474
req-4861,medical_supply,15,medium,13.090831527719288,80.25654197877715
req-4862,medical_supply,42,medium,13.002194263734877,80.18536556003747
req-4863,vehicle,42,medium,12.938441592970593,80.18345198864881
req-4864,shelter_capacity,21,low,12.971938757967886,80.23251452810558
req-4865,shelter_capacity,40,high,12.991085129237296,80.24279152261695
req-4866,vehicle,16,low,12.91672292514829,80.10019202076175
req-4867,boat,6,medium,12.914354591976727,80.27619735622186
req-4868,shelter_capacity,44,high,12.980296822506341,80.26874290758893
req-4869,boat,32,medium,12.93699754195289,80.28429496812528
req-4870,boat,31,medium,12.90800368500689,80.12305808047333
req-4871,shelter_capacity,21,low,13.038728554691293,80.25330391126062
req-4872,shelter_capacity,3,medium,13.062375250772781,80.1168330950524
req-4873,shelter_capacity,32,high,12.992065457001894,80.10626935236593
req-4874,shelter_capacity,20,medium,12.998343873372292,80.24174846736861
req-4875,boat,33,medium,13.033113948420507,80.21506925124463
req-4876,volunteer,10,medium,13.096494393269392,80.28765127018578
req-4877,generator,11,medium,12.902972001776618,80.20731858609587
req-4878,vehicle,3,medium,12.963574995173596,80.12187202792018
req-4879,generator,10,high,13.010886312920093,80.23439369793803
req-4880,vehicle,23,low,12.904065090325705,80.21322423358639
req-4881,boat,4,critical,13.082719714248356,80.15430166352816
req-4882,volunteer,7,medium,12.998970135129934,80.25221985010388
req-4883,boat,29,high,13.016282324443909,80.14685556830557
req-4884,medical_supply,13,high,13.07062689068032,80.19258479461887
req-4885,boat,23,low,12.976275384119242,80.21942225463792
req-4886,shelter_capacity,47,medium,13.061152614954368,80.20995064062706
req-4887,generator,16,medium,12.927879826647864,80.22521810543438
req-4888,generator,47,high,13.05850657721191,80.25086111429944
req-4889,vehicle,22,medium,13.061298520235892,80.23559644694355
req-4890,shelter_capacity,20,medium,12.991832414986204,80.20497299270384
req-4891,vehicle,6,high,13.071810691994964,80.28140039061486
req-4892,volunteer,32,medium,12.989441884135513,80.20327236248498
req-4893,medical_supply,7,low,12.960528446566908,80.1694228890503
req-4894,volunteer,32,medium,12.99480428327403,80.1893406633325
req-4895,volunteer,24,medium,12.937233459207567,80.15428882395483
req-4896,shelter_capacity,20,medium,13.067941323953411,80.2344943904682
req-4897,volunteer,32,medium,12.913194377058163,80.24339223486325
req-4898,shelter_capacity,18,low,13.08039824891603,80.2895175683196
req-4899,volunteer,50,low,13.013496663231587,80.17964667470207
req-4900,medical_supply,44,low,12.965313984908374,80.25944518770893
req-4901,shelter_capacity,47,medium,13.004420359506529,80.27906761204689
req-4902,boat,39,medium,12.921651620091662,80.26707087158543
req-4903,generator,9,critical,12.910545185917869,80.25893566154961
req-4904,volunteer,20,low,12.952091808392971,80.294634364285
req-4905,boat,2,medium,12.936639951398767,80.10561502435101
req-4906,medical_supply,41,medium,13.03643391754914,80.26056639488085
req-4907,medical_supply,8,critical,12.914053902543852,80.21055837388614
req-4908,shelter_capacity,43,medium,12.97334505079076,80.25406966095649
req-4909,medical_supply,33,medium,13.001236644275721,80.16120982731819
req-4910,volunteer,6,low,12.970448066424819,80.1682747675499
req-4911,shelter_capacity,18,medium,13.002838493002859,80.21303445685588
req-4912,volunteer,27,high,12.987987262607275,80.23264393210292
req-4913,generator,47,medium,13.025520877398067,80.2933639247278
req-4914,boat,6,medium,13.079522618760937,80.12852082358106
req-4915,boat,23,medium,12.962200585748372,80.13683600833599
req-4916,medical_supply,28,medium,13.04553799950063,80.19708819543447
req-4917,generator,17,low,12.998633695985527,80.20123540138229
req-4918,volunteer,33,medium,12.954387969458454,80.25387779052393
req-4919,generator,30,low,13.092406485453887,80.19143637453601
req-4920,volunteer,2,low,12.916468740684488,80.10048411280799
req-4921,volunteer,35,high,12.951051220542311,80.27341440475148
req-4922,volunteer,31,medium,13.082036188823889,80.10727325026451
req-4923,generator,5,medium,12.95476107143864,80.16800277197137
req-4924,shelter_capacity,18,medium,13.099125169998544,80.11126783893091
req-4925,medical_supply,11,medium,13.013525027298277,80.19922637621055
req-4926,vehicle,5,medium,13.051603403283009,80.11995032879989
req-4927,medical_supply,14,critical,13.058759630492892,80.1582056415808
req-4928,shelter_capacity,43,high,13.083403505310276,80.15603616143632
req-4929,shelter_capacity,1,low,13.039706882091114,80.14325375846049
req-4930,shelter_capacity,15,low,12.924618216306213,80.20324995489396
req-4931,boat,15,medium,13.005692782337853,80.26117441325836
req-4932,generator,38,low,13.042815387873251,80.28056638728808
req-4933,shelter_capacity,29,low,13.022124986711631,80.2450964761274
req-4934,shelter_capacity,36,high,13.092490567642788,80.10691948398976
req-4935,medical_supply,37,high,13.002981632480665,80.1846191154858
req-4936,boat,9,high,12.929029166849675,80.20779829803439
req-4937,vehicle,13,medium,12.910588811853078,80.1114163173786
req-4938,boat,48,medium,12.929415251357304,80.20788890034562
req-4939,vehicle,26,high,12.963942708300879,80.18903851315672
req-4940,vehicle,46,low,12.99819919505714,80.22531747941312
req-4941,shelter_capacity,23,medium,12.968151884043891,80.17362299164338
req-4942,generator,46,low,13.056463106205587,80.10740517932382
req-4943,medical_supply,25,medium,13.023648059271082,80.26288254251693
req-4944,volunteer,6,high,13.018861023970796,80.26569389699667
req-4945,vehicle,46,critical,13.06557525434576,80.17058166044185
req-4946,boat,17,low,12.967637183141077,80.18297024842322
req-4947,vehicle,19,high,12.966131766146605,80.11913648957626
req-4948,boat,21,high,12.985856322815682,80.17238629034753
req-4949,medical_supply,18,high,13.036591568309268,80.20588506140429
req-4950,shelter_capacity,8,high,13.025095017893735,80.2270043916652
req-4951,vehicle,33,medium,12.92367880605661,80.23078418711442
req-4952,generator,17,medium,13.093934799944439,80.11903726366322
req-4953,boat,15,high,12.908375967024796,80.11794337338208
req-4954,medical_supply,43,low,12.990146805416881,80.18581831488652
req-4955,shelter_capacity,25,medium,12.977641283691948,80.29123230723208
req-4956,vehicle,36,low,12.93296861019684,80.13444129014307
req-4957,boat,1,medium,12.988956866882212,80.28176693033289
req-4958,boat,38,medium,12.995400208178626,80.2255843557034
req-4959,boat,36,high,13.052014718583806,80.20952197102494
req-4960,medical_supply,49,medium,13.026729416046694,80.1342029193883
req-4961,generator,31,medium,12.924267139892798,80.17526345989558
req-4962,volunteer,46,low,13.081651410451464,80.14884907844873
req-4963,generator,30,high,13.003690255078615,80.1382594893367
req-4964,generator,32,medium,13.050069684214858,80.26682918509722
req-4965,volunteer,40,critical,12.987347842819078,80.16478841986816
req-4966,volunteer,41,medium,12.909792205508454,80.2867808045093
req-4967,shelter_capacity,19,medium,13.012812208395554,80.21735316567582
req-4968,volunteer,42,high,13.025620752118384,80.28702046728796
req-4969,boat,34,low,12.920979996531834,80.29971069381277
req-4970,shelter_capacity,28,medium,13.09188451363008,80.28690975265172
req-4971,volunteer,24,high,12.92655731991754,80.1288216748076
req-4972,boat,24,medium,12.968743435172076,80.1385974822552
req-4973,shelter_capacity,8,medium,12.905888561779182,80.1138877341217
req-4974,boat,33,medium,13.066709599805932,80.19870113640376
req-4975,medical_supply,45,critical,12.933901235608822,80.25271464394669
req-4976,boat,10,critical,12.963384460797473,80.29754379473472
req-4977,medical_supply,9,medium,13.068373406614164,80.26950125916622
req-4978,volunteer,39,medium,12.918537563586233,80.16359190002258
req-4979,shelter_capacity,2,medium,13.081509935159104,80.15667055685564
req-4980,boat,13,critical,13.043847466184728,80.22440661604887
req-4981,generator,45,medium,12.966781177130843,80.19136447302857
req-4982,shelter_capacity,2,medium,12.951441723410651,80.14216642436763
req-4983,boat,5,medium,12.95638282138038,80.24464221288088
req-4984,generator,13,low,13.073579901559354,80.17919773531297
req-4985,shelter_capacity,47,medium,13.071072663669195,80.16624837939483
req-4986,generator,35,high,12.941859468510364,80.11815935157784
req-4987,shelter_capacity,22,low,13.066216306030858,80.12618237217139
req-4988,boat,37,medium,12.967192126826829,80.19736368771018
req-4989,generator,44,medium,12.983862562926051,80.28876396135817
req-4990,boat,32,medium,12.944166632193035,80.13005559112479
req-4991,vehicle,47,low,12.960055722869145,80.12207885037778
req-4992,boat,2,high,12.996209673987956,80.12978001786682
req-4993,shelter_capacity,48,high,13.016607244524735,80.29172734910198
req-4994,boat,49,medium,13.038866222557429,80.17787605681083
req-4995,boat,29,high,13.073778357752493,80.16942050568107
req-4996,shelter_capacity,5,critical,12.979994325142062,80.17621879947909
req-4997,boat,50,high,12.968394861627843,80.1148347416541
req-4998,boat,7,medium,13.019314490970118,80.18861362294403
req-4999,shelter_capacity,12,medium,13.039870033161062,80.2426259375522
req-5000,vehicle,25,medium,13.043384710351354,80.29351946616029
req-5001,volunteer,6,medium,13.071654767237765,80.2321890530755
req-5002,generator,38,high,12.900329319038928,80.22037495101276
req-5003,boat,47,medium,12.982967898578346,80.29815531407161
req-5004,generator,17,critical,13.091156451855042,80.10680560053545
req-5005,boat,2,high,12.93040319583284,80.22847500459221
req-5006,medical_supply,25,low,13.065344724411945,80.11903950429046
req-5007,boat,43,medium,12.969883462531795,80.27358542281588
req-5008,boat,26,medium,12.943091645724106,80.10253971832913
req-5009,generator,38,low,13.003598787995339,80.11002207697021
req-5010,vehicle,11,medium,12.975996443038007,80.1659653948949
req-5011,volunteer,38,medium,12.910933885090158,80.1998328304846
req-5012,boat,33,medium,12.99558569677541,80.22883846176539
req-5013,volunteer,46,medium,12.989039436794366,80.24343788825122
req-5014,boat,23,high,12.980914806930159,80.11452148072038
req-5015,generator,31,medium,13.075998664022736,80.12554649176003
req-5016,volunteer,11,medium,13.079650886610652,80.2788858240228
req-5017,medical_supply,1,high,12.973991178902333,80.27961806207976
req-5018,generator,12,medium,12.92338898409445,80.14815485957087
req-5019,volunteer,11,medium,13.061779626362684,80.23202103831169
req-5020,volunteer,7,low,12.963490332282253,80.13549790209655
req-5021,boat,19,medium,13.050094776480588,80.28711679387972
req-5022,medical_supply,50,medium,12.96900831344602,80.16430594468088
req-5023,boat,40,critical,12.925226961603835,80.12491908748135
req-5024,shelter_capacity,46,medium,13.071582663354572,80.25988758539148
req-5025,vehicle,34,low,13.07177812236171,80.18476666947588
req-5026,medical_supply,1,medium,12.919703500468277,80.16317874769655
req-5027,shelter_capacity,14,medium,12.992694387092223,80.10425537958582
req-5028,shelter_capacity,7,low,12.92198279386062,80.24996136363046
req-5029,medical_supply,20,medium,13.07738909793168,80.15923096228623
req-5030,shelter_capacity,20,high,12.9858887781742,80.20139678366341
req-5031,shelter_capacity,20,medium,13.045814975893942,80.21587938685573
req-5032,shelter_capacity,12,medium,13.030701412433498,80.23753120708238
req-5033,medical_supply,22,medium,12.941711721196878,80.1065134185651
req-5034,medical_supply,29,medium,13.078270706941572,80.22316864058072
req-5035,generator,32,medium,13.008944545562589,80.11063351521874
req-5036,boat,14,low,13.017606510942198,80.23594687427347
req-5037,generator,27,high,13.0352032843952,80.17193127933407
req-5038,shelter_capacity,36,high,13.092447436794401,80.14301951105604
req-5039,vehicle,23,medium,13.000103785546898,80.20103567504809
req-5040,shelter_capacity,37,high,13.023010508640345,80.21180989340417
req-5041,shelter_capacity,17,medium,12.97473066755035,80.21106037331973
req-5042,generator,33,high,12.913662742147984,80.19044908457155
req-5043,shelter_capacity,38,medium,12.992467302055118,80.24549286669789
req-5044,medical_supply,39,medium,12.923952337900582,80.19477927231854
req-5045,vehicle,8,high,13.064266457169408,80.27642227944358
req-5046,generator,4,medium,12.920793374326506,80.18714919021693
req-5047,volunteer,29,medium,13.06090376596502,80.23437754063697
req-5048,medical_supply,36,medium,13.015257727147993,80.28354343029275
req-5049,medical_supply,42,medium,13.075336384673399,80.17982057253478
req-5050,vehicle,23,low,13.01223032842888,80.29334075948994
req-5051,volunteer,10,high,13.085269547892661,80.12923130875782
req-5052,boat,16,medium,13.034340547824563,80.2860509515895
req-5053,vehicle,25,medium,13.088526271100132,80.23054710387552
req-5054,volunteer,26,high,13.017653186363734,80.16830316883427
req-5055,shelter_capacity,14,medium,12.98695128717106,80.284623975198
req-5056,generator,23,critical,13.032142394329975,80.14376856335039
req-5057,shelter_capacity,9,medium,13.030686736942002,80.29034397808631
req-5058,boat,30,high,12.937355822124537,80.26825039359969
req-5059,shelter_capacity,26,high,12.937353714705019,80.18456462387893
req-5060,generator,49,medium,12.924979781472938,80.1882648976489
req-5061,boat,38,medium,13.046268194510741,80.14099233399034
req-5062,generator,2,critical,12.908452930763403,80.10908022272568
req-5063,vehicle,37,critical,12.976614807378514,80.10779171276337
req-5064,vehicle,7,medium,12.963106507909012,80.10655508969232
req-5065,volunteer,48,critical,12.957451414907428,80.19432986229972
req-5066,volunteer,33,low,12.931793074078202,80.14328472885317
req-5067,volunteer,22,medium,13.026407492645383,80.2458218983793
req-5068,medical_supply,13,low,13.042950777147052,80.28361839018002
req-5069,generator,41,medium,12.917201513076783,80.17245057945205
req-5070,generator,7,critical,13.02790258939591,80.24994039822626
req-5071,shelter_capacity,50,medium,13.036239522040637,80.27215871007837
req-5072,volunteer,37,medium,12.950453991426,80.10932091333412
req-5073,shelter_capacity,41,critical,12.964854569469681,80.20690288916641
req-5074,generator,7,high,12.975371284612256,80.2930585565701
req-5075,shelter_capacity,16,medium,12.91584444121418,80.14210315231104
req-5076,boat,11,medium,13.075615665736287,80.11767319698174
req-5077,volunteer,9,medium,13.030293311440273,80.11771247743208
req-5078,generator,24,medium,12.939484239677212,80.12985910688548
req-5079,generator,13,high,13.089850635891226,80.14267354401045
req-5080,generator,47,medium,13.06297900456225,80.19589886733566
req-5081,generator,31,medium,13.042242484359457,80.17722152793274
req-5082,medical_supply,15,medium,12.916197248422005,80.23469788592352
req-5083,shelter_capacity,14,medium,13.059414640345075,80.2362570425846
req-5084,vehicle,45,critical,13.004298326030264,80.1977402429527
req-5085,vehicle,27,low,12.950917917473218,80.23526625832827
req-5086,volunteer,40,medium,13.090336937977714,80.25853905497482
req-5087,volunteer,3,medium,12.906040075536438,80.10889324248646
req-5088,shelter_capacity,27,medium,13.049066412754302,80.14642895300818
req-5089,vehicle,47,medium,12.952032065249005,80.25943804670695
req-5090,volunteer,45,low,12.999334482942775,80.10469054224768
req-5091,boat,16,high,12.934471730211454,80.28680660137796
req-5092,generator,2,high,13.056556562859424,80.25622391860789
req-5093,generator,27,medium,13.025800838275075,80.1822153915261
req-5094,generator,34,medium,12.94994638055395,80.16663686743637
req-5095,shelter_capacity,5,low,13.093925775924072,80.17606636156616
req-5096,generator,48,medium,13.043861472624753,80.26394730102953
req-5097,volunteer,6,low,13.070572365170294,80.20971787150243
req-5098,volunteer,2,medium,12.907623503352601,80.10094805867043
req-5099,shelter_capacity,34,medium,12.94988997384021,80.14209318891808
req-5100,boat,41,medium,13.069655774474384,80.17851855278059
req-5101,boat,27,medium,13.018884111159906,80.12448181859948
req-5102,volunteer,2,medium,13.007433185177266,80.10989237565703
req-5103,boat,29,medium,12.95626553514332,80.25341692258601
req-5104,generator,40,low,13.053724481065965,80.125970798429
req-5105,volunteer,43,high,13.026881202920823,80.23613378407957
req-5106,medical_supply,8,low,13.01369615869314,80.15157243469504
req-5107,volunteer,36,high,13.044768498171702,80.24652582092396
req-5108,boat,31,low,12.917142941270956,80.11450642131253
req-5109,generator,33,medium,12.947599914055404,80.11465117815276
req-5110,volunteer,26,medium,12.966211255801936,80.17420648054208
req-5111,vehicle,42,low,13.062754286718306,80.14881432510035
req-5112,boat,27,high,13.066944646585334,80.28849172581083
req-5113,boat,2,low,13.048201487464787,80.16096302052355
req-5114,shelter_capacity,16,medium,12.999005318060386,80.18034759639526
req-5115,boat,14,medium,13.074412334278566,80.21250166469459
req-5116,generator,13,low,12.975821045656135,80.22370322203457
req-5117,medical_supply,2,low,13.070788153154266,80.11987676451157
req-5118,volunteer,35,critical,12.934826358420617,80.19044525301939
req-5119,boat,30,medium,13.020915185051605,80.27658521513692
req-5120,medical_supply,4,medium,12.938086477772082,80.12212373135982
req-5121,volunteer,20,medium,12.915501350211821,80.20868286022842
req-5122,medical_supply,35,low,12.910285639899136,80.17817071754742
req-5123,medical_supply,25,high,13.090106168895996,80.1925228594744
req-5124,volunteer,23,high,13.015275815428327,80.12073172643396
req-5125,medical_supply,8,low,13.057044766452064,80.22500661215314
req-5126,boat,8,high,13.005835150586188,80.21793834411706
req-5127,volunteer,2,medium,13.04868701636228,80.12693635552144
req-5128,boat,42,high,13.011340321098348,80.19966161013721
req-5129,vehicle,16,medium,13.006039745223081,80.15840576281988
req-5130,generator,38,low,13.087430134487768,80.14157151400352
req-5131,boat,48,medium,12.913132774145524,80.29707600511087
req-5132,medical_supply,41,high,12.965858648764884,80.15840626610814
req-5133,vehicle,16,high,12.981144173019011,80.18392101659778
req-5134,boat,50,medium,13.03907671493117,80.24801627754313
req-5135,shelter_capacity,3,high,12.96373781258352,80.22403260406753
req-5136,shelter_capacity,48,critical,13.028398224799469,80.20556092209604
req-5137,volunteer,39,medium,13.044743827735346,80.24941971046367
req-5138,shelter_capacity,35,high,12.964594881122258,80.10675578696646
req-5139,vehicle,47,medium,12.949654795244156,80.18379307480456
req-5140,boat,15,high,13.025212835998884,80.13382288725428
req-5141,volunteer,4,high,12.988778929471927,80.22671457323264
req-5142,volunteer,25,high,13.02030473888812,80.28410177758701
req-5143,volunteer,34,critical,13.09395421388931,80.17348445374809
req-5144,medical_supply,14,medium,13.076751022549981,80.16885304655827
req-5145,medical_supply,35,medium,12.93696092510882,80.29086144139825
req-5146,shelter_capacity,3,medium,13.09825359122298,80.2958031252914
req-5147,volunteer,15,low,12.990896142583265,80.1525090178147
req-5148,medical_supply,22,medium,12.98541519276694,80.25495220930686
req-5149,medical_supply,16,critical,12.90576786873199,80.25917030733532
req-5150,volunteer,14,medium,13.069710402607623,80.24595547103048
req-5151,volunteer,41,medium,13.041582956330325,80.27274562953401
req-5152,generator,9,medium,13.039453772670473,80.2907454024633
req-5153,generator,17,critical,12.968293305944604,80.24850628007565
req-5154,volunteer,19,medium,12.987050347239474,80.2419116124772
req-5155,shelter_capacity,22,low,12.960685559784144,80.16594355879295
req-5156,boat,5,medium,12.940907412818955,80.13605651472355
req-5157,boat,29,high,13.02106741668578,80.11682421118827
req-5158,vehicle,16,medium,13.046111370107358,80.25420312129106
req-5159,boat,19,medium,13.024886631511055,80.18143443715994
req-5160,shelter_capacity,26,low,12.9433615677833,80.12679589918174
req-5161,volunteer,23,medium,12.972956334277258,80.14313077411795
req-5162,generator,23,low,13.065210880736396,80.27770971794119
req-5163,boat,26,high,13.024164022759978,80.21407898217437
req-5164,boat,49,low,12.956773856356977,80.11872716822425
req-5165,volunteer,40,critical,12.984004617919453,80.12427409165099
req-5166,boat,4,critical,13.090619982006967,80.29984321055528
req-5167,medical_supply,40,low,13.06656620554343,80.12286806491694
req-5168,vehicle,13,medium,13.076857632752082,80.1409887994091
req-5169,volunteer,45,medium,12.962863441327794,80.15558320007852
req-5170,shelter_capacity,44,medium,13.002967339437818,80.15673887757443
req-5171,boat,25,low,13.037828038379956,80.2713178720233
req-5172,medical_supply,23,high,13.046871619873263,80.13804325083515
req-5173,medical_supply,46,medium,13.085429273117555,80.13692349162359
req-5174,volunteer,31,medium,13.067860082110606,80.10400152171162
req-5175,boat,33,critical,13.075490421781637,80.16354006481475
req-5176,generator,1,high,13.032904458632581,80.20725194691431
req-5177,vehicle,16,medium,13.062338989461539,80.28234506530664
req-5178,boat,46,medium,12.909064403550797,80.19353002024917
req-5179,boat,11,low,13.086454849236977,80.1872047456947
req-5180,volunteer,38,medium,13.083510869481728,80.18370683953175
req-5181,vehicle,43,medium,13.064072536948308,80.28284484045483
req-5182,volunteer,10,medium,13.008403329477924,80.29866767914484
req-5183,shelter_capacity,32,medium,13.016548305789758,80.15342530966437
req-5184,volunteer,49,low,12.989356264890722,80.11581548541763
req-5185,vehicle,1,medium,12.992079682013038,80.12228632077782
req-5186,medical_supply,25,critical,12.980589745115735,80.26877065483858
req-5187,shelter_capacity,28,medium,13.037369900250809,80.24007327728927
req-5188,shelter_capacity,10,low,12.900080658004777,80.2009083853921
req-5189,vehicle,35,medium,13.030313978907582,80.18990955547282
req-5190,boat,48,high,12.92463139505791,80.11041555231505
req-5191,medical_supply,6,medium,12.998417072914034,80.12835834859362
req-5192,generator,45,critical,13.0334531796811,80.21315329537819
req-5193,generator,5,critical,12.921641809905184,80.18559846512458
req-5194,shelter_capacity,36,low,13.071911326712014,80.14901344997172
req-5195,vehicle,19,critical,12.937114263287286,80.22835186896125
req-5196,shelter_capacity,15,low,12.973557723055196,80.29095811273818
req-5197,vehicle,41,medium,12.951019515110954,80.12591535414084
req-5198,vehicle,16,high,13.02442700996937,80.25209636087773
req-5199,medical_supply,48,medium,12.935597395813337,80.12128145878621
req-5200,volunteer,42,high,13.079711211755225,80.22525283066365
req-5201,boat,15,medium,12.932970562736596,80.25178028701512
req-5202,medical_supply,14,medium,13.060392385966185,80.2212993633821
req-5203,volunteer,12,low,13.002385132472527,80.24772446014094
req-5204,shelter_capacity,9,high,13.093549203234007,80.17046375453278
req-5205,volunteer,29,high,13.035492597646526,80.19808183724992
req-5206,vehicle,6,medium,13.027624755491287,80.1669229476937
req-5207,vehicle,24,critical,13.063481838028375,80.2049213506327
req-5208,medical_supply,31,high,13.091680735302766,80.28124960045888
req-5209,boat,29,medium,13.062489729982586,80.27504470230495
req-5210,shelter_capacity,27,medium,12.943566056560218,80.17414277247947
req-5211,medical_supply,18,high,12.966827037250695,80.27803639248388
req-5212,generator,18,low,13.059512129235728,80.28478743887375
req-5213,volunteer,19,high,13.0601412736136,80.23630154775043
req-5214,vehicle,15,medium,13.083149401367141,80.11834934911973
req-5215,shelter_capacity,14,high,12.907336831632458,80.24188564989151
req-5216,shelter_capacity,28,high,12.909403157637653,80.25535532861112
req-5217,medical_supply,45,critical,12.945508836327576,80.17443324170166
req-5218,shelter_capacity,50,critical,13.049798980908227,80.26611751044646
req-5219,generator,25,medium,12.955033581849191,80.15056801801596
req-5220,boat,8,medium,13.024919029353917,80.25111024585634
req-5221,shelter_capacity,16,critical,13.027626511881804,80.16823073398916
req-5222,boat,12,medium,12.971985063625272,80.17980155352409
req-5223,generator,37,low,12.9403068272977,80.1635309493176
req-5224,generator,44,high,13.020311252217896,80.16422766281858
req-5225,medical_supply,42,critical,13.094821784668692,80.15864196872633
req-5226,shelter_capacity,46,low,12.915192385620173,80.11096997621729
req-5227,generator,50,high,12.947247901352862,80.2814670518089
req-5228,vehicle,35,low,13.042034708383767,80.25269018528667
req-5229,medical_supply,11,high,13.072784557831353,80.13107788169593
req-5230,medical_supply,10,high,12.95717409665379,80.20418526023835
req-5231,volunteer,19,medium,13.057181939483971,80.20377510126326
req-5232,volunteer,27,medium,13.074865687412782,80.28052362825399
req-5233,boat,21,low,13.00947609316891,80.28546802181774
req-5234,shelter_capacity,32,low,12.954138922230566,80.10918927598387
req-5235,boat,4,medium,12.96054181744071,80.23281962081334
req-5236,boat,24,medium,13.012461247146375,80.29563383480738
req-5237,volunteer,2,medium,13.065562743254079,80.1592973580339
req-5238,volunteer,37,critical,12.992596119428793,80.18854574223654
req-5239,shelter_capacity,44,low,12.985951258147061,80.14034664380308
req-5240,vehicle,15,medium,13.062603107377951,80.17330723911108
req-5241,volunteer,9,medium,12.953822370991992,80.13446218729983
req-5242,medical_supply,4,medium,13.083489101597651,80.25647074801233
req-5243,shelter_capacity,35,critical,13.002814455815747,80.12610049171221
req-5244,generator,31,medium,12.90984316786681,80.10070359492516
req-5245,medical_supply,10,high,12.949429175859786,80.1800069820702
req-5246,vehicle,38,medium,13.096838537319552,80.23003371212603
req-5247,shelter_capacity,12,medium,13.067456567037391,80.25518336557771
req-5248,medical_supply,48,low,13.05562355631847,80.15198132608468
req-5249,vehicle,15,low,13.003268105493488,80.20866646436994
req-5250,volunteer,38,high,12.965771834825718,80.25497400409313
req-5251,shelter_capacity,28,medium,13.017811167170741,80.18194638228307
req-5252,generator,31,medium,13.036661271539709,80.28056599113829
req-5253,medical_supply,38,low,13.077396441498724,80.14182698989312
req-5254,generator,47,medium,12.916438852567634,80.29555499176399
req-5255,medical_supply,40,medium,13.042677539880648,80.1983352359163
req-5256,medical_supply,7,low,13.092675146436736,80.15225162758435
req-5257,generator,29,medium,13.080738058404776,80.1645916282106
req-5258,vehicle,3,low,12.909005533714373,80.2771548442563
req-5259,medical_supply,37,medium,12.920056681348314,80.23122938335521
req-5260,boat,9,medium,12.967841131711118,80.27976987364876
req-5261,volunteer,4,high,13.050335692297793,80.17851564226636
req-5262,vehicle,32,high,13.070931691017968,80.22992008664848
req-5263,medical_supply,20,medium,12.967690952452598,80.1260352571731
req-5264,shelter_capacity,14,low,12.957696320737423,80.24248955950694
req-5265,boat,30,critical,13.07352360167271,80.10877521909646
req-5266,vehicle,30,medium,13.02110035782959,80.24267088581584
req-5267,shelter_capacity,24,medium,13.069807658868525,80.2815325763145
req-5268,boat,17,low,12.944242942971385,80.27617950802852
req-5269,vehicle,12,low,13.016124868307513,80.16024316568492
req-5270,generator,17,high,13.003615451147175,80.25495683957774
req-5271,shelter_capacity,37,medium,13.082872176116586,80.18743267523136
req-5272,boat,31,low,12.987780826169203,80.22501129315835
req-5273,medical_supply,10,high,13.052046503356536,80.25791185555077
req-5274,vehicle,32,medium,13.085785019286678,80.1216698407781
req-5275,vehicle,13,critical,13.035876024365342,80.23967472313234
req-5276,boat,41,critical,13.061308962329056,80.12938018514826
req-5277,shelter_capacity,34,medium,13.09104933247212,80.28449089064986
req-5278,medical_supply,36,medium,13.09127843776712,80.24160972173172
req-5279,vehicle,26,medium,12.9116055204949,80.2443944583311
req-5280,shelter_capacity,40,medium,13.012289548050365,80.11513583263387
req-5281,generator,44,medium,13.009999118467832,80.14435380800404
req-5282,boat,4,low,13.019211749317472,80.20822380796587
req-5283,medical_supply,24,medium,13.01557083667436,80.23894222450308
req-5284,vehicle,15,medium,12.902735791103497,80.17793265816304
req-5285,vehicle,34,medium,13.02825476030426,80.2163974134055
req-5286,volunteer,35,critical,13.05161024217066,80.22960458185031
req-5287,generator,41,medium,12.944463830292179,80.14325488743798
req-5288,boat,28,medium,13.09851850606652,80.24262712028472
req-5289,vehicle,41,high,13.026289841870696,80.18310289627475
req-5290,generator,50,medium,12.9725161162579,80.11975406062707
req-5291,volunteer,29,medium,12.94903529960777,80.26668807392771
req-5292,medical_supply,16,medium,12.916556195688363,80.28915311935154
req-5293,medical_supply,10,high,13.018977918229101,80.13445531790643
req-5294,volunteer,17,high,13.030168109112827,80.168355376971
req-5295,generator,20,medium,13.010333344403165,80.10854521847385
req-5296,generator,13,critical,13.046836975457435,80.27644373768959
req-5297,shelter_capacity,28,high,12.934537364400775,80.21341162154482
req-5298,medical_supply,25,medium,13.00073138654317,80.19470686220505
req-5299,vehicle,23,low,13.04577217929493,80.24536454967826
req-5300,volunteer,12,critical,13.052314245812132,80.13145581254689
req-5301,shelter_capacity,49,medium,12.937372119407168,80.27205246052705
req-5302,boat,32,medium,12.919402961061941,80.23543034123608
req-5303,volunteer,42,medium,13.023731515844192,80.24322742204609
req-5304,boat,35,medium,12.946900545262038,80.24281617988815
req-5305,vehicle,50,low,12.95251055754817,80.2281784433913
req-5306,medical_supply,26,high,13.086380552381842,80.21058180207605
req-5307,shelter_capacity,39,medium,13.042464650915722,80.2419552424093
req-5308,volunteer,23,medium,12.99671573356441,80.12790123275896
req-5309,volunteer,44,high,13.001417243227614,80.21745232625274
req-5310,volunteer,18,critical,13.08526677298192,80.11268922018277
req-5311,medical_supply,28,high,13.010015932218511,80.27309412559634
req-5312,boat,12,critical,13.06684975265254,80.26878601933976
req-5313,shelter_capacity,9,medium,12.978459250943306,80.14213262662803
req-5314,boat,37,low,12.979757577493357,80.17598337465186
req-5315,boat,3,high,12.94133210900642,80.20281576193149
req-5316,vehicle,8,medium,12.988564742408489,80.23628462784515
req-5317,volunteer,32,medium,12.952335022401979,80.17084592508438
req-5318,shelter_capacity,1,low,13.011579484276844,80.10229534605125
req-5319,generator,3,medium,12.95679567501055,80.11194320919836
req-5320,shelter_capacity,45,medium,12.924421682098941,80.11203379506948
req-5321,volunteer,21,critical,13.020745056722422,80.15478924918138
req-5322,medical_supply,25,critical,12.978076187890357,80.2269492795224
req-5323,boat,3,low,12.954833246330008,80.25414246270968
req-5324,medical_supply,46,low,12.927537232568717,80.22686618585661
req-5325,medical_supply,17,medium,13.025044052942222,80.28713347937209
req-5326,vehicle,28,high,12.907327491040075,80.10847575262635
req-5327,vehicle,16,medium,12.937840576428208,80.22597487758898
req-5328,volunteer,7,low,12.98388832911301,80.2770394455743
req-5329,volunteer,3,low,13.033257894303423,80.27725066542205
req-5330,medical_supply,38,medium,13.057891866696892,80.16147006761085
req-5331,medical_supply,1,low,13.042612482027183,80.25043187981332
req-5332,shelter_capacity,20,medium,13.095257010103877,80.120055384276
req-5333,generator,8,low,13.092684055871432,80.18688459874481
req-5334,medical_supply,45,low,12.950702876641138,80.2619611325363
req-5335,volunteer,37,medium,13.005296703234107,80.13593052253624
req-5336,boat,28,low,13.00122444486342,80.12607582971741
req-5337,shelter_capacity,32,high,12.973175324742057,80.20041592024242
req-5338,generator,36,medium,12.956763723704611,80.15697453221959
req-5339,shelter_capacity,50,high,13.029232665931788,80.17529929542872
req-5340,vehicle,10,low,13.044644425422025,80.23989187231595
req-5341,medical_supply,18,low,12.901106506801757,80.28516862787065
req-5342,generator,26,medium,12.963363985397175,80.1174870365658
req-5343,shelter_capacity,43,medium,12.942282756020857,80.1351226159178
req-5344,shelter_capacity,46,low,13.028336392568209,80.222936149981
req-5345,volunteer,3,medium,13.06266789174664,80.26741857691216
req-5346,generator,27,medium,12.935309537197073,80.24742196839094
req-5347,boat,37,low,12.982439636280931,80.16375304340814
req-5348,boat,39,medium,13.0651614547019,80.13442082648699
req-5349,medical_supply,32,medium,13.030524421714306,80.2386039206415
req-5350,medical_supply,35,medium,13.095442608923852,80.21344197966074
req-5351,vehicle,38,critical,13.08603702402828,80.10812933928513
req-5352,shelter_capacity,42,medium,12.960894741710716,80.2698107905969
req-5353,vehicle,31,medium,13.0777090073108,80.17636310867148
req-5354,vehicle,31,high,12.922413199910213,80.29052260351052
req-5355,volunteer,28,high,13.007425708314221,80.11624280925349
req-5356,medical_supply,46,high,13.047860923475938,80.29479174595454
req-5357,medical_supply,11,medium,12.946740265712448,80.15856924036039
req-5358,boat,26,medium,13.029854180280093,80.23048044440884
req-5359,generator,46,medium,13.051588175107453,80.2418550156364
req-5360,vehicle,18,low,12.910541660178517,80.25881553454437
req-5361,boat,34,critical,13.049306058292535,80.28446437857819
req-5362,vehicle,41,medium,12.972349340883337,80.16816656701482
req-5363,medical_supply,46,high,12.930381069987776,80.29524171033204
req-5364,volunteer,17,medium,12.98908540987237,80.28113723754691
req-5365,shelter_capacity,50,critical,13.072925026521196,80.20476214358837
req-5366,volunteer,46,high,13.011616769651765,80.27901412012783
req-5367,boat,25,high,12.927943490189879,80.13600165935594
req-5368,boat,9,medium,12.956990047325252,80.15620340389607
req-5369,generator,16,medium,13.08024752415168,80.14022767101213
req-5370,medical_supply,33,low,13.022663152153894,80.14379076208456
req-5371,vehicle,35,medium,13.077563215364027,80.29805394497018
req-5372,shelter_capacity,35,medium,13.074035079469933,80.11338742460391
req-5373,volunteer,26,medium,12.97458924382038,80.2643696487401
req-5374,medical_supply,31,medium,13.063305383407794,80.26625182731907
req-5375,boat,10,medium,12.914714748087487,80.21206036626836
req-5376,vehicle,5,high,12.966951252080221,80.23244617464171
req-5377,generator,11,medium,12.960582071509494,80.11903364580832
req-5378,shelter_capacity,17,medium,12.951998491615358,80.205119353169
req-5379,volunteer,34,medium,13.073681154464431,80.22964312694492
req-5380,boat,39,medium,13.03349902288114,80.26524075759043
req-5381,vehicle,23,medium,12.935353562967473,80.29379165505888
req-5382,shelter_capacity,34,critical,12.960048162754926,80.20139256630482
req-5383,volunteer,17,medium,12.94393795184343,80.27751324553527
req-5384,volunteer,19,high,12.949806342801628,80.15689798349872
req-5385,medical_supply,22,medium,12.93228094295972,80.14252408842667
req-5386,volunteer,35,critical,13.024817699628,80.22312297203078
req-5387,vehicle,26,medium,13.073726772372595,80.28937027919906
req-5388,shelter_capacity,5,low,13.013937072654866,80.26874573654803
req-5389,shelter_capacity,27,low,12.910896124720475,80.23956937410614
req-5390,medical_supply,40,medium,13.03655227975748,80.15350959311425
req-5391,medical_supply,28,medium,13.069271810491331,80.15878775473269
req-5392,volunteer,26,high,12.985256085581144,80.2813252303646
req-5393,vehicle,11,medium,12.936041939276027,80.24439813620884
req-5394,medical_supply,14,medium,12.969906004901699,80.2333460755551
req-5395,generator,6,low,12.916144052462979,80.17800270493666
req-5396,boat,48,medium,12.976804026250814,80.16364571510796
req-5397,medical_supply,10,medium,13.033641259494775,80.22857676166204
req-5398,shelter_capacity,13,low,13.077701006708915,80.2104717282458
req-5399,medical_supply,10,medium,13.033215550737154,80.17192451663286
req-5400,volunteer,16,medium,12.914977273154282,80.21246912470374
req-5401,shelter_capacity,12,critical,13.069509119631718,80.24224161808296
req-5402,shelter_capacity,3,low,13.010900762291527,80.21134584878597
req-5403,vehicle,18,medium,12.945216469694493,80.20459768377845
req-5404,generator,42,medium,12.934064572458318,80.17748027497608
req-5405,vehicle,1,low,13.031103091614414,80.2776228001862
req-5406,volunteer,29,medium,13.013307916660256,80.19507546946755
req-5407,vehicle,46,medium,13.08056929863277,80.24517995541507
req-5408,boat,3,medium,13.024121878598969,80.24366757955886
req-5409,generator,31,medium,13.003745239945523,80.24210639909374
req-5410,boat,16,medium,13.018930821502591,80.14926531047955
req-5411,vehicle,34,medium,12.90366179118391,80.19440994384772
req-5412,volunteer,2,high,13.04680273383621,80.15618981156399
req-5413,generator,32,medium,12.911477774404682,80.2688793032123
req-5414,generator,11,low,12.9229494534908,80.10580694591549
req-5415,boat,42,medium,12.935574670687306,80.28609924694332
req-5416,vehicle,23,low,13.06145719404934,80.1962199048577
req-5417,boat,4,medium,13.068195323800277,80.14410849443273
req-5418,generator,48,medium,12.926652798079845,80.21368329575104
req-5419,vehicle,24,medium,12.963151990148432,80.27667363983527
req-5420,volunteer,11,medium,13.009185939307097,80.12242217894881
req-5421,boat,21,medium,13.028365081551355,80.13559136725235
req-5422,shelter_capacity,25,high,12.951091031061914,80.14136061162705
req-5423,shelter_capacity,11,low,12.99914608115393,80.125073974997
req-5424,volunteer,23,medium,13.092225717076165,80.14999897768163
req-5425,shelter_capacity,25,low,12.969795094961077,80.26178555183459
req-5426,medical_supply,49,medium,13.091097491276287,80.20770851270377
req-5427,boat,24,low,13.042352004453493,80.13191223054501
req-5428,vehicle,38,medium,12.964619694509917,80.22706057338331
req-5429,shelter_capacity,5,low,12.999154556019212,80.28375346460803
req-5430,vehicle,13,medium,13.042453445378378,80.16253792268044
req-5431,vehicle,40,medium,12.998455327667383,80.26290942586819
req-5432,boat,21,low,13.011396300134832,80.10379979979774
req-5433,vehicle,1,critical,12.914509481197491,80.18672433498165
req-5434,shelter_capacity,20,low,13.00794870277331,80.13315323170325
req-5435,vehicle,14,high,13.032096358404772,80.20551761336739
req-5436,medical_supply,30,low,12.968217639968527,80.19283820570841
req-5437,vehicle,23,medium,13.084665705829378,80.1931077191367
req-5438,boat,7,medium,13.091858195563189,80.23365668931443
req-5439,generator,5,low,12.96999431817275,80.14736321393791
req-5440,vehicle,8,critical,12.97893037782267,80.24428720848114
req-5441,shelter_capacity,41,critical,13.062141845937067,80.22479866517573
req-5442,boat,17,medium,12.904728749537517,80.26596193168918
req-5443,medical_supply,16,low,13.076137984469595,80.22074617357528
req-5444,medical_supply,36,medium,13.058957093322743,80.13044979859663
req-5445,generator,3,medium,13.011232603138984,80.22138076596444
req-5446,generator,25,low,12.975130873490821,80.14827806940056
req-5447,vehicle,23,medium,13.078786413246652,80.19860403297156
req-5448,volunteer,6,medium,13.007633361816282,80.16333427047715
req-5449,boat,7,medium,13.016430793301174,80.13959989466187
req-5450,shelter_capacity,41,high,13.009791583768044,80.18799157077125
req-5451,volunteer,36,low,12.98529440262004,80.2765254108011
req-5452,vehicle,14,medium,13.087230967815788,80.29646877740196
req-5453,vehicle,28,medium,13.073745531295456,80.28137551400934
req-5454,volunteer,39,low,13.087683457762141,80.27584690687047
req-5455,medical_supply,21,high,12.96157767351477,80.23377596313746
req-5456,generator,18,medium,12.919708139280413,80.13160450060066
req-5457,generator,22,high,13.042624796811749,80.13826793657418
req-5458,generator,35,medium,13.030850139109933,80.18281446204497
req-5459,boat,30,low,13.003696327734684,80.25335017609801
req-5460,shelter_capacity,23,medium,13.052172125080359,80.19866641024075
req-5461,generator,1,high,13.09778806886308,80.25592362663276
req-5462,shelter_capacity,31,medium,13.043439364911297,80.20034945213975
req-5463,volunteer,43,high,13.005361896226619,80.19995169174713
req-5464,boat,46,medium,13.065772672948611,80.19193717426793
req-5465,medical_supply,3,medium,12.95151773769457,80.13935586816369
req-5466,medical_supply,42,medium,13.079210655298462,80.11543233709725
req-5467,vehicle,44,medium,12.920091500467837,80.2934643821076
req-5468,generator,33,low,13.06517862739867,80.18653172807265
req-5469,generator,21,medium,13.056434064595386,80.19123507780498
req-5470,generator,40,low,13.091267892970897,80.27897546034049
req-5471,boat,47,high,12.998098884068659,80.26111079728295
req-5472,volunteer,27,medium,13.032023828057241,80.26923536692736
req-5473,generator,42,medium,12.950773103230778,80.28337879433185
req-5474,vehicle,46,high,12.934822363522159,80.17168767389106
req-5475,vehicle,4,low,13.064290503391492,80.15414405503519
req-5476,shelter_capacity,14,medium,13.090541622539261,80.20204462825666
req-5477,volunteer,7,critical,13.044710669933703,80.27867092510726
req-5478,medical_supply,40,medium,13.05738451003516,80.18906572903776
req-5479,volunteer,23,medium,13.028592767103339,80.29172132773607
req-5480,vehicle,26,high,12.941982165592536,80.27510393049918
req-5481,vehicle,50,medium,12.90246792295006,80.2402783770946
req-5482,medical_supply,13,medium,13.088519497444432,80.22745928880936
req-5483,medical_supply,2,low,13.075993801865366,80.18802280474958
req-5484,volunteer,44,high,13.029695164056626,80.23135848546315
req-5485,boat,18,high,13.015027114510755,80.12861357347822
req-5486,boat,10,low,12.994586752261892,80.1940063958488
req-5487,generator,18,medium,13.060574424436084,80.10887274148644
req-5488,vehicle,29,critical,12.968195608055382,80.2069343364514
req-5489,boat,7,low,12.98610990541001,80.2625890731459
req-5490,shelter_capacity,22,critical,12.93559894911751,80.19248623986289
req-5491,vehicle,3,high,13.0235348687255,80.26685026782967
req-5492,generator,50,high,12.953446057945511,80.1941442294789
req-5493,shelter_capacity,11,low,13.047979272105026,80.16785899034352
req-5494,volunteer,31,critical,12.93520347745196,80.16192725173777
req-5495,shelter_capacity,24,medium,13.043371387254235,80.27752766214002
req-5496,generator,37,critical,13.029517756737064,80.18791529432777
req-5497,shelter_capacity,1,medium,13.020285634267129,80.14047310071572
req-5498,boat,31,medium,12.967167971654598,80.25335620487283
req-5499,medical_supply,34,high,12.931640606873266,80.17638130744037
req-5500,vehicle,4,medium,13.099752040914021,80.27699555069692
req-5501,volunteer,43,medium,13.056537062567203,80.22504947029789
req-5502,medical_supply,23,high,13.037585253072796,80.15040598896827
req-5503,medical_supply,50,high,13.037859133054408,80.27320228856809
req-5504,vehicle,21,medium,13.041725717371166,80.18619222468557
req-5505,generator,12,low,13.02644647512457,80.18723090118078
req-5506,generator,20,medium,13.055120244845117,80.2595066778068
req-5507,medical_supply,36,high,13.072003874293214,80.17097570980631
req-5508,vehicle,13,critical,12.900839230609456,80.24334278966258
req-5509,vehicle,45,medium,12.961008953819704,80.13544687540345
req-5510,medical_supply,43,medium,12.93010030094074,80.2203718386286
req-5511,shelter_capacity,14,low,12.903861430502825,80.12354335307974
req-5512,shelter_capacity,46,medium,13.061704708379022,80.11726603663097
req-5513,volunteer,39,low,13.058449246425017,80.16531291359611
req-5514,vehicle,7,medium,12.96575602749093,80.28778476602903
req-5515,shelter_capacity,32,high,13.08593402425966,80.25184648110209
req-5516,vehicle,5,low,12.95904912575489,80.283619543011
req-5517,shelter_capacity,44,critical,12.92233769766827,80.2006193353696
req-5518,volunteer,20,medium,13.031458157933475,80.24367940687895
req-5519,volunteer,22,medium,13.098996355217464,80.20247705043259
req-5520,volunteer,27,critical,12.902909359306907,80.1686529277235
req-5521,volunteer,43,medium,12.903807080228106,80.22397897588395
req-5522,vehicle,46,medium,13.06700271654246,80.25579872862873
req-5523,vehicle,26,medium,13.099887728146356,80.10299818756651
req-5524,boat,49,medium,12.923642144781295,80.15801257199641
req-5525,vehicle,12,low,13.016154408333882,80.1416317454717
req-5526,boat,3,medium,12.95399060758306,80.15547482450734
req-5527,volunteer,5,medium,13.03101142325076,80.29961995121212
req-5528,boat,32,medium,12.975583413680452,80.22741104750666
req-5529,volunteer,46,high,13.094147802680371,80.25517948333645
req-5530,vehicle,18,high,13.097953685309177,80.1493831982015
req-5531,shelter_capacity,10,medium,13.03174677650099,80.24236938431548
req-5532,shelter_capacity,26,low,13.085540485941719,80.11426445565425
req-5533,generator,11,medium,13.028790952861213,80.15773153287637
req-5534,boat,17,medium,13.0080121532564,80.27008910522605
req-5535,medical_supply,19,high,13.063105286622795,80.14904566461735
req-5536,boat,13,high,12.951031648695373,80.20064177432592
req-5537,volunteer,26,low,12.960049894603397,80.12489931311009
req-5538,generator,9,medium,13.084535340656345,80.1156408510382
req-5539,volunteer,47,medium,12.930264428986861,80.10244822276987
req-5540,vehicle,13,low,12.915300295773305,80.12301277090441
req-5541,medical_supply,31,high,13.03021463691966,80.11387437356518
req-5542,medical_supply,15,medium,12.902350223348414,80.1830435086638
req-5543,volunteer,19,medium,13.082334132736298,80.297357507375
req-5544,generator,19,medium,12.957042840619716,80.14927829379073
req-5545,shelter_capacity,37,medium,12.999143519908548,80.23610292510999
req-5546,vehicle,4,high,13.007950741276181,80.22518785357457
req-5547,vehicle,46,high,12.919732827490451,80.1223755239773
req-5548,generator,50,medium,12.963763673412144,80.23087990851573
req-5549,generator,30,high,13.05870984152696,80.2952009219681
req-5550,vehicle,29,low,13.084058685325036,80.23125235908252
req-5551,generator,2,medium,13.047192441097307,80.22408406229754
req-5552,generator,20,medium,12.919864066811556,80.11108156177512
req-5553,volunteer,23,medium,13.049609389483024,80.1709520346572
req-5554,shelter_capacity,11,medium,13.088464414295286,80.16878125321628
req-5555,generator,50,medium,13.046000898006039,80.28183742305735
req-5556,medical_supply,18,medium,12.992014631531207,80.15899177202088
req-5557,medical_supply,33,critical,13.008420625036607,80.11420937460288
req-5558,shelter_capacity,49,medium,13.096702375125188,80.2719749674812
req-5559,vehicle,35,medium,12.960966820738514,80.29803624316358
req-5560,generator,44,low,12.908856425595348,80.15467786360018
req-5561,generator,15,medium,13.041467313638044,80.2101481400205
req-5562,volunteer,17,medium,13.088215860917243,80.29846913311985
req-5563,generator,43,high,13.021701809978861,80.12016462467791
req-5564,medical_supply,31,medium,12.987605839772147,80.27222122556299
req-5565,medical_supply,23,medium,12.989053960584917,80.24074412265524
req-5566,vehicle,30,medium,12.923097818903349,80.19225736588902
req-5567,vehicle,32,high,13.08920999427412,80.22631747218142
req-5568,volunteer,1,low,12.931890540616397,80.10294094704722
req-5569,shelter_capacity,25,low,13.06649210629528,80.2036641244753
req-5570,medical_supply,12,high,12.90006999175585,80.1309774422119
req-5571,boat,9,high,13.092100314347123,80.12279516345296
req-5572,vehicle,42,medium,12.947160884351037,80.27021646302315
req-5573,shelter_capacity,4,high,13.098172110433795,80.2231946298728
req-5574,volunteer,42,medium,13.012784029769211,80.28228805454913
req-5575,boat,33,low,12.965072519705473,80.14176333486505
req-5576,vehicle,18,high,12.938629467054655,80.28187153609694
req-5577,medical_supply,47,medium,13.037305910001855,80.26467627539412
req-5578,volunteer,13,critical,12.95874939287932,80.13647375776286
req-5579,vehicle,13,low,13.031249005210864,80.23113782716433
req-5580,shelter_capacity,1,high,13.069334295547645,80.26244038131695
req-5581,medical_supply,39,low,13.03364249026084,80.21298514651562
req-5582,boat,1,high,13.048547977422334,80.27374120404124
req-5583,vehicle,33,medium,13.013745163206284,80.24085027750156
req-5584,generator,2,high,13.02324046668406,80.15923331468188
req-5585,generator,9,low,13.02187969019356,80.23029184446594
req-5586,boat,34,low,12.904938956966252,80.13039682550591
req-5587,medical_supply,43,medium,12.982704976608625,80.12107181614891
req-5588,shelter_capacity,35,medium,13.073864727261832,80.22524833688368
req-5589,vehicle,28,medium,13.060090378470337,80.19048339411002
req-5590,boat,12,medium,13.099475745085298,80.26560915626868
req-5591,generator,44,medium,12.905264762309804,80.2507966480413
req-5592,vehicle,7,low,12.900898381447211,80.25585757429353
req-5593,vehicle,8,critical,12.965431323699814,80.1634943919342
req-5594,boat,41,high,12.978823819082773,80.22036381539822
req-5595,generator,29,high,13.024054530070869,80.2697486341255
req-5596,vehicle,50,medium,12.98573013636652,80.21484466484542
req-5597,volunteer,5,medium,13.036746403789834,80.27296794470058
req-5598,volunteer,40,critical,13.098613757143166,80.19359940036169
req-5599,volunteer,7,medium,13.017623545501387,80.23140460937472
req-5600,vehicle,30,high,13.018685655076009,80.15753497861493
req-5601,generator,17,medium,13.072774607235205,80.26276579278185
req-5602,shelter_capacity,8,medium,12.986927506489804,80.1806259481705
req-5603,vehicle,16,medium,13.023160508854788,80.20224261302464
req-5604,shelter_capacity,13,medium,12.955722497681519,80.20572573153395
req-5605,shelter_capacity,16,medium,12.996601565235649,80.23384446520615
req-5606,boat,37,high,12.985158364628496,80.28127814733598
req-5607,vehicle,40,high,13.0350564526942,80.1786282591552
req-5608,volunteer,1,medium,12.923104372079951,80.28356690109769
req-5609,boat,49,medium,12.971494828728437,80.10459686987339
req-5610,shelter_capacity,1,high,12.931766807060315,80.18035414688573
req-5611,generator,40,medium,12.97846686861989,80.2509260010537
req-5612,shelter_capacity,46,medium,13.08767347174376,80.1836945997867
req-5613,volunteer,50,low,12.945726790127459,80.22731706880333
req-5614,boat,45,low,12.930778819450083,80.20617897657101
req-5615,boat,21,high,12.95382247126661,80.15377499229616
req-5616,generator,38,medium,12.96632683529452,80.1241401156614
req-5617,boat,49,low,13.00923080113191,80.12886662785223
req-5618,shelter_capacity,44,medium,13.00956395217304,80.19752389405295
req-5619,medical_supply,37,low,13.081240934492785,80.29576625866633
req-5620,generator,1,high,12.99265885472054,80.20814571365064
req-5621,medical_supply,31,medium,12.957858454356018,80.1608387561246
req-5622,generator,27,medium,13.00613243968441,80.22241208145488
req-5623,volunteer,27,low,12.903863369881561,80.12332104759712
req-5624,generator,38,high,12.954657244664146,80.10349177540256
req-5625,boat,45,critical,12.903552708256655,80.12324590921321
req-5626,boat,2,high,13.021917355051615,80.26930792578163
req-5627,shelter_capacity,31,low,12.907639201552785,80.22991777309586
req-5628,generator,6,medium,13.062189790266519,80.10941105911901
req-5629,shelter_capacity,24,medium,13.07780696063796,80.24753715790195
req-5630,volunteer,31,high,13.047132480773392,80.28052596490319
req-5631,volunteer,28,high,13.063390514854973,80.29200134249943
req-5632,generator,21,medium,13.06123701290093,80.16792274296131
req-5633,boat,42,low,13.052663194967954,80.1073190064541
req-5634,shelter_capacity,2,high,12.901919584990484,80.10655992890706
req-5635,shelter_capacity,30,medium,13.024498850151392,80.12446113208881
req-5636,vehicle,16,medium,13.082539262293652,80.23068671415314
req-5637,medical_supply,9,medium,13.080736658480676,80.1408587036825
req-5638,generator,2,medium,12.92541084297235,80.27147540471859
req-5639,generator,14,medium,12.914698293357555,80.24815244846714
req-5640,generator,11,medium,12.99390452610367,80.27377445605825
req-5641,vehicle,15,medium,13.001400193562496,80.10122900166034
req-5642,shelter_capacity,12,medium,13.009569179380453,80.23187337377293
req-5643,vehicle,37,medium,13.025644478680128,80.28155087255534
req-5644,volunteer,34,medium,13.08362982486068,80.22853370911811
req-5645,shelter_capacity,27,critical,12.924004115589652,80.11400075639851
req-5646,volunteer,21,medium,12.982056277198037,80.14817373284664
req-5647,medical_supply,48,medium,12.951624324200834,80.19207758590403
req-5648,medical_supply,30,high,13.051307545334787,80.20792593314005
req-5649,shelter_capacity,21,low,12.912474267785013,80.12423197551395
req-5650,volunteer,34,medium,13.035330391858489,80.13893209262048
req-5651,medical_supply,30,high,12.973067601019608,80.13263724300843
req-5652,vehicle,39,low,12.906637784193592,80.1504090224276
req-5653,volunteer,26,medium,13.069342732671426,80.21165585559777
req-5654,boat,41,medium,12.983665466455136,80.14879838761861
req-5655,boat,50,low,13.07617069485539,80.14358885466558
req-5656,boat,17,critical,12.944218111319655,80.25173660118469
req-5657,generator,17,critical,12.978473435364604,80.23280044485034
req-5658,boat,39,medium,13.04902377315222,80.2900232668512
req-5659,medical_supply,43,low,13.021444157945234,80.25672367343645
req-5660,boat,17,medium,13.019615707112871,80.18929649945034
req-5661,medical_supply,36,medium,12.973462523378672,80.13207749628779
req-5662,vehicle,6,critical,13.084479564135469,80.24107042566608
req-5663,volunteer,2,medium,13.006171996102463,80.21566029737966
req-5664,shelter_capacity,4,medium,12.99750050297524,80.11885417049488
req-5665,generator,1,medium,13.046174257936622,80.1270925732012
req-5666,shelter_capacity,28,medium,12.918090988269153,80.22798496437298
req-5667,boat,44,medium,12.972154698241368,80.21717525160754
req-5668,generator,40,medium,13.028443313837068,80.1451068403762
req-5669,boat,8,medium,13.016336489797117,80.11240314132716
req-5670,vehicle,16,medium,12.928911555381099,80.1422297304354
req-5671,shelter_capacity,8,high,13.023422875020696,80.27862763063614
req-5672,vehicle,40,low,12.9729669823831,80.19509137426179
req-5673,shelter_capacity,2,high,13.004043362379527,80.2788288772572
req-5674,shelter_capacity,1,medium,12.982170917011569,80.21321784954604
req-5675,boat,2,medium,13.095342893906817,80.23363603506347
req-5676,boat,41,medium,13.071262351950683,80.10466069752879
req-5677,volunteer,42,critical,13.012032691418717,80.19957108428257
req-5678,generator,6,medium,13.098609169519674,80.16669973292886
req-5679,generator,8,low,13.005114251446976,80.12065901675072
req-5680,vehicle,30,medium,12.924770567951509,80.14229058688821
req-5681,shelter_capacity,14,high,13.042186486231687,80.27450397161326
req-5682,vehicle,31,medium,13.054001218902256,80.21111571349778
req-5683,generator,35,high,13.056911960411364,80.27628260339212
req-5684,volunteer,43,medium,13.015130926022957,80.11141377508932
req-5685,volunteer,6,low,12.921684178840167,80.12006569915215
req-5686,generator,30,low,12.932453918864907,80.29140278868825
req-5687,shelter_capacity,40,medium,13.00035494260414,80.18793511010595
req-5688,volunteer,24,critical,13.078364550171774,80.11140296172867
req-5689,generator,24,medium,13.086879143148913,80.17395842814608
req-5690,volunteer,11,low,12.971685504510331,80.24019296818697
req-5691,boat,12,high,12.95965042548803,80.17746173507679
req-5692,shelter_capacity,5,critical,13.007302275751973,80.26319605297641
req-5693,boat,33,low,13.083207015479873,80.12556634038273
req-5694,vehicle,21,medium,13.045596051348681,80.1386444976328
req-5695,medical_supply,5,medium,13.073888656188037,80.20538119633099
req-5696,shelter_capacity,16,low,13.090570580324046,80.13752876895995
req-5697,shelter_capacity,22,medium,13.048063051127286,80.22517070998936
req-5698,generator,39,medium,13.084840104685483,80.22933842852592
req-5699,shelter_capacity,11,low,13.011993327930162,80.12575438945693
req-5700,vehicle,30,low,13.067281552474292,80.13956418880552
req-5701,generator,20,low,13.006966635338477,80.21903373020123
req-5702,shelter_capacity,17,medium,12.944129105638876,80.23636528736093
req-5703,boat,22,low,13.05456936266568,80.21034609670444
req-5704,vehicle,28,medium,13.008571532910537,80.14743681329024
req-5705,generator,48,medium,12.982887548035565,80.11755648615679
req-5706,volunteer,28,critical,13.043001736213627,80.12554680765817
req-5707,shelter_capacity,11,medium,13.09272904192097,80.15359631565791
req-5708,boat,19,medium,12.93837729016474,80.25658108611684
req-5709,shelter_capacity,3,medium,12.953383641848458,80.10044871280218
req-5710,volunteer,2,low,13.045318754571229,80.27991992785913
req-5711,volunteer,12,medium,13.082889671928424,80.1431763301605
req-5712,volunteer,26,critical,13.066361051989402,80.13010603321362
req-5713,boat,26,medium,13.099752563154658,80.28150263122608
req-5714,vehicle,46,high,13.052774164841345,80.1548675576479
req-5715,volunteer,37,medium,13.066748359100083,80.23835093936881
req-5716,volunteer,29,medium,13.05438900219967,80.15479598361641
req-5717,medical_supply,22,high,13.00315152605464,80.28595489322542
req-5718,shelter_capacity,50,low,13.004909563251598,80.23570410956613
req-5719,generator,20,medium,13.094170517056552,80.20034360843857
req-5720,shelter_capacity,5,medium,13.01753281138506,80.23779302709895
req-5721,generator,7,medium,13.066451002922973,80.11441792094591
req-5722,vehicle,11,critical,13.068461860371334,80.29935912518968
req-5723,vehicle,37,high,13.061474089770776,80.22947560107863
req-5724,vehicle,10,medium,13.052354562402279,80.19391434385398
req-5725,medical_supply,8,medium,13.01095026638258,80.22881855177067
req-5726,shelter_capacity,14,high,12.951561655176324,80.10155808213794
req-5727,medical_supply,48,medium,12.948554360778843,80.28507304323415
req-5728,vehicle,18,low,13.097972766174495,80.1956895327575
req-5729,medical_supply,42,high,13.075878063856022,80.20380788365317
req-5730,medical_supply,21,low,13.048327893491718,80.18093382722488
req-5731,shelter_capacity,44,high,13.002600575214567,80.13291034460298
req-5732,vehicle,37,low,13.053404704020199,80.21633356196052
req-5733,boat,45,high,12.981023156274796,80.26218097386129
req-5734,volunteer,20,high,12.939216619047999,80.10990459136512
req-5735,volunteer,44,medium,13.007820208950006,80.2197019859535
req-5736,volunteer,37,medium,13.058054380603343,80.14397076311174
req-5737,generator,13,medium,12.981566487103679,80.18817888311806
req-5738,medical_supply,21,high,12.983360665328366,80.27736286182063
req-5739,medical_supply,40,low,12.947111882141478,80.29336983664213
req-5740,vehicle,17,medium,13.086728646494596,80.24136750055266
req-5741,volunteer,16,critical,12.953248805488085,80.21352397535377
req-5742,boat,13,medium,12.907913157675061,80.18097544372327
req-5743,boat,15,high,13.034080051645653,80.25634555195913
req-5744,boat,30,critical,13.060124197458,80.1215710371845
req-5745,generator,37,medium,13.007272042432142,80.25262528583158
req-5746,volunteer,38,high,13.09068848993184,80.2370385053708
req-5747,vehicle,26,low,12.964058456225471,80.22095763272934
req-5748,volunteer,17,medium,12.924488220444093,80.17606080990022
req-5749,shelter_capacity,17,low,12.908666293490239,80.25721124851931
req-5750,boat,29,medium,13.0029986223548,80.29154431237299
req-5751,volunteer,5,low,12.994944216774762,80.14208262350374
req-5752,volunteer,40,low,12.933988642769028,80.28532515548729
req-5753,boat,32,critical,12.91447992521305,80.24724508686663
req-5754,vehicle,25,low,13.099750449537472,80.14625908558907
req-5755,generator,15,low,12.992503344785108,80.16802629334897
req-5756,vehicle,27,low,13.05173949104477,80.20037996488337
req-5757,shelter_capacity,50,high,13.014243096894061,80.19911363799865
req-5758,generator,50,medium,13.026114046360943,80.2175846984362
req-5759,vehicle,12,medium,12.931172407755563,80.24054955745032
req-5760,medical_supply,35,low,13.072018497102093,80.27660661955058
req-5761,medical_supply,23,high,12.971274309442984,80.21539787157788
req-5762,medical_supply,12,low,12.92540356423385,80.27430423972659
req-5763,boat,29,low,13.045189246342828,80.24597117150668
req-5764,vehicle,49,medium,13.055542271217982,80.21876191952929
req-5765,generator,32,medium,13.069785179167,80.10774526621262
req-5766,medical_supply,28,low,12.986608516028673,80.20637678022862
req-5767,shelter_capacity,32,medium,12.98309823177655,80.23124043485416
req-5768,boat,23,high,13.081426551937627,80.23473132086477
req-5769,generator,43,medium,12.931100148957716,80.1682222916612
req-5770,medical_supply,50,medium,12.961373867851524,80.1655761005316
req-5771,volunteer,29,medium,13.018315177881748,80.11616882754541
req-5772,volunteer,46,medium,13.02843970415455,80.14909396579678
req-5773,medical_supply,14,medium,13.043360624282702,80.180528958087
req-5774,vehicle,8,low,12.935013988998536,80.20853359023032
req-5775,vehicle,23,high,13.092362788089451,80.18517208118803
req-5776,boat,39,medium,13.018898290081061,80.20961059783596
req-5777,medical_supply,27,low,12.980529669805417,80.22043634240747
req-5778,volunteer,19,low,12.97329045821601,80.25089715052887
req-5779,vehicle,15,low,12.998180057079724,80.22048687235775
req-5780,boat,50,high,12.939315346063525,80.22357018725516
req-5781,medical_supply,49,low,12.983015989141556,80.12100032724793
req-5782,volunteer,12,low,12.934917291216347,80.17956435810166
req-5783,generator,10,medium,13.012558868394946,80.13764804943253
req-5784,vehicle,29,low,12.999117381990263,80.21077592286527
req-5785,boat,2,medium,12.981246965019213,80.13222162996234
req-5786,medical_supply,34,high,12.940772411041925,80.19907515906033
req-5787,generator,30,high,12.998705906325034,80.19021714189832
req-5788,volunteer,48,medium,13.061285770016413,80.20244401851188
req-5789,volunteer,8,medium,12.965350238567822,80.1339537473255
req-5790,medical_supply,31,high,13.021814022610624,80.1319616529927
req-5791,volunteer,44,medium,13.070046425030199,80.17004740432156
req-5792,medical_supply,34,low,13.017248037722092,80.25565849070054
req-5793,volunteer,30,high,12.9348717103275,80.19755034185444
req-5794,generator,12,high,12.959050961331275,80.23764091351532
req-5795,medical_supply,37,critical,12.930107134845853,80.12127747231968
req-5796,generator,45,low,12.91601009983829,80.28527950556922
req-5797,generator,46,medium,13.091906648450912,80.11538897713159
req-5798,generator,19,critical,12.958057588031483,80.28355066782296
req-5799,boat,21,high,13.022341874805589,80.11632645024407
req-5800,vehicle,18,low,13.004510120346605,80.10868628541292
req-5801,generator,3,low,12.946057878066892,80.24093119479707
req-5802,boat,30,medium,12.95583901120399,80.24816438001575
req-5803,generator,8,high,12.928659224056862,80.17047232281419
req-5804,generator,3,medium,13.056696085908927,80.23260003370777
req-5805,shelter_capacity,22,medium,13.038314135251577,80.1060767785144
req-5806,volunteer,8,medium,12.977023368049256,80.26815292397154
req-5807,boat,30,medium,12.968460539212748,80.10962839242343
req-5808,medical_supply,43,medium,13.010121161455661,80.17626791454083
req-5809,medical_supply,41,medium,12.902354474803694,80.2642466540238
req-5810,vehicle,49,high,13.083515382221204,80.20518660652883
req-5811,volunteer,40,critical,13.078823864950515,80.13187503689603
req-5812,medical_supply,15,low,13.09799845434729,80.29363354721393
req-5813,vehicle,1,medium,13.038982776562886,80.13658603134728
req-5814,shelter_capacity,8,low,12.912739517057432,80.20851647438533
req-5815,medical_supply,11,medium,12.93221312698831,80.23254803766353
req-5816,generator,31,medium,13.085313052616657,80.19503403012313
req-5817,boat,31,medium,12.99800755859858,80.11347146110715
req-5818,generator,26,medium,13.011064922031002,80.29862463287098
req-5819,vehicle,50,medium,12.960060780480537,80.2726349801957
req-5820,volunteer,21,critical,13.057163555287595,80.27270125090698
req-5821,shelter_capacity,32,medium,12.929470632453679,80.28523616060637
req-5822,boat,29,medium,12.995844396361152,80.20724744570587
req-5823,medical_supply,39,low,13.047291676802502,80.277698830967
req-5824,volunteer,28,critical,13.079902294393118,80.24783066178294
req-5825,shelter_capacity,45,low,13.089338248384186,80.16754963969079
req-5826,shelter_capacity,42,medium,12.939975204189194,80.2958999875387
req-5827,vehicle,12,medium,12.91992636810632,80.24276519559726
req-5828,volunteer,37,low,13.055010429569204,80.17743153906169
req-5829,vehicle,17,medium,12.90818017901659,80.21440851590671
req-5830,vehicle,39,critical,13.021891538601322,80.180540195014
req-5831,medical_supply,10,high,13.039931482534799,80.26525600353982
req-5832,shelter_capacity,23,medium,12.933213859181585,80.29596715504364
req-5833,shelter_capacity,9,high,12.991859317946806,80.12506297950237
req-5834,shelter_capacity,16,high,13.093931316526959,80.23388021126722
req-5835,generator,9,high,12.995196644674072,80.16101357299405
req-5836,vehicle,39,medium,12.973851052860498,80.15281799279494
req-5837,medical_supply,1,medium,13.062489809964102,80.13346350264263
req-5838,boat,45,low,12.953995219829197,80.22886850810748
req-5839,volunteer,36,low,12.904981867846656,80.21070519095726
req-5840,boat,20,critical,13.080469446333883,80.1519992624712
req-5841,boat,44,medium,13.06743865064835,80.23463101462355
req-5842,medical_supply,37,critical,12.941198402755038,80.10067771553152
req-5843,generator,15,high,13.028170184192682,80.25786908528129
req-5844,medical_supply,23,medium,12.968376104466294,80.1964814464917
req-5845,shelter_capacity,39,medium,12.99038896038114,80.10679976184687
req-5846,medical_supply,22,low,13.013913637215078,80.25362518501147
req-5847,vehicle,13,medium,12.902201665468818,80.25284262087254
req-5848,volunteer,41,medium,12.967352591958068,80.10633022385218
req-5849,boat,42,high,13.030623692430542,80.14465157313198
req-5850,shelter_capacity,14,medium,12.917812508759969,80.1151779934842
req-5851,shelter_capacity,18,medium,13.007404336103308,80.12690574933566
req-5852,medical_supply,31,high,13.021205129354106,80.14402258510745
req-5853,boat,26,medium,12.92556853609985,80.19042985075909
req-5854,shelter_capacity,13,high,13.016223137719221,80.2761143072842
req-5855,volunteer,31,medium,12.937422787123003,80.24774473711895
req-5856,volunteer,33,critical,12.960570211424193,80.25190025906295
req-5857,generator,44,high,13.077745677934326,80.29506330359789
req-5858,vehicle,1,low,13.020064489091405,80.14428887681844
req-5859,generator,48,medium,12.962544974072678,80.23247508864142
req-5860,vehicle,35,low,12.936623804266755,80.21140719470995
req-5861,boat,4,medium,13.094712950955337,80.22133758332353
req-5862,shelter_capacity,2,medium,12.986361902654425,80.24608457175273
req-5863,generator,44,medium,12.998982033009149,80.16605098102386
req-5864,generator,20,medium,13.018146843464274,80.12395388010282
req-5865,generator,29,high,12.988261170479499,80.2098547425804
req-5866,shelter_capacity,22,critical,13.025247565818836,80.2777261114441
req-5867,vehicle,48,high,13.015353860264964,80.22224669064215
req-5868,volunteer,27,medium,12.910998578317919,80.10989023581848
req-5869,medical_supply,31,medium,13.002439794066609,80.19036977145886
req-5870,shelter_capacity,3,medium,13.081075580193234,80.1281151530859
req-5871,medical_supply,34,critical,13.072895721892305,80.13803907688056
req-5872,boat,18,medium,13.033841341105283,80.15649964219396
req-5873,shelter_capacity,34,high,12.940103033207938,80.15746093228101
req-5874,generator,35,medium,12.957731466945212,80.16552560738697
req-5875,vehicle,24,medium,13.052354058629541,80.13370799159095
req-5876,boat,6,high,12.909777572458808,80.22672852074086
req-5877,boat,4,high,12.965837025529234,80.2198270760047
req-5878,generator,25,medium,13.043112673220566,80.19005318384166
req-5879,medical_supply,15,medium,13.054982023764948,80.29385467342964
req-5880,generator,41,medium,12.925480257502075,80.14699008374984
req-5881,vehicle,20,low,13.043014169421058,80.26292942823366
req-5882,volunteer,36,high,12.918229264448643,80.1333566052262
req-5883,volunteer,2,high,13.047530490391473,80.27937673212328
req-5884,generator,28,critical,12.916199242986337,80.20462552185128
req-5885,generator,47,high,12.976006756249522,80.10497296097222
req-5886,shelter_capacity,49,medium,13.043376887098294,80.26679083909362
req-5887,volunteer,30,high,12.99059632905343,80.20849086374369
req-5888,volunteer,5,critical,13.033631773781027,80.1017044548737
req-5889,boat,43,low,13.009827835138202,80.13395849581869
req-5890,medical_supply,39,medium,13.03074191707908,80.1787174490917
req-5891,medical_supply,9,critical,13.088304849539936,80.23799176104487
req-5892,boat,27,critical,12.927855156771928,80.17505910422301
req-5893,medical_supply,11,critical,13.042325563807925,80.15174512054675
req-5894,boat,25,medium,13.083638027850919,80.29961014745999
req-5895,shelter_capacity,22,medium,13.067858706429572,80.16119720459395
req-5896,generator,27,medium,12.944103782564868,80.29877006561004
req-5897,boat,7,medium,13.084292728418223,80.27035858442719
req-5898,volunteer,37,medium,12.991592531238817,80.20229423014028
req-5899,boat,48,medium,12.906320283688057,80.20724025356465
req-5900,medical_supply,41,medium,12.913229659910394,80.11478990327696
req-5901,medical_supply,25,medium,12.933862268809998,80.16174277286396
req-5902,generator,27,low,12.967418695638735,80.11418243850487
req-5903,boat,46,medium,13.058653317232302,80.2732839390119
req-5904,boat,12,low,13.01424821543087,80.23489994358057
req-5905,vehicle,15,medium,13.089852781085444,80.28847324020676
req-5906,volunteer,44,medium,12.96522631854321,80.23811396351158
req-5907,shelter_capacity,20,medium,13.00848634187456,80.17069239713597
req-5908,vehicle,22,medium,12.908059753882148,80.28119300744844
req-5909,medical_supply,50,medium,12.928983435052512,80.27336716640684
req-5910,medical_supply,3,critical,12.973352090145477,80.27312207309109
req-5911,generator,7,low,12.980164496363091,80.12211672486703
req-5912,shelter_capacity,31,medium,12.943434619902703,80.16052946332584
req-5913,vehicle,18,low,12.919929476739767,80.14076703802112
req-5914,medical_supply,9,critical,13.080339952082404,80.10461585383243
req-5915,volunteer,48,medium,12.964189541949724,80.23859971987558
req-5916,generator,49,medium,13.091091688341681,80.2511751196281
req-5917,shelter_capacity,13,high,13.051856804078204,80.26492045926932
req-5918,shelter_capacity,1,medium,13.099844575256569,80.12612611763676
req-5919,boat,28,critical,12.987784109640394,80.25292565036187
req-5920,shelter_capacity,45,medium,13.08974278189575,80.1040834767026
req-5921,boat,37,low,12.937005628166142,80.14276835537233
req-5922,medical_supply,23,low,13.003660814083046,80.13093476997796
req-5923,generator,36,medium,12.970893024118377,80.17776576541519
req-5924,shelter_capacity,10,high,12.961727039738472,80.25832958104125
req-5925,volunteer,47,medium,13.088669777695047,80.18699428607597
req-5926,shelter_capacity,26,medium,12.997028740940362,80.15887301955698
req-5927,generator,2,medium,12.92750608458394,80.13448297615129
req-5928,medical_supply,43,low,12.950033325591583,80.29849890169454
req-5929,generator,48,critical,12.982561629749824,80.19419646948336
req-5930,boat,11,critical,13.046389443577885,80.16413224482731
req-5931,vehicle,5,low,13.072440865013217,80.20919103761244
req-5932,shelter_capacity,4,critical,13.026638698355613,80.2526801270084
req-5933,boat,4,critical,12.94438363858814,80.12916824176853
req-5934,boat,24,low,13.07889929396783,80.21072741304586
req-5935,volunteer,42,high,13.003459303680318,80.16450656171416
req-5936,volunteer,10,medium,13.063443182277648,80.11646911197181
req-5937,volunteer,29,medium,13.070526953797941,80.24132808326783
req-5938,boat,22,medium,12.94299583313098,80.2343679148707
req-5939,generator,37,high,13.076444089137802,80.1592696312667
req-5940,medical_supply,10,critical,12.951689861731763,80.18467760560056
req-5941,generator,45,critical,13.059021141356698,80.2148366918021
req-5942,volunteer,3,medium,12.947810922838551,80.12149676818557
req-5943,generator,40,medium,12.906597309497512,80.11076002211551
req-5944,shelter_capacity,2,medium,13.017841838320544,80.17978407122656
req-5945,generator,32,medium,13.023205762281838,80.15948399214041
req-5946,medical_supply,50,low,12.928550523234913,80.2692977829211
req-5947,boat,42,low,13.0866315670099,80.19096330245208
req-5948,boat,6,low,12.96128752237318,80.28407282552655
req-5949,volunteer,38,medium,12.906138188496367,80.2826439021384
req-5950,medical_supply,6,high,13.07246938342719,80.16225142049989
req-5951,generator,28,high,12.919241504732433,80.16130521573811
req-5952,volunteer,17,low,12.935369331205925,80.16236770524286
req-5953,medical_supply,48,medium,13.09331235220801,80.20024539766057
req-5954,boat,3,medium,12.976627956380115,80.19648659770442
req-5955,boat,6,high,12.926482039136562,80.15224157497103
req-5956,medical_supply,26,medium,12.92944767752228,80.20138096786006
req-5957,boat,47,medium,13.035346342872094,80.1164402679003
req-5958,generator,19,medium,12.96101502294355,80.15983308793524
req-5959,boat,12,medium,12.903741354168927,80.15352395363553
req-5960,generator,39,high,13.066917890632858,80.23023337744894
req-5961,generator,28,medium,12.906800381525589,80.12481730602057
req-5962,boat,38,medium,12.912711859747334,80.16695652175815
req-5963,medical_supply,9,medium,13.056845763812097,80.19799569299806
req-5964,volunteer,23,medium,12.965251383037703,80.18702418710022
req-5965,medical_supply,32,high,13.038545837192103,80.23901069285337
req-5966,medical_supply,22,medium,12.981044085602681,80.12677829843025
req-5967,volunteer,38,high,12.933245420507186,80.28369656055419
req-5968,vehicle,8,medium,12.975020985599393,80.17604899433807
req-5969,shelter_capacity,1,medium,12.976313195929105,80.17657223404066
req-5970,vehicle,12,medium,12.938979222313371,80.22610815305454
req-5971,volunteer,2,medium,12.911615470440642,80.21966754204516
req-5972,vehicle,26,critical,13.091529571181951,80.25725836260729
req-5973,boat,29,medium,12.936389419565355,80.1718847207456
req-5974,medical_supply,7,medium,13.085534214068613,80.18563331046755
req-5975,medical_supply,16,medium,12.933879649583023,80.27644066932884
req-5976,medical_supply,36,low,13.064864816502869,80.28751253179297
req-5977,medical_supply,42,low,13.061860843123718,80.12589533236256
req-5978,boat,8,low,13.053639310126242,80.2523524367841
req-5979,medical_supply,50,low,13.083688816201542,80.28840137621225
req-5980,generator,15,medium,13.03751245066401,80.19197907657524
req-5981,boat,6,low,12.909427514919786,80.1447247378521
req-5982,boat,24,medium,12.936349659751992,80.28518518280121
req-5983,medical_supply,39,high,13.053116729268746,80.24464587462361
req-5984,volunteer,43,medium,13.025012012642287,80.27672384547392
req-5985,medical_supply,42,low,13.048212575340123,80.10063937160372
req-5986,shelter_capacity,30,medium,13.048915255154206,80.27437000349012
req-5987,medical_supply,30,low,13.09944026664883,80.25409654403342
req-5988,vehicle,23,medium,12.958785780919605,80.12301907958162
req-5989,shelter_capacity,26,medium,13.00783552198812,80.22236612725989
req-5990,shelter_capacity,2,critical,12.983908655101729,80.20818783711157
req-5991,medical_supply,10,low,13.092746943844398,80.1810366720237
req-5992,generator,23,high,12.935915615564278,80.27330288368192
req-5993,volunteer,42,low,12.902058535678012,80.11780180252764
req-5994,generator,11,low,13.060456494674575,80.1871038588879
req-5995,volunteer,42,medium,13.095502901064584,80.18536750074354
req-5996,volunteer,17,critical,12.948588823102597,80.27634086594138
req-5997,vehicle,36,low,12.944162603668504,80.22057325384627
req-5998,medical_supply,25,medium,13.041871353099014,80.25292464664797
req-5999,volunteer,21,high,12.931827911992926,80.14019606494605
req-6000,generator,35,low,13.094252763256083,80.18961856949463
req-6001,generator,26,low,12.95689956597034,80.2266881018493
req-6002,boat,36,medium,13.055228785683699,80.21685514853046
req-6003,vehicle,35,high,13.092144310327793,80.24880442203747
req-6004,generator,29,medium,12.94276633175509,80.10908011811087
req-6005,vehicle,4,medium,13.081004658423925,80.211421569156
req-6006,generator,2,low,13.080301481002302,80.10127248045809
req-6007,generator,21,medium,13.012758943237422,80.19466351996401
req-6008,boat,23,medium,13.01220486460202,80.23282785673236
req-6009,generator,38,medium,12.954152644017324,80.29085637515823
req-6010,volunteer,46,medium,13.020895991707324,80.10041961571967
req-6011,medical_supply,11,medium,13.073867354655595,80.11951607211704
req-6012,shelter_capacity,50,medium,12.991528961768871,80.29528109958947
req-6013,generator,17,critical,13.023442423671165,80.1428159324664
req-6014,generator,13,low,13.069359407909932,80.26952093994436
req-6015,medical_supply,9,high,12.921214010789164,80.10160760714655
req-6016,vehicle,3,medium,12.9276489526223,80.18671927188345
req-6017,volunteer,15,high,13.092395808804701,80.23561024062863
req-6018,shelter_capacity,44,medium,12.955942580171412,80.19012236594118
req-6019,volunteer,6,critical,12.990900661555006,80.2129374052257
req-6020,generator,14,medium,13.055216041657893,80.14411943661139
req-6021,boat,18,high,12.965673470749188,80.28457824454011
req-6022,medical_supply,14,medium,13.036457987852634,80.2038891287423
req-6023,generator,34,high,12.913024406366432,80.18973536965328
req-6024,vehicle,35,medium,12.986408569541807,80.2130715052704
req-6025,medical_supply,6,medium,13.060732623105327,80.18329486449699
req-6026,generator,6,high,12.944782269561879,80.24420799173465
req-6027,volunteer,8,critical,13.03804709017376,80.12069846572679
req-6028,boat,40,medium,13.029369182607423,80.11880951205029
req-6029,generator,14,low,13.020994691422887,80.22316464868028
req-6030,vehicle,38,medium,12.986470214096066,80.17455431395203
req-6031,generator,44,medium,13.060477402381155,80.25898425115389
req-6032,shelter_capacity,27,medium,13.030375616164296,80.23827496676115
req-6033,medical_supply,27,medium,13.072173781365063,80.28251582050939
req-6034,boat,21,medium,12.972440925534373,80.19616051553182
req-6035,medical_supply,12,high,12.93444161478051,80.15854511982155
req-6036,generator,3,critical,12.978036942118282,80.13411073438516
req-6037,shelter_capacity,12,low,13.078652816536355,80.16521842827015
req-6038,volunteer,30,medium,12.914488367968094,80.17303075945281
req-6039,boat,11,medium,12.964533002182382,80.23952764578308
req-6040,medical_supply,2,medium,13.097504871835092,80.19277756935739
req-6041,vehicle,12,medium,12.905893784574593,80.24703652331712
req-6042,boat,24,medium,12.926838326675048,80.2618537173003
req-6043,boat,14,medium,13.055526524269165,80.13700035520147
req-6044,shelter_capacity,11,medium,12.914976190263989,80.20524744758089
req-6045,generator,21,high,12.979853971804296,80.11757718980105
req-6046,boat,8,medium,12.901276631203746,80.20595261174765
req-6047,shelter_capacity,15,low,13.051351963951118,80.284622819566
req-6048,medical_supply,24,medium,12.955900239364421,80.10465219111886
req-6049,medical_supply,2,medium,12.994611614037003,80.23971462307128
req-6050,generator,47,critical,12.953724739137463,80.29362943383549
req-6051,medical_supply,16,high,13.08881729060995,80.24359749109792
req-6052,volunteer,35,medium,12.932783494049458,80.20848483549086
req-6053,generator,13,medium,13.000084783854726,80.28283403143847
req-6054,medical_supply,23,medium,12.914257704801617,80.22934528956624
req-6055,vehicle,44,high,12.909601334374669,80.1931834369259
req-6056,vehicle,32,low,12.96846566325273,80.24330333096735
req-6057,shelter_capacity,9,critical,12.966334071361398,80.11753414018443
req-6058,shelter_capacity,33,high,12.925480369001026,80.26676431737327
req-6059,medical_supply,15,medium,12.908578482851775,80.16447018259548
req-6060,shelter_capacity,25,medium,12.96070121930775,80.15441228560168
req-6061,vehicle,10,medium,12.95394504124242,80.22031312792838
req-6062,medical_supply,24,medium,12.9362366153238,80.21932372830217
req-6063,medical_supply,6,medium,12.952281699547363,80.25245401911043
req-6064,generator,43,critical,13.03139339526606,80.27006775061687
req-6065,medical_supply,24,high,13.060043469192493,80.25456674832436
req-6066,shelter_capacity,27,low,12.90216076503901,80.2557716115324
req-6067,boat,2,medium,13.095841647556373,80.17558658694242
req-6068,medical_supply,8,low,13.09670316048049,80.27593617105089
req-6069,volunteer,29,high,12.976896854962469,80.14475128829757
req-6070,vehicle,48,high,13.027687680646856,80.25222351187686
req-6071,volunteer,2,low,12.916611258624448,80.16269364747305
req-6072,medical_supply,5,high,13.067787091005112,80.16436468430277
req-6073,volunteer,28,medium,12.905162818679484,80.21308481772368
req-6074,medical_supply,14,medium,12.916236798885247,80.21403814551599
req-6075,medical_supply,23,low,12.931351787668163,80.24029302418084
req-6076,boat,49,high,12.988683072641381,80.15854822609958
req-6077,generator,15,high,12.904639802780224,80.29273973417483
req-6078,shelter_capacity,50,medium,13.093445310023087,80.21970173227899
req-6079,generator,38,low,12.935642317702857,80.2594824522119
req-6080,volunteer,42,low,12.985096498079526,80.25982035188566
req-6081,medical_supply,22,high,13.024784774133456,80.26849304989254
req-6082,boat,39,low,13.058601997724761,80.29676080738408
req-6083,shelter_capacity,12,medium,13.003975094668819,80.29335054604866
req-6084,medical_supply,29,medium,12.974209082854305,80.1782906585779
req-6085,generator,43,critical,13.089329049820726,80.15438940784077
req-6086,volunteer,42,high,12.956259282376353,80.11360063498633
req-6087,shelter_capacity,18,high,12.989810460957264,80.11051399636321
req-6088,volunteer,37,high,12.99414103018939,80.19810165972466
req-6089,boat,27,critical,12.936217795641655,80.27673395151255
req-6090,shelter_capacity,20,high,12.967296193229789,80.24447014418358
req-6091,shelter_capacity,47,medium,13.004289062929471,80.1363449261448
req-6092,shelter_capacity,26,medium,13.04907557604245,80.151297134449
req-6093,vehicle,48,high,13.096358076885478,80.19964487883712
req-6094,generator,30,medium,12.983039477674858,80.12196079314509
req-6095,shelter_capacity,19,medium,13.08390969610265,80.28585766123943
req-6096,shelter_capacity,41,medium,13.003610731933117,80.2837132338817
req-6097,volunteer,46,medium,12.901075627113817,80.24317948746705
req-6098,boat,27,medium,13.068330035915942,80.23061425975787
req-6099,generator,50,medium,12.953500562813353,80.16093166547017
req-6100,vehicle,40,medium,13.04400455890309,80.21897886238365
req-6101,vehicle,16,medium,12.996672087127218,80.15044525764104
req-6102,vehicle,5,medium,13.024652363412361,80.1656688192806
req-6103,shelter_capacity,23,low,12.99898913957218,80.21733980266706
req-6104,volunteer,34,low,12.976998203706989,80.29045469159007
req-6105,volunteer,31,medium,12.91375956792261,80.250041071345
req-6106,vehicle,2,high,12.993674773413533,80.19956253281754
req-6107,generator,3,high,12.999266689757153,80.29510742486369
req-6108,volunteer,39,high,12.961328219328188,80.13576385587203
req-6109,vehicle,41,high,13.017242127427119,80.14209931131221
req-6110,boat,37,low,13.094276347670485,80.19541414431704
req-6111,generator,34,low,12.970714011340844,80.1352272059628
req-6112,medical_supply,48,low,13.031871623970474,80.21096335308692
req-6113,shelter_capacity,50,high,12.98424544763673,80.21131276695375
req-6114,medical_supply,43,medium,13.062034821225586,80.11866168788804
req-6115,volunteer,41,low,13.002668840436199,80.18419897872378
req-6116,generator,29,low,13.042105696624114,80.29986110451415
req-6117,generator,16,low,13.036092985563323,80.17927682322109
req-6118,shelter_capacity,30,critical,12.959201561698517,80.23350754954917
req-6119,volunteer,6,medium,12.922293069137936,80.1693787124138
req-6120,boat,31,high,13.045668167204767,80.14998087568591
req-6121,volunteer,5,medium,12.9475676847356,80.18247299881759
req-6122,boat,32,low,12.992907129131957,80.18599786343933
req-6123,generator,22,high,12.928026276778684,80.13387659645826
req-6124,volunteer,47,low,13.084762572087225,80.10119879149512
req-6125,shelter_capacity,36,low,12.95460116854357,80.22358904894628
req-6126,medical_supply,1,medium,12.986472582266412,80.27183886802705
req-6127,shelter_capacity,39,low,12.902239454562888,80.14461359674797
req-6128,shelter_capacity,26,low,12.992785472976037,80.16200224412027
req-6129,medical_supply,17,medium,13.013057927891142,80.15848007318841
req-6130,vehicle,36,low,12.92635387178977,80.29971413260088
req-6131,medical_supply,13,medium,12.931073834052592,80.15921818171685
req-6132,boat,29,high,12.90416009418078,80.25187232380216
req-6133,shelter_capacity,41,critical,13.059891038964098,80.12251349075474
req-6134,vehicle,44,low,12.99255091420858,80.25314156794195
req-6135,boat,10,high,12.993176310063054,80.24737983754943
req-6136,vehicle,50,high,12.984520368000084,80.17362150923655
req-6137,vehicle,17,medium,13.089206867699582,80.16477540524227
req-6138,medical_supply,18,medium,12.93059040047836,80.14937275777535
req-6139,medical_supply,2,low,13.004073575612223,80.25649217148384
req-6140,generator,38,high,13.00037892445121,80.20136640383977
req-6141,volunteer,15,critical,12.942944797939337,80.17539619138643
req-6142,vehicle,19,medium,12.921327190925394,80.19814163092052
req-6143,vehicle,17,medium,12.913005882606818,80.15216349274345
req-6144,volunteer,26,medium,12.962865918304072,80.19436317507332
req-6145,volunteer,21,medium,12.973799097819914,80.10211270526004
req-6146,medical_supply,43,low,12.982650548977997,80.10093622551783
req-6147,medical_supply,14,medium,13.009544941495147,80.26307804553595
req-6148,medical_supply,8,low,12.901152085313134,80.29417198052738
req-6149,medical_supply,8,medium,12.987654329436719,80.19439336044864
req-6150,generator,34,medium,13.05239906896966,80.13185643994204
req-6151,shelter_capacity,7,high,13.084374729996108,80.13955806429483
req-6152,boat,17,medium,13.079074052112015,80.12356852921451
req-6153,volunteer,37,medium,12.915923404978697,80.18216536046295
req-6154,boat,22,medium,12.948835792671177,80.19586935154206
req-6155,volunteer,6,medium,12.932232719978268,80.19299180501037
req-6156,generator,46,low,12.96014457229224,80.1466037087306
req-6157,medical_supply,27,medium,12.934465618211142,80.22216311724118
req-6158,medical_supply,10,medium,13.085391404537127,80.15282788296186
req-6159,shelter_capacity,8,critical,13.042256128318305,80.14045055608698
req-6160,volunteer,36,medium,12.946156227419658,80.25092377500494
req-6161,vehicle,42,high,13.08094179160544,80.23331888847886
req-6162,shelter_capacity,19,high,12.939462626116475,80.17010915363613
req-6163,medical_supply,26,low,13.044798314309794,80.14354497668005
req-6164,vehicle,30,high,13.021981672261012,80.13952793570745
req-6165,shelter_capacity,30,medium,13.078698921467304,80.25380229050722
req-6166,shelter_capacity,13,medium,13.05388066636221,80.12561776915857
req-6167,shelter_capacity,32,medium,13.050036274994905,80.24953495324658
req-6168,boat,28,medium,12.966588204570431,80.12173186915064
req-6169,generator,2,critical,13.096015197017255,80.24763310683866
req-6170,generator,39,medium,12.980846681655873,80.24110902215013
req-6171,shelter_capacity,38,medium,13.080121573004652,80.24529575412807
req-6172,shelter_capacity,24,critical,13.020458983025001,80.2845127463976
req-6173,vehicle,48,medium,13.071515123617488,80.2310779534846
req-6174,generator,20,critical,13.083800118028467,80.22474184716022
req-6175,boat,50,medium,13.076921413427618,80.21918269955513
req-6176,boat,38,medium,12.963775324559968,80.15094056763833
req-6177,volunteer,35,medium,13.08428738640093,80.15986364152248
req-6178,volunteer,35,high,12.945263716633317,80.24029742346274
req-6179,volunteer,21,medium,13.081774247496472,80.16763942316724
req-6180,generator,4,high,12.959265008625113,80.1270721744926
req-6181,shelter_capacity,7,medium,13.059647660902465,80.10227571159845
req-6182,medical_supply,24,medium,12.912628368066539,80.25498121366482
req-6183,boat,12,medium,13.052795518744185,80.17362138831051
req-6184,boat,10,critical,13.035174714415659,80.26835003054724
req-6185,vehicle,2,medium,13.045237588460582,80.17432025154527
req-6186,boat,28,medium,13.088347837818592,80.10394305521694
req-6187,volunteer,29,medium,12.927397965417777,80.26804199712225
req-6188,generator,43,medium,12.93017869532284,80.21421391809753
req-6189,shelter_capacity,23,high,12.932005680662686,80.18219614432556
req-6190,shelter_capacity,25,critical,13.072434804295995,80.29024294587833
req-6191,boat,29,medium,13.00984335381134,80.12665079879456
req-6192,boat,22,low,13.082526428464803,80.13103551474518
req-6193,generator,23,medium,13.074322230848473,80.26639104649325
req-6194,volunteer,44,high,13.009246968390663,80.21140991082454
req-6195,medical_supply,12,critical,12.969887355577825,80.19454061084528
req-6196,boat,31,medium,13.076800348180287,80.10731364519759
req-6197,boat,8,medium,13.076414887459283,80.11598319099697
req-6198,vehicle,49,critical,13.072071884198962,80.1880043013107
req-6199,generator,48,medium,13.099814111345761,80.16378020954441
req-6200,shelter_capacity,6,critical,12.963355541656474,80.10066382169236
req-6201,generator,29,low,13.073818014611255,80.10386410173463
req-6202,volunteer,39,medium,13.038219463050979,80.14862368933858
req-6203,boat,18,medium,13.078111098476775,80.22342075119967
req-6204,medical_supply,32,high,13.008154595348463,80.15768702162445
req-6205,volunteer,44,medium,12.971232843752425,80.26192981427671
req-6206,shelter_capacity,31,medium,13.053196417767653,80.21594615441691
req-6207,volunteer,3,medium,13.049317012336276,80.23700306037657
req-6208,vehicle,8,medium,13.033174863860344,80.23684342022241
req-6209,medical_supply,21,medium,12.986545238840035,80.22492566070184
req-6210,medical_supply,34,critical,13.05077112075387,80.22786600928242
req-6211,generator,39,medium,13.030583107660455,80.1723869127003
req-6212,medical_supply,42,high,13.081809930328095,80.1888846541955
req-6213,volunteer,39,low,12.909239479638071,80.2297436287239
req-6214,boat,50,high,13.069676835653802,80.18086614720461
req-6215,boat,29,low,13.029984277458345,80.22303066244498
req-6216,medical_supply,28,high,13.050851041107341,80.26414905849757
req-6217,shelter_capacity,15,low,13.01842843370788,80.25399328306393
req-6218,boat,33,medium,12.993559000260992,80.18371834393315
req-6219,shelter_capacity,1,medium,12.923385304022215,80.11213428852722
req-6220,generator,48,high,13.063279781078993,80.12364116421126
req-6221,medical_supply,18,medium,12.949516959913108,80.2387943182018
req-6222,medical_supply,25,low,13.098600682987596,80.2801000100998
req-6223,boat,32,high,12.999278791828777,80.18663781561281
req-6224,shelter_capacity,50,low,13.08181178461741,80.11753921923734
req-6225,vehicle,46,low,13.032398455829828,80.25624796920881
req-6226,vehicle,36,medium,13.064528546016609,80.14616667078667
req-6227,medical_supply,7,medium,12.993017848637079,80.25678817536715
req-6228,boat,38,high,13.074554851535318,80.26406792341052
req-6229,boat,46,critical,12.934618591250583,80.29782394675782
req-6230,volunteer,29,high,13.073500829407939,80.13970594913172
req-6231,vehicle,22,medium,13.032249531665888,80.26674404016256
req-6232,shelter_capacity,30,low,12.974942946169499,80.2473004882048
req-6233,shelter_capacity,34,medium,13.077160835503065,80.18883660359572
req-6234,shelter_capacity,41,high,12.915123889767894,80.2492472251841
req-6235,generator,34,medium,13.040094048646935,80.12904264062223
req-6236,generator,6,medium,13.001369669492757,80.16176397686506
req-6237,vehicle,33,high,13.039643302086903,80.28219251301324
req-6238,shelter_capacity,2,medium,12.985655579448915,80.1475671221332
req-6239,vehicle,7,critical,12.993382515038943,80.26122263125919
req-6240,medical_supply,48,high,13.060091895996813,80.26649508148783
req-6241,shelter_capacity,14,medium,13.009395712900844,80.1202653322234
req-6242,boat,31,low,13.039061127876698,80.1554807453483
req-6243,medical_supply,27,low,13.07883642408314,80.17143668794013
req-6244,shelter_capacity,35,high,12.980138346757654,80.14984378883491
req-6245,generator,26,high,13.083936935199322,80.2958436389328
req-6246,vehicle,38,medium,13.039104737619729,80.11610890459085
req-6247,volunteer,31,critical,13.09024489270336,80.14253659839653
req-6248,volunteer,29,high,13.062357778613762,80.10006723484527
req-6249,generator,32,medium,13.004644234645948,80.12062438671853
req-6250,medical_supply,1,high,13.037699720822085,80.10902535287912
req-6251,volunteer,36,critical,12.918994568726701,80.23816362068355
req-6252,medical_supply,4,low,12.908389610130982,80.18347883450386
req-6253,generator,19,critical,13.040877026240265,80.137767338414
req-6254,volunteer,48,critical,12.92163706661693,80.27447388840828
req-6255,vehicle,26,high,13.005643985774777,80.25014914439099
req-6256,shelter_capacity,43,medium,13.073855916549652,80.12432725675734
req-6257,vehicle,50,medium,13.013670299847513,80.14785415240578
req-6258,generator,48,medium,13.03896968173814,80.18556255996177
req-6259,vehicle,47,low,13.00784741031827,80.20135610722109
req-6260,medical_supply,38,medium,12.934214735276417,80.22648842125095
req-6261,volunteer,11,high,12.942373893529188,80.156927973401
req-6262,boat,8,medium,12.940315894462273,80.26657751919686
req-6263,vehicle,21,medium,12.961250375084939,80.14421252255039
req-6264,generator,46,medium,12.983404701895406,80.12156154629982
req-6265,shelter_capacity,11,critical,13.077278944623918,80.27586962081922
req-6266,boat,48,medium,12.936609364371154,80.15806799258839
req-6267,medical_supply,6,medium,13.09176277511357,80.1560529685734
req-6268,volunteer,40,medium,13.007449670345574,80.16286648484986
req-6269,shelter_capacity,1,medium,12.98304218769583,80.20213258707233
req-6270,shelter_capacity,19,medium,12.952024023899714,80.22753996549417
req-6271,medical_supply,11,medium,12.999492798468903,80.10319799274782
req-6272,vehicle,26,medium,13.02169380339611,80.11838766682715
req-6273,medical_supply,41,medium,12.945090880214812,80.16646004546352
req-6274,volunteer,43,medium,13.053733597036652,80.11265498244606
req-6275,generator,16,high,13.041046340502398,80.15836046742088
req-6276,generator,17,medium,12.93997477095869,80.20144479690873
req-6277,boat,26,low,13.083631726567157,80.18691214572071
req-6278,volunteer,12,low,13.023887630578107,80.10396690938876
req-6279,shelter_capacity,38,critical,12.951705563698257,80.25343459981815
req-6280,medical_supply,49,critical,13.006809282375489,80.22260881434752
req-6281,volunteer,30,medium,12.96911901911019,80.24243402230576
req-6282,generator,18,medium,13.022499672936576,80.1888202752386
req-6283,generator,33,low,13.015521184730217,80.13062142896077
req-6284,medical_supply,32,medium,13.030847181569142,80.29775316532697
req-6285,medical_supply,13,critical,12.904719726425764,80.28465248765333
req-6286,shelter_capacity,41,medium,12.930592347348826,80.14547724702895
req-6287,medical_supply,47,medium,12.973958840951012,80.12773469958276
req-6288,volunteer,45,medium,13.007807254962566,80.19486753904746
req-6289,vehicle,14,medium,12.913448216220571,80.24005486307709
req-6290,generator,1,medium,13.060812985746836,80.26727148003758
req-6291,vehicle,37,high,12.993434522136615,80.2592866158648
req-6292,boat,2,low,12.984461150588393,80.19445212324536
req-6293,generator,6,low,13.066123204126228,80.11992527432577
req-6294,volunteer,39,medium,13.006353137462183,80.12455149676117
req-6295,volunteer,33,low,13.008523920434289,80.2211704924061
req-6296,volunteer,46,high,13.059984570492542,80.10535589101697
req-6297,volunteer,45,medium,12.947831154190999,80.2003502440576
req-6298,vehicle,20,medium,13.098837603547599,80.25486624219535
req-6299,vehicle,18,medium,13.099759855118846,80.20820987248082
req-6300,vehicle,35,critical,13.090081146516463,80.20548184985387
req-6301,volunteer,47,critical,13.020138919791373,80.23299556281492
req-6302,medical_supply,20,medium,12.95197290610604,80.1545580636711
req-6303,shelter_capacity,14,critical,12.97029284580247,80.12762101590533
req-6304,medical_supply,18,critical,12.942702155313425,80.13178028346519
req-6305,generator,50,medium,13.061408361054658,80.1854728128171
req-6306,boat,26,medium,12.926206279362699,80.1560652022019
req-6307,shelter_capacity,5,low,13.056588166690615,80.23343541375309
req-6308,shelter_capacity,38,medium,12.905119614531452,80.19952122813635
req-6309,boat,25,low,12.918231562507463,80.17095910867161
req-6310,volunteer,35,low,12.920498838076847,80.1396497854246
req-6311,medical_supply,11,medium,13.053051895774827,80.1289211620538
req-6312,medical_supply,3,medium,12.99138410293166,80.19129979826708
req-6313,volunteer,16,high,12.990512319307202,80.21083643371799
req-6314,generator,36,medium,13.030707047559414,80.20129824922361
req-6315,vehicle,22,medium,12.944408168645161,80.20112993182052
req-6316,medical_supply,24,critical,13.097712699492353,80.26576913257662
req-6317,boat,28,medium,13.049036592066678,80.24908942641386
req-6318,shelter_capacity,13,low,13.008251777446521,80.11165779711722
req-6319,volunteer,31,high,13.037547023536007,80.13846613530606
req-6320,medical_supply,4,critical,12.99032559682891,80.11295339113958
req-6321,vehicle,49,high,12.998137122113683,80.25690608983413
req-6322,medical_supply,49,low,12.972460128948352,80.29870610679646
req-6323,vehicle,45,high,13.06201998007202,80.13876536304228
req-6324,generator,42,medium,13.075345949020143,80.12137692437881
req-6325,volunteer,27,low,13.077462087783852,80.25490241949835
req-6326,volunteer,42,high,12.997404947445338,80.28110766327741
req-6327,medical_supply,17,high,12.9413280963803,80.27316442577276
req-6328,medical_supply,37,medium,13.041812618398865,80.29589090814704
req-6329,generator,44,high,12.968423977258631,80.20833554780985
req-6330,shelter_capacity,29,medium,12.94326463032329,80.20182961354931
req-6331,boat,6,critical,13.005216337589658,80.12226659764059
req-6332,vehicle,2,low,12.948936189050965,80.12203072634951
req-6333,volunteer,33,critical,13.081603908266006,80.11229840670879
req-6334,volunteer,41,medium,13.031611732709164,80.2094955676309
req-6335,generator,20,low,13.06857233202454,80.24300488864205
req-6336,shelter_capacity,33,high,12.997028833207166,80.16135637378862
req-6337,boat,3,medium,13.045724526169474,80.15818886344829
req-6338,vehicle,16,medium,12.919922040085714,80.14774963424318
req-6339,vehicle,28,medium,12.9160375683354,80.10527173486146
req-6340,generator,41,high,13.009090255180102,80.1634944200629
req-6341,generator,16,medium,12.941592224303719,80.24306539908092
req-6342,boat,9,medium,13.09801391909411,80.22070569296734
req-6343,boat,13,medium,12.913557763073028,80.138377910287
req-6344,volunteer,48,critical,13.010239637051683,80.16697430251995
req-6345,medical_supply,30,medium,13.048170183250324,80.23991589903109
req-6346,volunteer,24,medium,13.083480464560207,80.11854759214893
req-6347,medical_supply,49,medium,13.00695634919458,80.13295544883381
req-6348,boat,27,critical,13.087233817646469,80.25416139329683
req-6349,volunteer,24,high,13.01069364926114,80.10026628305634
req-6350,volunteer,12,low,13.0286132853856,80.28889176253107
req-6351,medical_supply,40,medium,13.081479556982423,80.14780980495158
req-6352,shelter_capacity,5,medium,12.9725497409833,80.2829881731171
req-6353,generator,45,medium,13.06461252919738,80.16971486219524
req-6354,medical_supply,31,medium,12.905419805499477,80.28013219071043
req-6355,vehicle,15,low,12.924967682842382,80.29428541129532
req-6356,boat,36,medium,13.02037974396855,80.24356450312564
req-6357,vehicle,4,low,12.969907776707897,80.25175410833334
req-6358,boat,35,critical,13.071251639579746,80.18563961892518
req-6359,vehicle,21,medium,12.981287231744092,80.22600600201494
req-6360,volunteer,1,high,12.942549048397362,80.27865419339015
req-6361,volunteer,47,high,13.0583452303094,80.22134428818917
req-6362,volunteer,39,medium,12.932838516509854,80.17665720184304
req-6363,vehicle,4,medium,13.066117170827765,80.1143465059379
req-6364,vehicle,10,low,12.950427047255976,80.11671077923464
req-6365,shelter_capacity,40,medium,13.075838959515266,80.2606451280812
req-6366,boat,8,medium,12.973766857205142,80.18112633725036
req-6367,volunteer,10,low,13.014103291332392,80.20479611360457
req-6368,vehicle,50,medium,12.921846969732936,80.25442523444018
req-6369,volunteer,16,medium,13.089317797785474,80.17930303222566
req-6370,generator,42,medium,12.964534712892702,80.21333384845282
req-6371,vehicle,46,high,13.053188411704236,80.28440440000531
req-6372,medical_supply,24,critical,12.983528433388376,80.11060765846892
req-6373,volunteer,46,medium,13.089507143783957,80.18245312706944
req-6374,vehicle,38,low,13.022235362453957,80.17486981770487
req-6375,vehicle,49,low,13.030695369564992,80.2247521090263
req-6376,vehicle,40,medium,13.012343828318052,80.24899443053248
req-6377,generator,23,high,12.954657418683372,80.1746878654417
req-6378,volunteer,48,high,13.000052368399281,80.19729406604873
req-6379,medical_supply,10,critical,13.052700823995782,80.18915838840914
req-6380,generator,50,critical,12.98461166361744,80.24877960098846
req-6381,vehicle,7,high,13.057834711640512,80.2229099471821
req-6382,shelter_capacity,15,medium,12.97106572184767,80.13850263138374
req-6383,shelter_capacity,34,medium,13.043876960303326,80.2782080626396
req-6384,shelter_capacity,2,low,13.003447900890887,80.13504771953927
req-6385,generator,26,medium,12.994933339956416,80.10141113571257
req-6386,vehicle,12,medium,12.99644951438341,80.16616365031791
req-6387,volunteer,11,low,13.098763536125187,80.19303577827996
req-6388,generator,20,low,13.052593045083855,80.13396041530551
req-6389,shelter_capacity,16,medium,12.921490840737645,80.15063552545178
req-6390,volunteer,23,low,12.919741434323301,80.144848987711
req-6391,medical_supply,40,low,13.073197493263443,80.27352459604826
req-6392,vehicle,34,high,12.999864615590843,80.20602066404179
req-6393,boat,7,medium,13.089999117999465,80.21698710752555
req-6394,volunteer,3,medium,12.985177787811486,80.11585501608953
req-6395,shelter_capacity,38,low,12.99512269234015,80.2511966013067
req-6396,boat,38,high,12.964983299378263,80.23445257610138
req-6397,vehicle,11,medium,12.984057872587043,80.19128339287093
req-6398,medical_supply,44,medium,13.03345500954228,80.21339223612779
req-6399,volunteer,8,low,13.00183886381303,80.22534236125192
req-6400,vehicle,30,low,13.044040535210852,80.27063695078603
req-6401,generator,43,medium,12.924753105075569,80.18203739806654
req-6402,boat,36,high,12.973200561112414,80.24098238186237
req-6403,medical_supply,32,medium,12.915348768187265,80.25036140603174
req-6404,shelter_capacity,17,high,12.936436101421172,80.22234932985178
req-6405,shelter_capacity,1,low,12.907063532502555,80.1370107014238
req-6406,volunteer,9,high,12.929258934446887,80.20779148260019
req-6407,medical_supply,2,medium,12.94595950579331,80.1141292967888
req-6408,boat,16,medium,12.966183708542406,80.13488078550823
req-6409,vehicle,37,medium,13.074350513847218,80.19182616808403
req-6410,shelter_capacity,21,medium,13.039984540973517,80.24920515701092
req-6411,volunteer,26,low,12.972037770747376,80.1177261919416
req-6412,volunteer,48,high,12.955519420930665,80.15721363286794
req-6413,shelter_capacity,32,low,12.907167291942814,80.20707683394002
req-6414,generator,15,high,12.963041828602604,80.19761501608146
req-6415,medical_supply,7,critical,13.046619138694618,80.18475377010746
req-6416,vehicle,9,high,13.074571149100626,80.20329925403271
req-6417,shelter_capacity,32,medium,13.095070340387592,80.23657810702034
req-6418,boat,2,low,13.051800357745128,80.1305550762431
req-6419,medical_supply,30,medium,12.987174743911558,80.12899963945796
req-6420,boat,16,high,12.953844074090929,80.17000147055415
req-6421,shelter_capacity,8,low,12.901952563435128,80.22790822367466
req-6422,generator,45,high,13.039026171911157,80.25368458737876
req-6423,boat,30,high,13.098302023784617,80.23881663515053
req-6424,volunteer,21,high,12.986758752236337,80.19499989098571
req-6425,volunteer,29,medium,12.99543596081984,80.16177592971054
req-6426,shelter_capacity,10,medium,12.927012074080428,80.18533285316894
req-6427,shelter_capacity,1,high,12.92989169095524,80.18187263356104
req-6428,generator,10,medium,13.092975396448526,80.17284923327949
req-6429,generator,10,low,13.044203812733512,80.29616045758492
req-6430,medical_supply,16,medium,12.950649111323722,80.13277333635793
req-6431,shelter_capacity,17,critical,13.052213311827622,80.15918512258195
req-6432,medical_supply,9,low,12.97817352709668,80.29343816924955
req-6433,vehicle,47,medium,12.952186417601915,80.26897777111941
req-6434,volunteer,22,medium,12.936838244870213,80.14263098261358
req-6435,medical_supply,43,medium,12.973384973516792,80.13338607778846
req-6436,volunteer,23,medium,13.014927984352212,80.119265573221
req-6437,volunteer,5,medium,12.923505091105003,80.2157452632961
req-6438,medical_supply,21,high,12.928757712982083,80.16427658345239
req-6439,volunteer,3,medium,12.915752140753499,80.14363012896554
req-6440,volunteer,6,high,13.025668254421738,80.10104371643035
req-6441,volunteer,12,medium,12.916777432914813,80.20744001782826
req-6442,shelter_capacity,5,critical,12.9226909522782,80.23595937312568
req-6443,generator,39,medium,13.033832229493148,80.236076556502
req-6444,generator,6,medium,13.027313581211896,80.29342327843798
req-6445,boat,3,medium,12.98071877037103,80.29696779427177
req-6446,generator,1,high,12.920627766427165,80.26212212984603
req-6447,vehicle,21,medium,12.923204460758095,80.12438979862021
req-6448,vehicle,5,medium,12.972354518311109,80.21997206001515
req-6449,volunteer,48,medium,13.040966281964732,80.24265753833302
req-6450,generator,25,low,12.935678723976421,80.11015592226296
req-6451,volunteer,23,high,12.968179287473738,80.27856633320927
req-6452,volunteer,15,medium,12.9113130794203,80.12270818715392
req-6453,medical_supply,26,medium,12.90505031020562,80.14240080918374
req-6454,vehicle,11,high,13.047943173332428,80.1898560473892
req-6455,generator,27,low,12.961449751593769,80.23599022139697
req-6456,volunteer,38,medium,12.917055233830618,80.23484450826213
req-6457,vehicle,8,medium,13.096649309835392,80.11223417808388
req-6458,shelter_capacity,18,medium,13.079012959367576,80.28536868186305
req-6459,vehicle,33,medium,12.990697021748808,80.20684547772454
req-6460,vehicle,43,medium,13.04558797488594,80.29552674430697
req-6461,boat,30,low,13.026765305142073,80.22652684657315
req-6462,medical_supply,39,low,13.005329727782796,80.2322651363209
req-6463,volunteer,48,low,12.96453303537333,80.22963488051603
req-6464,boat,17,medium,13.0147238016736,80.226682496983
req-6465,generator,28,high,13.05231764325133,80.28899820364208
req-6466,volunteer,15,medium,13.023106578817625,80.13305289240333
req-6467,vehicle,30,low,13.094909045805336,80.29371244565702
req-6468,medical_supply,26,medium,13.061791901405137,80.1337054541727
req-6469,shelter_capacity,35,medium,13.01403881963569,80.28473476950812
req-6470,generator,43,low,13.019401749062622,80.19226254031148
req-6471,generator,10,medium,13.024148289784792,80.27279274744069
req-6472,volunteer,6,medium,13.025427699904935,80.2367333996163
req-6473,medical_supply,45,high,12.9200674266162,80.25741000425123
req-6474,medical_supply,18,medium,12.936442521299709,80.18032678329809
req-6475,boat,43,high,12.989849164913373,80.29216249995262
req-6476,boat,41,medium,13.079354911352159,80.26384809439152
req-6477,medical_supply,33,critical,13.03721821143756,80.16399420011476
req-6478,vehicle,7,critical,12.934943214508076,80.28262363191871
req-6479,medical_supply,22,medium,12.921354399064793,80.24457454595591
req-6480,generator,14,low,12.901140797609823,80.12133180956731
req-6481,generator,12,medium,13.029723619299299,80.14698643509882
req-6482,volunteer,26,medium,12.9214898823117,80.16488305020447
req-6483,shelter_capacity,36,high,12.913348993231608,80.17996616704131
req-6484,vehicle,1,high,13.00381764239868,80.15643823020396
req-6485,medical_supply,48,critical,12.942616790441887,80.20193230311375
req-6486,volunteer,10,medium,12.93156596703612,80.1700044145635
req-6487,boat,23,low,12.945985038424116,80.23931077875694
req-6488,vehicle,11,medium,12.914892266411558,80.16738324791642
req-6489,volunteer,19,medium,12.915450959765332,80.22495894036483
req-6490,boat,13,medium,13.035905238625174,80.20387687607929
req-6491,shelter_capacity,18,medium,13.054395591605571,80.2581706571781
req-6492,medical_supply,31,high,12.909356180553331,80.16356839968768
req-6493,medical_supply,30,high,13.002802795561173,80.17300424184997
req-6494,generator,41,medium,13.001948057697808,80.21994505747094
req-6495,medical_supply,50,critical,13.002959819332178,80.10196559951288
req-6496,vehicle,5,medium,12.95409997348293,80.11394299011984
req-6497,vehicle,48,medium,12.986656523796633,80.11202665407473
req-6498,boat,23,low,12.904461443507115,80.24789808931033
req-6499,shelter_capacity,24,medium,12.911038578136969,80.121043465306
req-6500,generator,49,medium,13.00629411697585,80.16462466665784
req-6501,shelter_capacity,6,medium,13.011834158312537,80.17900015591178
req-6502,vehicle,17,critical,12.913973694981877,80.21262175265947
req-6503,generator,41,medium,13.032407332201098,80.1297958935109
req-6504,vehicle,16,medium,13.007659460931187,80.10471583836474
req-6505,shelter_capacity,16,high,13.071464779882255,80.20075069830986
req-6506,vehicle,44,low,12.918642303819507,80.1606137019367
req-6507,boat,21,low,13.017397433686183,80.13825775671616
req-6508,medical_supply,24,high,13.001383429143509,80.15568235015803
req-6509,generator,1,medium,12.965528597904491,80.25326602878764
req-6510,vehicle,3,medium,13.083677932860313,80.14461700189274
req-6511,volunteer,4,low,12.932790124035794,80.29272665586323
req-6512,boat,35,medium,13.000772887028784,80.24816412660542
req-6513,vehicle,8,low,13.06883303958147,80.1921999688229
req-6514,boat,6,medium,13.027264255485205,80.26369643670921
req-6515,volunteer,40,medium,12.97310433624089,80.24079025443312
req-6516,medical_supply,37,medium,13.069240528146839,80.15996602934027
req-6517,volunteer,47,high,13.008557182291852,80.1342446406598
req-6518,vehicle,23,medium,12.982170423920389,80.17120287131792
req-6519,volunteer,12,medium,12.934607890489268,80.28986461536931
req-6520,boat,12,medium,12.925371708985434,80.17589400723965
req-6521,volunteer,47,high,13.022594231239376,80.10852587388946
req-6522,volunteer,16,medium,13.0354413528933,80.24621283640411
req-6523,boat,14,high,12.946682725591092,80.16525729423239
req-6524,generator,14,medium,12.91850861781872,80.27256015103482
req-6525,shelter_capacity,14,low,12.95205845563226,80.11922211886053
req-6526,volunteer,18,low,13.058735203452624,80.26643038625498
req-6527,volunteer,18,medium,12.90102964254837,80.27572414647712
req-6528,volunteer,28,low,13.04452091894079,80.1058408553899
req-6529,boat,49,low,13.012974602948331,80.14113761711589
req-6530,vehicle,34,medium,12.923456317634239,80.24424601357748
req-6531,vehicle,27,high,13.082022747471196,80.27429584125719
req-6532,medical_supply,28,low,13.083862684047968,80.15399759956011
req-6533,generator,35,medium,13.015379899344381,80.16984937760543
req-6534,vehicle,13,high,12.967618500682658,80.2100044232282
req-6535,vehicle,40,low,13.074119765343474,80.27931020572372
req-6536,generator,34,low,13.092843995328115,80.23376184418393
req-6537,boat,3,critical,13.02841066450294,80.27821190074391
req-6538,generator,41,medium,13.053683660887534,80.18059196353583
req-6539,vehicle,14,medium,13.003953148837581,80.2251020126369
req-6540,volunteer,15,low,12.942743972045289,80.26961192090853
req-6541,vehicle,23,medium,13.011419577935131,80.27490159198537
req-6542,vehicle,40,medium,13.04488881360322,80.1748236086303
req-6543,generator,17,low,12.923402510263482,80.24008273328646
req-6544,medical_supply,16,medium,12.908237230067154,80.19994565274826
req-6545,vehicle,8,medium,12.918842715130635,80.15238542116614
req-6546,boat,47,medium,13.075850690147824,80.29957925707785
req-6547,generator,13,medium,13.084864411696689,80.20565997222454
req-6548,generator,46,low,13.011796449287008,80.11466343575611
req-6549,boat,49,medium,12.974808750288666,80.28702720278685
req-6550,boat,26,medium,12.95550444857594,80.20084409749428
req-6551,medical_supply,2,high,12.976336528573798,80.24469942181226
req-6552,medical_supply,37,medium,12.923955624848476,80.24752738388672
req-6553,vehicle,23,critical,13.06395961388979,80.16535865286652
req-6554,boat,15,critical,12.995191761985502,80.2263255955165
req-6555,medical_supply,31,medium,12.937443753130964,80.2285789998051
req-6556,shelter_capacity,36,low,12.942805622444352,80.19321397564495
req-6557,boat,4,medium,12.932721215501934,80.12523189347397
req-6558,shelter_capacity,19,medium,12.93492662140307,80.24190595983056
req-6559,vehicle,17,medium,13.054455878487724,80.15634470029464
req-6560,volunteer,22,medium,12.930125591015061,80.10480999408072
req-6561,vehicle,10,medium,12.980938613108954,80.12709785757566
req-6562,shelter_capacity,21,medium,13.074291700679206,80.26677866346138
req-6563,generator,13,medium,12.949587130163412,80.12229278453304
req-6564,medical_supply,34,high,12.982038574042026,80.11383753961147
req-6565,shelter_capacity,36,high,13.085714633133428,80.11799639848064
req-6566,medical_supply,1,low,13.006698374916716,80.19173490130261
req-6567,medical_supply,4,medium,13.094324229341241,80.13063946403113
req-6568,medical_supply,34,medium,12.903861341988044,80.24224990410808
req-6569,boat,34,critical,12.912837814156601,80.22124523466907
req-6570,volunteer,40,high,12.91906612597255,80.26899799826951
req-6571,volunteer,21,medium,13.029570969037287,80.20124642488115
req-6572,medical_supply,24,low,12.944790597609709,80.27690476209494
req-6573,medical_supply,38,low,13.088524689714705,80.10723577971562
req-6574,shelter_capacity,50,medium,12.921372399588344,80.18184691872203
req-6575,medical_supply,10,high,12.904858028511557,80.21237792640999
req-6576,shelter_capacity,10,high,13.000812536068024,80.12064602220099
req-6577,vehicle,39,low,12.992715347389773,80.19507612545863
req-6578,generator,41,medium,13.08707618962442,80.26740842118288
req-6579,shelter_capacity,1,medium,12.942094883552546,80.17169295350523
req-6580,generator,29,medium,12.96492209709092,80.28719075561956
req-6581,generator,4,low,12.936126830262587,80.19721477409178
req-6582,generator,14,high,12.914147432903427,80.1535687381227
req-6583,vehicle,18,medium,12.930899218740066,80.16589116457551
req-6584,shelter_capacity,39,high,13.047395882682139,80.27099071232631
req-6585,boat,37,high,12.988207956390305,80.28311444575827
req-6586,shelter_capacity,18,medium,13.047999349262321,80.22633613599932
req-6587,generator,9,medium,12.985039695104463,80.1119494538911
req-6588,shelter_capacity,45,medium,13.04867169797246,80.28107209583425
req-6589,shelter_capacity,46,medium,12.908280365867146,80.11953965610994
req-6590,boat,14,high,12.942834478678757,80.27647415392951
req-6591,generator,42,medium,13.038828459640444,80.14540805340704
req-6592,shelter_capacity,18,high,13.098692285899762,80.1858743324997
req-6593,boat,28,low,12.947955933986664,80.1667209083734
req-6594,generator,49,critical,13.004242749267872,80.22759849345752
req-6595,medical_supply,12,medium,12.992865669268854,80.24998536544386
req-6596,volunteer,19,low,13.091578989895998,80.18322690689645
req-6597,generator,12,medium,12.9952536404197,80.20795300550209
req-6598,medical_supply,26,medium,13.035217910454648,80.29203252400688
req-6599,generator,1,low,13.08565943942545,80.14545745665112
req-6600,generator,21,medium,12.911617337019413,80.16666147877964
req-6601,boat,43,high,13.078320782934487,80.19857687237673
req-6602,shelter_capacity,20,low,13.032018456613763,80.27565488805034
req-6603,boat,27,medium,12.997019328938404,80.2783938878085
req-6604,volunteer,14,medium,12.974831758629422,80.25890941800128
req-6605,vehicle,44,medium,13.06333050244567,80.1168914904372
req-6606,volunteer,22,medium,13.028326462723557,80.16415554672017
req-6607,generator,32,medium,13.019400066861827,80.11041623751144
req-6608,medical_supply,22,medium,12.972467863525049,80.23257658838455
req-6609,boat,24,medium,12.97950320455781,80.24453117674021
req-6610,vehicle,37,medium,12.926815513127531,80.14830057045788
req-6611,generator,46,low,12.937017833358736,80.12942326915046
req-6612,generator,40,critical,13.053165662182542,80.14800890908616
req-6613,shelter_capacity,36,medium,12.932210320946659,80.154465214581
req-6614,vehicle,22,critical,13.016337506779875,80.23620054183712
req-6615,generator,11,low,13.064713634704626,80.19140662376374
req-6616,volunteer,42,low,12.925693023933738,80.16291314003377
req-6617,volunteer,37,low,13.00178579977448,80.12952825316574
req-6618,volunteer,5,high,13.068416480788319,80.16980653366942
req-6619,shelter_capacity,18,medium,12.979145268706294,80.11991095364793
req-6620,vehicle,1,medium,13.052726074203994,80.24536438976594
req-6621,generator,48,low,13.093829675619315,80.18626224607836
req-6622,generator,7,medium,12.995637107516144,80.24517801063631
req-6623,vehicle,28,low,13.085284365400613,80.19114216928418
req-6624,generator,42,critical,13.085009580515276,80.28073292448978
req-6625,generator,15,medium,12.96925634703761,80.15206598121388
req-6626,generator,41,high,12.903476721130378,80.15396942650008
req-6627,generator,21,high,13.047358280623214,80.27549724475162
req-6628,boat,17,low,12.901243719099842,80.28682675841478
req-6629,medical_supply,46,medium,13.063336149148427,80.16346562084387
req-6630,generator,6,medium,13.022305560112697,80.10139661850997
req-6631,vehicle,12,low,12.927315217368559,80.25939474823774
req-6632,volunteer,4,medium,12.994581662299673,80.2207610774421
req-6633,generator,6,medium,12.924536675485824,80.2631997002971
req-6634,boat,47,medium,12.92166432239367,80.10104060972913
req-6635,boat,27,medium,12.977843078477713,80.12287603351693
req-6636,boat,4,medium,12.92069209511445,80.21800304404901
req-6637,shelter_capacity,23,high,12.962994258215826,80.25083343295951
req-6638,boat,37,high,13.063512251170339,80.29388353749145
req-6639,medical_supply,26,medium,13.085744826902296,80.260215417508
req-6640,shelter_capacity,7,low,13.096090177155581,80.14663801368074
req-6641,medical_supply,24,high,13.080474878436895,80.17904383988592
req-6642,medical_supply,17,high,12.975416330769766,80.11202713726304
req-6643,generator,47,medium,13.087010149045541,80.25176349785275
req-6644,shelter_capacity,12,low,13.0612747219431,80.15174742014258
req-6645,medical_supply,16,critical,12.930656199877301,80.19159435705718
req-6646,boat,41,medium,13.008098541091295,80.11253925457132
req-6647,volunteer,4,low,12.900045789487043,80.20721140183846
req-6648,shelter_capacity,1,high,13.016730975938414,80.26903022689909
req-6649,generator,32,medium,13.09737074919357,80.19226359649797
req-6650,boat,41,high,12.939933665997314,80.11613953329336
req-6651,volunteer,21,low,12.956251800112614,80.17935895598819
req-6652,vehicle,33,medium,12.913864037615589,80.21852794143778
req-6653,shelter_capacity,37,low,13.00529394920445,80.17675577336242
req-6654,volunteer,35,medium,12.961790382597341,80.28205415472185
req-6655,boat,40,critical,13.004990789726877,80.15226370152506
req-6656,medical_supply,7,medium,13.017292455986384,80.25036056543587
req-6657,generator,33,critical,13.031599208726828,80.23223453619282
req-6658,vehicle,36,low,12.939570708328029,80.16852574430091
req-6659,boat,10,medium,12.94253960820227,80.2552554911762
req-6660,volunteer,34,low,12.990665394210156,80.11273193035034
req-6661,vehicle,20,low,13.070838172525876,80.23284458071349
req-6662,volunteer,8,medium,13.020517457583969,80.21756935928852
req-6663,medical_supply,45,medium,12.939061297161095,80.18188845450476
req-6664,volunteer,28,medium,12.94387733751595,80.20084186625596
req-6665,shelter_capacity,44,low,12.933692247466587,80.28303603408644
req-6666,generator,31,medium,13.03947225515467,80.2800018548521
req-6667,generator,22,low,13.031329552198192,80.25083382195974
req-6668,medical_supply,28,medium,12.96069067048319,80.26212989398465
req-6669,medical_supply,49,medium,12.912859517470388,80.18875424363961
req-6670,volunteer,13,high,12.98021686795791,80.29370862197696
req-6671,shelter_capacity,14,medium,12.935456484851477,80.13327866859937
req-6672,medical_supply,16,medium,13.047492630144268,80.14982630363075
req-6673,vehicle,46,medium,12.953760469103662,80.13366029212801
req-6674,vehicle,36,medium,12.967128623784651,80.26717745070233
req-6675,generator,49,medium,12.91389091551388,80.11756018895836
req-6676,shelter_capacity,49,medium,13.095986727526286,80.13376907561558
req-6677,shelter_capacity,2,medium,12.931917679234829,80.29070816273158
req-6678,generator,37,low,13.04915276516787,80.19345613075055
req-6679,generator,26,high,12.91941749050978,80.10474972854418
req-6680,volunteer,24,high,13.016144194764149,80.19844273436325
req-6681,boat,3,high,13.01299442513331,80.19638166574316
req-6682,vehicle,27,medium,12.987557745526242,80.17247757412454
req-6683,volunteer,23,medium,13.066955839771794,80.24395397617343
req-6684,boat,28,medium,13.075757525043358,80.11701193172432
req-6685,shelter_capacity,13,medium,12.933095088436867,80.28460280035007
req-6686,generator,25,high,12.925230551154018,80.1707116746679
req-6687,volunteer,5,high,13.026723055057724,80.26522217208756
req-6688,generator,30,medium,13.053894295089968,80.13189651428152
req-6689,boat,30,medium,13.075780754656089,80.1287585027223
req-6690,boat,47,medium,13.086187793446296,80.28567809865307
req-6691,medical_supply,2,low,12.968270646843935,80.19109569750333
req-6692,vehicle,21,medium,12.967390568496443,80.17554153499609
req-6693,medical_supply,15,low,13.061169931432971,80.10905548110998
req-6694,vehicle,45,high,13.031342760476239,80.19262445347496
req-6695,vehicle,33,medium,13.07647920162464,80.23156872056688
req-6696,medical_supply,2,medium,13.044340398072688,80.17711800023895
req-6697,generator,21,medium,13.045778463873095,80.27903732941047
req-6698,boat,22,medium,12.971186156120575,80.28089716717142
req-6699,boat,24,medium,12.993971366727633,80.13129028448701
req-6700,boat,6,high,12.963687802742,80.27151857508508
req-6701,vehicle,30,high,13.051752649394626,80.14892063972859
req-6702,shelter_capacity,20,medium,12.914591707127967,80.29360760175204
req-6703,volunteer,42,low,12.959837303092064,80.29512405469339
req-6704,medical_supply,50,high,12.99273115784276,80.29697675582858
req-6705,boat,32,medium,12.931447570512052,80.25286934938515
req-6706,volunteer,10,high,12.911973739904289,80.25749711025956
req-6707,generator,44,medium,13.018096588606138,80.16214148575912
req-6708,boat,27,medium,12.94616446684004,80.16073433102189
req-6709,vehicle,24,low,13.054045340328603,80.10025207533309
req-6710,medical_supply,12,high,13.025670809969876,80.16500081201417
req-6711,medical_supply,36,low,12.949785881099587,80.19751112020369
req-6712,boat,35,medium,12.97743517774525,80.19160015643841
req-6713,boat,1,high,12.954627390040297,80.2153461175215
req-6714,medical_supply,44,medium,13.064866414437331,80.28470593532458
req-6715,volunteer,6,medium,13.015834022697694,80.17734823247646
req-6716,volunteer,40,low,12.945437465141756,80.12631704641026
req-6717,generator,28,medium,13.090419187295073,80.24135988085877
req-6718,boat,20,low,13.041380697716317,80.23055953588911
req-6719,generator,9,low,12.992684968916409,80.10924149552767
req-6720,medical_supply,34,medium,13.004137975015725,80.10823297431459
req-6721,volunteer,46,medium,12.915567205797275,80.16524735540662
req-6722,volunteer,19,high,12.915599096724339,80.15147602619753
req-6723,medical_supply,19,high,12.961569963286367,80.13836608034468
req-6724,boat,22,medium,13.051938662559506,80.27894612956688
req-6725,medical_supply,48,high,13.055345600114856,80.17491648079685
req-6726,medical_supply,43,medium,12.936715692475108,80.27600760133615
req-6727,medical_supply,45,medium,12.909119782343991,80.20604112680267
req-6728,vehicle,17,high,13.001899079182527,80.16335622570455
req-6729,shelter_capacity,10,medium,12.962670317764104,80.19043206269455
req-6730,generator,25,medium,12.91700874776533,80.27740478470724
req-6731,volunteer,47,medium,12.978739777319396,80.28192685236341
req-6732,shelter_capacity,28,medium,13.087660443148712,80.29394186167312
req-6733,volunteer,22,medium,13.046322163794581,80.27432946656364
req-6734,volunteer,29,low,12.924433631114947,80.11021417957933
req-6735,volunteer,17,high,12.929075041079999,80.2571722526218
req-6736,vehicle,5,medium,12.995342682874039,80.1742000683686
req-6737,vehicle,24,medium,12.930439007264585,80.27921662558947
req-6738,shelter_capacity,36,medium,13.097628074548782,80.12009204765896
req-6739,boat,47,low,12.993541939340103,80.23938581905546
req-6740,shelter_capacity,42,critical,12.907022719164527,80.11839248408543
req-6741,medical_supply,21,low,12.974278509180973,80.15151126089162
req-6742,vehicle,40,high,12.999016418573962,80.14132169257714
req-6743,medical_supply,3,low,12.939472541182619,80.15316551695513
req-6744,vehicle,16,low,12.910540198990859,80.28663767201594
req-6745,generator,22,medium,13.092648253667013,80.14128896200107
req-6746,boat,16,medium,13.066249088961031,80.24085481887174
req-6747,medical_supply,30,critical,13.099640568944048,80.1414284531495
req-6748,vehicle,34,high,12.936261199122962,80.1993254740153
req-6749,medical_supply,39,medium,12.987806884370208,80.11100464661811
req-6750,vehicle,22,low,13.061504985054029,80.13131396739345
req-6751,generator,43,medium,12.967821181231564,80.12223313715339
req-6752,vehicle,29,medium,13.079707650075566,80.2961072456424
req-6753,shelter_capacity,2,medium,12.904152212722526,80.15713984195465
req-6754,boat,47,high,12.985285466120544,80.19523018037799
req-6755,generator,20,medium,13.059363746707328,80.14165124311134
req-6756,vehicle,9,critical,12.979937988496049,80.17219951398108
req-6757,shelter_capacity,3,low,12.915141887715142,80.13375090446742
req-6758,boat,16,medium,13.028091809219681,80.27570011952825
req-6759,shelter_capacity,2,medium,12.997902037317449,80.24493731235772
req-6760,shelter_capacity,46,high,13.054527250408919,80.12716319891256
req-6761,volunteer,32,medium,12.977661170164499,80.16530050929849
req-6762,medical_supply,50,medium,13.010077914409116,80.19080432731234
req-6763,generator,30,high,12.964643581663001,80.25687610425514
req-6764,shelter_capacity,46,medium,12.982587023498375,80.28010686907894
req-6765,vehicle,4,low,12.915854755508665,80.21239144254176
req-6766,shelter_capacity,22,high,12.915812550972957,80.29740028446078
req-6767,vehicle,13,medium,12.991292195667144,80.24755865168517
req-6768,medical_supply,38,medium,12.975840855463368,80.23267558772764
req-6769,volunteer,17,medium,12.909702858709027,80.12018799123797
req-6770,volunteer,41,low,13.0473072157243,80.15463302483569
req-6771,generator,1,medium,13.036386966069161,80.1970353231475
req-6772,generator,12,high,12.992029236960127,80.27553693348771
req-6773,volunteer,43,medium,12.976925019001058,80.11676670256581
req-6774,volunteer,25,medium,13.013750989238869,80.1414332408976
req-6775,boat,45,high,12.925727767915244,80.2438038288759
req-6776,volunteer,17,medium,13.074310021007031,80.2579062773777
req-6777,shelter_capacity,30,medium,12.90454936118708,80.21461265109666
req-6778,shelter_capacity,50,high,12.922346254609009,80.23419380272198
req-6779,generator,25,high,13.006337786641557,80.2091572499741
req-6780,shelter_capacity,12,low,13.045636798099107,80.26319243761978
req-6781,volunteer,30,low,12.950081870057423,80.25075265042669
req-6782,volunteer,17,medium,12.97799355595685,80.16367557789522
req-6783,vehicle,22,medium,12.965369528021348,80.1091770829203
req-6784,shelter_capacity,9,critical,13.084684819175463,80.23200762725119
req-6785,generator,23,medium,13.052399458380393,80.21797201232036
req-6786,generator,17,medium,13.080596518899382,80.2275816121255
req-6787,volunteer,47,medium,12.931544116589315,80.28451964381682
req-6788,generator,44,medium,12.977040390627696,80.26730767744436
req-6789,volunteer,34,medium,12.988384568710485,80.11834816502879
req-6790,shelter_capacity,10,medium,13.028280265886002,80.28238073734255
req-6791,shelter_capacity,23,medium,12.97673562785327,80.16393170085861
req-6792,boat,22,high,13.080028943632884,80.12130711364375
req-6793,vehicle,38,medium,13.011516864684996,80.23576673637827
req-6794,generator,17,low,12.933969261348858,80.15776632765453
req-6795,medical_supply,15,medium,12.977015925026121,80.15585922318232
req-6796,generator,17,medium,12.99064822130005,80.22165491765014
req-6797,vehicle,30,low,13.097498894732821,80.10328945515728
req-6798,medical_supply,10,medium,12.94068167881169,80.27377928743927
req-6799,volunteer,15,critical,12.920755563672568,80.20862094982026
req-6800,volunteer,1,medium,13.030668026358848,80.19252449143926
req-6801,medical_supply,4,high,13.025864177184143,80.23300014104913
req-6802,medical_supply,32,low,13.059887519156897,80.11127391760785
req-6803,medical_supply,12,medium,13.023413973001418,80.28689901525242
req-6804,medical_supply,10,critical,12.966618758318198,80.21198037117588
req-6805,shelter_capacity,18,low,12.952613443623829,80.29965573260274
req-6806,volunteer,40,high,12.914809051468403,80.29831236421104
req-6807,vehicle,43,low,12.934242724599459,80.23654944232939
req-6808,volunteer,3,medium,13.063026013181307,80.16721586157294
req-6809,generator,49,high,13.0814303043323,80.16788414013985
req-6810,shelter_capacity,35,high,12.963391625417401,80.17887783767338
req-6811,boat,28,high,12.991550814879304,80.17186802648841
req-6812,shelter_capacity,33,critical,13.093251583551439,80.19863466124495
req-6813,medical_supply,49,low,13.045875409979834,80.22924045921498
req-6814,medical_supply,34,medium,12.913118897324214,80.1875913083312
req-6815,volunteer,15,low,12.995633358560942,80.1662940585479
req-6816,medical_supply,12,low,13.068173140557983,80.16389426889818
req-6817,boat,3,medium,13.064151775627973,80.28747608145406
req-6818,volunteer,14,critical,12.962542210892021,80.13135440217972
req-6819,medical_supply,11,medium,13.092543036070474,80.19004363066918
req-6820,volunteer,34,low,12.957364727895088,80.12225600983078
req-6821,vehicle,31,low,12.905925747026322,80.28006297296459
req-6822,volunteer,26,low,13.010683407081236,80.23676853416266
req-6823,generator,43,medium,13.026475837383456,80.12819828595761
req-6824,volunteer,37,low,13.075806432809879,80.14001378162895
req-6825,boat,19,medium,13.0225047339359,80.13458298987688
req-6826,vehicle,5,critical,12.917059941546995,80.27221946990211
req-6827,generator,36,high,12.93068633603046,80.26110386118008
req-6828,vehicle,45,high,13.00520875466383,80.11069406478498
req-6829,shelter_capacity,23,low,13.095729589300957,80.12769387413486
req-6830,shelter_capacity,2,low,12.931062623760516,80.1443197806263
req-6831,medical_supply,33,medium,12.909717626608773,80.1018893768011
req-6832,generator,42,medium,13.09295836762048,80.13559251913635
req-6833,boat,7,medium,13.090938069512701,80.28907596213769
req-6834,vehicle,27,medium,13.000242411011449,80.17918322422533
req-6835,medical_supply,33,medium,12.953059237609173,80.27747064663731
req-6836,boat,5,medium,13.021334622194884,80.25868596869623
req-6837,boat,8,medium,13.072589100270253,80.28440214828841
req-6838,boat,11,medium,12.992660349815923,80.18432690312108
req-6839,shelter_capacity,16,high,13.027723761723323,80.17715443023607
req-6840,shelter_capacity,5,medium,12.999472294049806,80.13637230780716
req-6841,boat,30,medium,13.003745891560165,80.10369223934494
req-6842,shelter_capacity,43,high,12.94480737998504,80.13956844475936
req-6843,shelter_capacity,37,critical,12.962419097479485,80.20562906608939
req-6844,vehicle,21,critical,12.96060516876195,80.25493742489022
req-6845,shelter_capacity,8,medium,13.086326918426732,80.20558249414336
req-6846,medical_supply,4,medium,12.963452183555628,80.28449568949381
req-6847,vehicle,11,low,13.00224523806117,80.27036267101012
req-6848,volunteer,41,low,13.00712684391662,80.26989965550911
req-6849,boat,17,low,13.000473840367775,80.2781454897599
req-6850,volunteer,2,medium,13.006382521958335,80.1986098298832
req-6851,generator,19,low,13.090785539810408,80.11605809975862
req-6852,vehicle,48,medium,13.023282435658729,80.24997975391683
req-6853,volunteer,38,high,13.095282630016557,80.14716968631242
req-6854,generator,37,medium,13.081829374000392,80.10851514441454
req-6855,shelter_capacity,23,medium,13.076159415087133,80.27887793844812
req-6856,shelter_capacity,48,high,12.908401644101517,80.18419783033262
req-6857,volunteer,6,low,13.044769973530386,80.14118770309172
req-6858,vehicle,2,medium,13.079177157283848,80.10775231494594
req-6859,boat,38,medium,13.014653001508494,80.26127425870293
req-6860,medical_supply,9,low,13.097212373415058,80.18224576236065
req-6861,boat,3,low,13.075882130461148,80.17558347002786
req-6862,boat,34,medium,12.956113530591262,80.17466457877008
req-6863,medical_supply,49,high,13.048355375414125,80.2674977304137
req-6864,generator,27,medium,13.093352573002523,80.27850908381654
req-6865,medical_supply,20,high,13.008218792232288,80.22582838386928
req-6866,shelter_capacity,14,critical,12.901155225002062,80.11116196602048
req-6867,volunteer,45,critical,13.028061792895674,80.29920734033827
req-6868,volunteer,38,low,12.943976898725552,80.27765009584681
req-6869,shelter_capacity,22,low,13.07096292156214,80.13545993662431
req-6870,medical_supply,6,medium,13.033068847602415,80.25290207724818
req-6871,boat,35,medium,13.013649774730904,80.10728375117422
req-6872,vehicle,25,medium,12.901111831077685,80.10405587959549
req-6873,boat,31,low,12.998240515961362,80.18848912533055
req-6874,shelter_capacity,35,critical,12.902825532970928,80.2675803204778
req-6875,volunteer,41,high,13.041491654330812,80.14139134494198
req-6876,medical_supply,16,high,12.997960838676514,80.24568007085044
req-6877,shelter_capacity,19,critical,13.07810681271735,80.12172287558596
req-6878,volunteer,32,medium,13.073244872156303,80.10297391541043
req-6879,volunteer,1,low,13.059813720065492,80.16822759085105
req-6880,medical_supply,38,high,12.926756576990352,80.16588385381415
req-6881,vehicle,5,critical,13.070956583466746,80.16347985168478
req-6882,vehicle,23,medium,12.930868908542632,80.29284149061746
req-6883,vehicle,12,medium,13.089589488632217,80.19916428685357
req-6884,volunteer,47,medium,12.995852587657069,80.2616110815284
req-6885,boat,4,high,12.931054686281781,80.18198527353017
req-6886,shelter_capacity,20,low,13.073156889165919,80.17927937290834
req-6887,volunteer,40,low,13.035311624210616,80.12929960822989
req-6888,generator,46,critical,13.013353927998109,80.22688245953641
req-6889,boat,21,medium,12.947265562925836,80.28205340085815
req-6890,volunteer,6,medium,12.969825315554532,80.10012378937161
req-6891,medical_supply,5,critical,13.078414244916035,80.28203064301218
req-6892,boat,47,medium,12.926422007949073,80.23108381737903
req-6893,volunteer,34,medium,12.993781002174174,80.28725821072139
req-6894,boat,18,medium,13.085198035295456,80.26601843260177
req-6895,generator,50,high,13.08695683278172,80.17093101866337
req-6896,volunteer,21,medium,13.019440745340084,80.10770941367242
req-6897,vehicle,37,medium,13.08515737538114,80.12298436267172
req-6898,boat,31,medium,12.911813204623346,80.28478155212649
req-6899,volunteer,4,medium,12.91906942342491,80.26403848038484
req-6900,medical_supply,36,medium,13.051097593637747,80.14055888307615
req-6901,generator,24,low,12.997658378569986,80.28249128671924
req-6902,shelter_capacity,1,critical,13.099410696842504,80.18823150000962
req-6903,boat,19,medium,12.975186055801954,80.20041183243792
req-6904,vehicle,7,high,12.989853066413833,80.1600876723199
req-6905,medical_supply,28,medium,12.970272822266516,80.10913961674578
req-6906,boat,26,high,12.993253206595059,80.25282026062492
req-6907,vehicle,29,medium,13.096730079965909,80.2624379037542
req-6908,generator,13,medium,13.012441222592422,80.14257770035171
req-6909,boat,17,medium,13.002453903940966,80.29243418337465
req-6910,vehicle,27,low,13.043596124381859,80.2580198912978
req-6911,volunteer,36,low,12.907863421887106,80.25872131455955
req-6912,volunteer,46,medium,12.993241315431767,80.15469015300056
req-6913,vehicle,9,low,13.050799908006455,80.17393893965765
req-6914,volunteer,9,critical,13.079314163726231,80.22690888029896
req-6915,shelter_capacity,37,high,13.019352614167998,80.19740604653391
req-6916,vehicle,24,high,12.985537233333067,80.27017484211486
req-6917,boat,5,high,12.965067982700761,80.22336278113663
req-6918,generator,23,medium,13.067896289542762,80.27333399494793
req-6919,vehicle,38,high,12.930502043292933,80.24656193490158
req-6920,medical_supply,4,low,13.068002538071388,80.25746262357175
req-6921,shelter_capacity,5,medium,13.037130811183374,80.16709244087198
req-6922,generator,7,low,12.929805657913027,80.25189711208337
req-6923,medical_supply,3,medium,12.913500690476308,80.15463254752308
req-6924,volunteer,5,low,13.005172103940206,80.10085541636754
req-6925,shelter_capacity,42,high,13.04109106715006,80.26282456717978
req-6926,vehicle,31,medium,12.909504124533681,80.16343843265558
req-6927,medical_supply,2,medium,12.990547386204492,80.13738706245074
req-6928,volunteer,23,low,13.00709036783958,80.17553231148591
req-6929,vehicle,44,medium,13.088947404016427,80.25543113109129
req-6930,medical_supply,27,high,13.047153255338177,80.17910353452491
req-6931,volunteer,37,medium,13.073403183589265,80.25708993116126
req-6932,boat,1,low,12.968822097941885,80.1029494323349
req-6933,vehicle,50,medium,12.952231363794162,80.25154307175352
req-6934,medical_supply,19,critical,13.046389108504192,80.18260616906636
req-6935,volunteer,27,medium,13.070947429227306,80.22706496822421
req-6936,vehicle,2,low,12.980752099992948,80.14223323190478
req-6937,vehicle,35,medium,13.04950505280233,80.26709194298584
req-6938,volunteer,27,critical,12.987384554286836,80.25990291145294
req-6939,volunteer,28,high,13.068752657241427,80.14093168580175
req-6940,vehicle,24,high,12.921152382096317,80.24372465806405
req-6941,vehicle,4,medium,12.980049818678433,80.23960343007143
req-6942,boat,10,medium,12.943862057574307,80.13481821152253
req-6943,medical_supply,37,medium,12.937293886168414,80.13223936461009
req-6944,boat,6,medium,13.077323374988515,80.21794240630096
req-6945,vehicle,27,medium,13.031290255864937,80.10013374076487
req-6946,generator,31,high,13.003529705959037,80.24158800856091
req-6947,medical_supply,45,high,13.089163305408976,80.14387023900238
req-6948,shelter_capacity,44,medium,12.93119439821905,80.11092229148875
req-6949,vehicle,2,low,12.907662970680782,80.17092208998567
req-6950,generator,10,low,13.086518878416955,80.2371245888129
req-6951,medical_supply,3,medium,12.949594083459518,80.18534144891554
req-6952,shelter_capacity,42,low,13.043593023195955,80.16817805668977
req-6953,medical_supply,9,medium,13.005745493336377,80.2706305667529
req-6954,generator,22,low,13.08536669551811,80.25155271531028
req-6955,medical_supply,27,low,13.012683376389461,80.10767951688749
req-6956,volunteer,28,low,13.029331878432387,80.2891676423677
req-6957,medical_supply,5,medium,12.951975567297813,80.16247592803542
req-6958,generator,11,medium,12.942088701573097,80.20962603805712
req-6959,boat,17,medium,12.981779861861076,80.19400466946578
req-6960,medical_supply,41,medium,12.91071987777211,80.25818745671651
req-6961,medical_supply,40,low,12.95837057135821,80.11360970786012
req-6962,volunteer,50,medium,12.95568833725538,80.10239222829605
req-6963,boat,18,critical,13.081767708811036,80.22384894375469
req-6964,medical_supply,1,medium,12.931854713372632,80.2675688454783
req-6965,volunteer,14,low,12.988859543659293,80.10681148825785
req-6966,volunteer,18,low,12.970653052790794,80.22271916214831
req-6967,boat,28,medium,12.91853478619031,80.11834822014671
req-6968,boat,18,medium,12.907621366837613,80.12623794877288
req-6969,generator,11,high,13.07458393982829,80.22806314125805
req-6970,volunteer,6,medium,13.057333250437303,80.19550490325025
req-6971,medical_supply,40,medium,12.962609585312222,80.25237695488178
req-6972,shelter_capacity,5,medium,12.90531380686972,80.27941801949052
req-6973,vehicle,9,high,12.925827301415485,80.22675891746528
req-6974,generator,19,medium,13.013111387356355,80.1564059504464
req-6975,volunteer,50,critical,12.97368446166739,80.13575799346404
req-6976,shelter_capacity,5,medium,12.926597060204339,80.28238239162675
req-6977,shelter_capacity,27,high,12.935701529340646,80.25496714776814
req-6978,volunteer,46,low,12.991674059914269,80.13375195088773
req-6979,vehicle,42,critical,13.07316802956342,80.2404040052599
req-6980,volunteer,20,medium,13.071756569873997,80.14238984159992
req-6981,shelter_capacity,15,medium,13.029266643239422,80.13805866681051
req-6982,generator,1,medium,13.052807743210293,80.19187202064103
req-6983,boat,27,medium,13.070853283638488,80.19594995827552
req-6984,generator,49,high,13.081334890416256,80.20595625598936
req-6985,volunteer,40,medium,12.933915812132211,80.28633685637718
req-6986,medical_supply,7,medium,13.02650136373198,80.14642857778126
req-6987,vehicle,25,high,12.917570211341276,80.10997565016594
req-6988,shelter_capacity,8,low,12.959099920942068,80.27119611701558
req-6989,shelter_capacity,47,medium,13.017678958712697,80.11506192807911
req-6990,vehicle,11,medium,12.954956019278747,80.16607574821448
req-6991,vehicle,50,medium,13.001509297322558,80.25305737337067
req-6992,medical_supply,7,high,12.99746118295218,80.22065581340291
req-6993,medical_supply,13,critical,13.065433462223563,80.12201729300975
req-6994,medical_supply,1,low,13.064145960613285,80.14876360701534
req-6995,vehicle,30,medium,13.011695651616044,80.12721833748635
req-6996,medical_supply,3,low,13.085602343845933,80.2019988234675
req-6997,vehicle,14,medium,13.067758017364051,80.24506209195224
req-6998,boat,5,high,13.092341858043937,80.23406467800213
req-6999,volunteer,33,critical,13.04894532733229,80.12590201460904
req-7000,volunteer,2,low,12.941328411410424,80.29291217708102
req-7001,boat,48,low,13.019401988413735,80.29156784159326
req-7002,boat,36,medium,13.03584360211127,80.1438796828894
req-7003,generator,8,medium,12.980979234966817,80.14648725491759
req-7004,shelter_capacity,26,high,13.06544526975732,80.29240687821847
req-7005,medical_supply,20,medium,12.96466974229757,80.29397399073713
req-7006,generator,7,medium,13.065854907762104,80.12196079723165
req-7007,vehicle,26,low,12.952942989719519,80.16132791869629
req-7008,medical_supply,26,low,13.00061062437013,80.25664882773225
req-7009,medical_supply,39,high,13.010715881357893,80.24311916767114
req-7010,boat,39,medium,12.949763148838956,80.13467056027415
req-7011,shelter_capacity,43,medium,13.08427020128889,80.12254247777219
req-7012,vehicle,34,critical,12.998857045327421,80.26092999434539
req-7013,generator,20,medium,12.945704045070926,80.19011892715366
req-7014,medical_supply,8,high,13.041548806264842,80.18241784905152
req-7015,medical_supply,37,low,13.073820450511516,80.219677392355
req-7016,vehicle,11,low,12.972341232930917,80.15518901112812
req-7017,shelter_capacity,23,high,13.023281312365288,80.13833784587557
req-7018,medical_supply,39,high,12.915932298631493,80.22823107388707
req-7019,volunteer,23,medium,13.090896224203433,80.23038169672182
req-7020,generator,50,low,12.948629865210174,80.26021620186262
req-7021,volunteer,3,high,13.064309356414864,80.28270798785164
req-7022,volunteer,48,critical,12.952832350974468,80.22389947079002
req-7023,boat,37,critical,13.06837688963447,80.12239463973764
req-7024,generator,12,medium,13.029675898200493,80.15309691340755
req-7025,vehicle,8,medium,13.09662554705866,80.1548674880949
req-7026,medical_supply,20,critical,12.93385253713356,80.27717825366705
req-7027,volunteer,31,medium,12.909957079869265,80.26833225943378
req-7028,boat,34,low,13.054831685049708,80.28679751841614
req-7029,shelter_capacity,7,medium,12.937912589988791,80.27551648208828
req-7030,boat,31,medium,13.032459370695815,80.11165026378544
req-7031,medical_supply,36,medium,13.098917215109816,80.17489212466248
req-7032,shelter_capacity,12,critical,12.936166903854124,80.18491126749049
req-7033,medical_supply,44,medium,13.055705363896973,80.18369789547368
req-7034,volunteer,27,critical,12.902444259350037,80.26666348752839
req-7035,volunteer,50,medium,13.048468274841525,80.12282833883407
req-7036,vehicle,1,high,13.049447900267001,80.11047922842495
req-7037,volunteer,9,medium,12.980788387297505,80.171214742831
req-7038,generator,42,medium,12.908468342076565,80.1189844788253
req-7039,generator,3,medium,13.007514448730607,80.19981609014154
req-7040,shelter_capacity,16,medium,12.961441710511396,80.21928680273767
req-7041,generator,5,medium,13.066490463750782,80.19554141535792
req-7042,shelter_capacity,46,low,13.024895030057127,80.26506539389378
req-7043,medical_supply,21,medium,12.935700121103418,80.17861961599579
req-7044,boat,11,high,12.998572000750322,80.11922862869915
req-7045,volunteer,17,critical,12.917308412560567,80.10179618366125
req-7046,vehicle,23,low,12.961765703277637,80.23891526967523
req-7047,shelter_capacity,24,medium,13.055141385526492,80.11520417665513
req-7048,boat,15,low,13.081326898869845,80.25930157854269
req-7049,boat,21,medium,12.986182095247337,80.22597187436347
req-7050,shelter_capacity,45,low,12.961318371045541,80.10264094167614
req-7051,medical_supply,16,medium,13.067725896451643,80.1039285976414
req-7052,volunteer,12,medium,12.96069438544577,80.23509393591016
req-7053,boat,9,medium,12.96034470181259,80.23673482678983
req-7054,volunteer,13,high,13.039786234885549,80.17148218942705
req-7055,generator,36,medium,13.087164159818109,80.24969941044345
req-7056,boat,20,medium,13.031839439266836,80.18179311394871
req-7057,generator,9,medium,12.905138069608784,80.1615778330841
req-7058,vehicle,47,high,12.971139313689942,80.23126140365594
req-7059,shelter_capacity,21,high,12.985128991280604,80.16318126354307
req-7060,volunteer,50,medium,13.026465633908801,80.27505912706535
req-7061,medical_supply,23,low,12.911059022092411,80.1836769560846
req-7062,medical_supply,40,medium,13.040105334474744,80.17399476730107
req-7063,vehicle,24,medium,13.00459922621569,80.2535217718233
req-7064,boat,21,critical,13.078145528946864,80.28454280455125
req-7065,medical_supply,24,critical,13.052023103117255,80.20814477597409
req-7066,boat,47,medium,13.086987847434704,80.17946089576108
req-7067,generator,2,low,13.010904561143526,80.15829930680482
req-7068,vehicle,33,low,12.94956078511987,80.20940997491714
req-7069,vehicle,17,medium,12.910994224024861,80.28607290256993
req-7070,boat,3,low,12.918469662342874,80.15772047599656
req-7071,generator,17,medium,13.070154291288523,80.24825008300219
req-7072,shelter_capacity,34,medium,12.95293361623009,80.22516773656281
req-7073,boat,10,critical,12.985978615993899,80.12636416044558
req-7074,medical_supply,6,high,13.011571105282906,80.13194844665293
req-7075,boat,30,low,12.940614875660993,80.15063879408882
req-7076,medical_supply,47,low,12.933562879658313,80.1553203201774
req-7077,shelter_capacity,32,medium,12.936484902077783,80.11820093110094
req-7078,shelter_capacity,44,low,12.951489817305303,80.2006479344696
req-7079,medical_supply,42,high,12.977767469343892,80.1603041931934
req-7080,vehicle,2,medium,13.099712309326902,80.20806845254484
req-7081,shelter_capacity,44,medium,13.045463646995067,80.26054906810673
req-7082,shelter_capacity,19,low,12.975504913477803,80.24244732061288
req-7083,volunteer,16,low,12.921031265959078,80.14325116269423
req-7084,shelter_capacity,24,critical,13.076715461217935,80.21607848652681
req-7085,generator,28,low,13.021874703999465,80.24705726622739
req-7086,shelter_capacity,12,critical,13.053980905863694,80.25607207150948
req-7087,medical_supply,8,high,13.092453488486548,80.17942485237218
req-7088,medical_supply,25,medium,13.050027548015203,80.10046238074791
req-7089,medical_supply,19,medium,13.035900754301244,80.12350819928523
req-7090,volunteer,36,medium,13.085921042609096,80.17848766741952
req-7091,medical_supply,32,high,12.99796479260173,80.26051776288087
req-7092,shelter_capacity,42,medium,13.098273712691398,80.22850829464404
req-7093,volunteer,8,low,13.00112872162655,80.14665189889911
req-7094,generator,17,medium,13.083718216806309,80.29548774256695
req-7095,medical_supply,36,medium,12.953071297118269,80.10796994504878
req-7096,boat,14,medium,13.032593663333657,80.23181735833366
req-7097,vehicle,49,medium,12.993030157458392,80.18244946642857
req-7098,boat,28,medium,13.007381043931906,80.15577440042111
req-7099,volunteer,44,medium,12.91910099573276,80.24838078092993
req-7100,boat,5,medium,12.921072562783708,80.18344403380907
req-7101,shelter_capacity,50,medium,12.946812924454541,80.10964129235077
req-7102,generator,46,low,12.901863225458735,80.14745755394883
req-7103,boat,31,low,12.980050109919757,80.11530222550054
req-7104,volunteer,4,critical,13.077501511789288,80.11304102405836
req-7105,boat,37,medium,12.923754513455533,80.11538958435138
req-7106,boat,22,critical,13.046755631203432,80.22134084677555
req-7107,shelter_capacity,3,medium,12.949364939165768,80.12417084787893
req-7108,generator,1,low,12.93297740468496,80.27224783202284
req-7109,shelter_capacity,3,medium,13.07814882360855,80.11945340059624
req-7110,generator,8,medium,12.94985570182487,80.29467503953236
req-7111,boat,2,high,12.950767013532413,80.24824477635612
req-7112,vehicle,43,medium,12.963074360668763,80.20218077825945
req-7113,shelter_capacity,35,high,12.988608535065987,80.28457371890009
req-7114,medical_supply,22,high,13.000126451556833,80.10113489998601
req-7115,vehicle,17,low,13.09270998569683,80.11769934108106
req-7116,medical_supply,9,high,13.000569492796567,80.25639275546236
req-7117,medical_supply,31,high,13.005577450368811,80.2043175160499
req-7118,shelter_capacity,44,medium,12.967690336614192,80.21756757845996
req-7119,boat,36,medium,12.998467354928794,80.26942282159274
req-7120,shelter_capacity,9,high,13.021078100184392,80.21327671134368
req-7121,medical_supply,17,low,13.061666345385255,80.13723562624625
req-7122,medical_supply,3,medium,13.061627593981148,80.20121237138399
req-7123,medical_supply,11,medium,12.910470518620839,80.22214416318465
req-7124,volunteer,44,medium,13.03326588435531,80.28092392897011
req-7125,generator,24,high,13.056412046220178,80.20524705207336
req-7126,boat,35,medium,12.99482426745124,80.19665110276185
req-7127,shelter_capacity,15,medium,13.048740619257892,80.18522345305563
req-7128,generator,10,medium,12.93116775593477,80.1437592844775
req-7129,medical_supply,10,medium,13.011351412398676,80.17272757103652
req-7130,shelter_capacity,27,critical,13.092174558716483,80.28306325462867
req-7131,medical_supply,29,medium,12.960904513509387,80.17888286398978
req-7132,generator,30,medium,12.920369643720642,80.2499635867355
req-7133,generator,12,high,12.956255187351708,80.20053834897631
req-7134,shelter_capacity,28,medium,12.987158474355608,80.26116038279737
req-7135,shelter_capacity,50,critical,13.017102438643729,80.21060876546133
req-7136,boat,34,low,12.919252133874371,80.23750068604593
req-7137,volunteer,48,medium,13.065313217197435,80.16774063293612
req-7138,vehicle,2,high,12.905094470646105,80.15974272884829
req-7139,volunteer,34,high,13.069686746137409,80.26470168239007
req-7140,boat,25,critical,12.97005547306536,80.15749487157571
req-7141,medical_supply,29,high,13.078729450752276,80.16446800216602
req-7142,vehicle,2,medium,12.99050895303059,80.25107803791322
req-7143,boat,34,medium,12.964744490434569,80.17714588841436
req-7144,medical_supply,32,medium,13.024940449819864,80.24618928270695
req-7145,volunteer,14,medium,13.041255022362144,80.13129631134389
req-7146,shelter_capacity,49,critical,13.097507570875061,80.28183111153508
req-7147,volunteer,32,critical,13.016124859456557,80.26671529571881
req-7148,boat,39,medium,13.00752253896452,80.16859819783052
req-7149,medical_supply,17,medium,13.078421139448675,80.15977866319324
req-7150,generator,29,low,13.068359473102015,80.2004901388654
req-7151,shelter_capacity,9,medium,12.922203012629419,80.2029765760376
req-7152,boat,38,critical,13.059422111557545,80.13912149677532
req-7153,volunteer,1,high,13.090293337873423,80.18031564638041
req-7154,medical_supply,1,medium,12.921823450514129,80.20986596439997
req-7155,volunteer,21,medium,12.904943892182885,80.10022963493765
req-7156,medical_supply,44,medium,13.043282152429017,80.16925279749809
req-7157,boat,34,medium,13.01198409527663,80.2967149262572
req-7158,shelter_capacity,19,low,12.984603211096694,80.29540724288921
req-7159,boat,38,medium,12.997322703399641,80.17182270286035
req-7160,shelter_capacity,10,medium,12.950405726545766,80.27361619066205
req-7161,generator,13,high,12.926155401472847,80.29402521568501
req-7162,shelter_capacity,17,medium,12.9254374929955,80.29903705135418
req-7163,vehicle,48,low,13.082421073260607,80.28218756722916
req-7164,generator,7,medium,13.082708420933136,80.22100229208657
req-7165,shelter_capacity,25,medium,13.087035350820457,80.16238784843884
req-7166,volunteer,17,medium,12.922920474491976,80.133356576577
req-7167,shelter_capacity,46,low,12.987893963461282,80.14790247909534
req-7168,boat,34,low,13.018736476274777,80.2676488109349
req-7169,medical_supply,21,low,12.968003722836745,80.13335731445994
req-7170,volunteer,5,low,12.961241352992761,80.10947080327229
req-7171,shelter_capacity,37,medium,13.03159622193289,80.10651366775694
req-7172,shelter_capacity,17,low,13.041268851996481,80.13237119802886
req-7173,generator,36,low,12.97811905639536,80.22119274066318
req-7174,boat,47,low,12.913731042369152,80.20987378535234
req-7175,medical_supply,24,medium,13.054870742222455,80.20246532087413
req-7176,volunteer,21,low,13.089609110979643,80.22042378807761
req-7177,vehicle,3,medium,13.038401305836555,80.27494625976911
req-7178,shelter_capacity,13,low,13.08189775685781,80.25057292237038
req-7179,boat,3,medium,12.96670288519995,80.11288713392105
req-7180,boat,12,low,12.924169902910746,80.14915625479145
req-7181,boat,8,medium,12.908381758588414,80.22564815664315
req-7182,shelter_capacity,31,low,12.945073024454974,80.17166395263185
req-7183,medical_supply,37,medium,12.921924969548938,80.17283778054677
req-7184,generator,7,medium,12.947269428019753,80.2606805834713
req-7185,shelter_capacity,31,high,12.985627617201533,80.2300996604407
req-7186,vehicle,17,low,12.921809916571537,80.26422522009163
req-7187,medical_supply,23,medium,13.002839220922539,80.27794876139683
req-7188,generator,7,medium,12.984079879669043,80.18193425007719
req-7189,generator,15,medium,12.93459979394531,80.25678947817593
req-7190,volunteer,42,high,13.084866423025222,80.11070199552393
req-7191,generator,12,low,12.98565265423223,80.20268303886601
req-7192,volunteer,3,medium,13.033238057565223,80.11529639299565
req-7193,volunteer,37,critical,12.921885916138208,80.22638268258403
req-7194,vehicle,2,critical,13.071276083986938,80.19214144070905
req-7195,medical_supply,17,high,12.983363476405707,80.24244779676017
req-7196,boat,14,medium,12.955057692674924,80.1098150637586
req-7197,vehicle,14,high,12.95807981949164,80.24680148606203
req-7198,generator,41,critical,13.092216599629557,80.17818019939072
req-7199,boat,16,medium,12.991608525018831,80.18977046998833
req-7200,shelter_capacity,33,high,12.923521008431695,80.12813766375687
req-7201,volunteer,23,medium,12.960451988827014,80.11813600998582
req-7202,generator,23,medium,12.914627367731672,80.2093436048391
req-7203,boat,24,medium,12.945597165105244,80.27215480529486
req-7204,vehicle,46,medium,12.906422701570722,80.12080899480598
req-7205,boat,14,low,12.930628321280945,80.23136361883284
req-7206,volunteer,40,low,13.098071180079613,80.15711583339552
req-7207,volunteer,11,medium,13.082361925696752,80.18059434527385
req-7208,medical_supply,15,high,12.96752505489881,80.28356378590972
req-7209,vehicle,34,high,13.037906093347932,80.10462359159615
req-7210,volunteer,34,medium,13.022135302782884,80.2464311211551
req-7211,medical_supply,33,medium,13.061111618481352,80.14580279914753
req-7212,shelter_capacity,11,medium,12.967064866335065,80.12838529615756
req-7213,boat,48,medium,13.029184333983842,80.13083381277137
req-7214,boat,12,medium,12.908179411006104,80.1576456964832
req-7215,boat,33,critical,12.97126729536051,80.20708656863897
req-7216,vehicle,2,medium,13.013957811364431,80.11215136828979
req-7217,generator,30,medium,12.955220398330761,80.23105082940087
req-7218,medical_supply,26,medium,13.046454309625464,80.22672516873112
req-7219,shelter_capacity,35,medium,13.018733775747183,80.21931781234964
req-7220,volunteer,42,low,13.004585067092279,80.15620241773419
req-7221,generator,8,medium,13.08752032286731,80.1191755629206
req-7222,medical_supply,16,high,12.915215972933243,80.24816277187739
req-7223,vehicle,34,medium,13.01033104914231,80.24995379976643
req-7224,medical_supply,35,high,12.947474901128958,80.12726401514304
req-7225,generator,15,critical,13.01118171224417,80.10111626357295
req-7226,medical_supply,26,critical,12.991307138432338,80.23533666862049
req-7227,shelter_capacity,5,medium,13.071235866485265,80.27818728474946
req-7228,vehicle,46,high,13.02791903399111,80.1069937725762
req-7229,shelter_capacity,38,high,13.058855381321468,80.1904187608107
req-7230,volunteer,19,medium,12.954935896344612,80.1634342969445
req-7231,medical_supply,7,high,12.978197403729563,80.22794478898246
req-7232,medical_supply,12,low,12.977903742699336,80.19085549202417
req-7233,generator,42,medium,13.072841255425265,80.28621205429218
req-7234,shelter_capacity,15,medium,13.03340861339896,80.20372356126084
req-7235,boat,27,medium,12.957903273413264,80.2561897772335
req-7236,shelter_capacity,28,low,13.060067622708269,80.22428090326582
req-7237,vehicle,3,high,12.928141095068181,80.19430970263619
req-7238,medical_supply,9,critical,13.074672638548037,80.24168556125419
req-7239,generator,22,medium,12.996612446194638,80.25506504783216
req-7240,shelter_capacity,29,critical,12.914836304031628,80.13401970332288
req-7241,boat,15,low,12.948663447195024,80.11134863107947
req-7242,volunteer,2,medium,12.93408821719726,80.13299648323117
req-7243,shelter_capacity,8,medium,13.026872994703911,80.15910978047879
req-7244,volunteer,15,medium,13.077760083887378,80.26661056084549
req-7245,boat,36,medium,13.045382937854027,80.22751072306555
req-7246,boat,41,low,12.919813615541928,80.10180901950554
req-7247,shelter_capacity,49,medium,13.0686326646889,80.20893046489492
req-7248,shelter_capacity,19,critical,12.92530422318669,80.26671624511987
req-7249,shelter_capacity,34,medium,13.011215575046354,80.27505136216834
req-7250,vehicle,49,medium,13.060192395308324,80.20087346589074
req-7251,shelter_capacity,21,medium,13.075565627879415,80.13598407937788
req-7252,vehicle,28,medium,13.070579741682014,80.17575178006227
req-7253,generator,15,low,12.922373923949165,80.28452441053093
req-7254,vehicle,27,critical,12.997757544308676,80.20234515571957
req-7255,volunteer,26,medium,12.961300900542055,80.12717307268963
req-7256,medical_supply,14,critical,13.092882305131628,80.12700351642953
req-7257,boat,33,medium,13.059593716970598,80.10212984194182
req-7258,volunteer,13,medium,13.089840438673845,80.24811767944638
req-7259,medical_supply,16,high,12.937876021799948,80.19154890645679
req-7260,shelter_capacity,16,medium,13.07295864571461,80.14056085396771
req-7261,vehicle,5,medium,13.05300156972451,80.1116494079105
req-7262,boat,38,critical,13.090517281948301,80.2617695508222
req-7263,boat,32,critical,13.027844470050843,80.1176324569838
req-7264,boat,23,low,13.091968388369885,80.23952402082871
req-7265,medical_supply,23,low,13.056830932985806,80.15552014107948
req-7266,boat,20,high,13.016912075119267,80.17968760311963
req-7267,volunteer,24,medium,12.900422692752734,80.2211148153831
req-7268,volunteer,23,low,12.928648154744275,80.29284327517422
req-7269,volunteer,47,medium,12.921722917364416,80.29885403666485
req-7270,generator,47,medium,12.985117886303266,80.1085347949831
req-7271,vehicle,30,high,12.976972175855115,80.25459053329465
req-7272,shelter_capacity,3,medium,12.953182736041226,80.11320514419235
req-7273,volunteer,12,low,13.083734956267635,80.11431752363161
req-7274,boat,17,low,12.963675688945639,80.2538297217228
req-7275,boat,17,high,12.96385278787373,80.11596192986799
req-7276,medical_supply,39,high,12.99980986844216,80.16259969403065
req-7277,generator,2,medium,12.902901127236907,80.25320891314202
req-7278,generator,44,high,13.051981833105495,80.23432842018296
req-7279,medical_supply,1,critical,13.067070100701788,80.24408608925194
req-7280,shelter_capacity,41,low,12.978088136954247,80.21563868425874
req-7281,boat,29,high,12.971937216988744,80.19990020346137
req-7282,boat,25,medium,13.044186782976576,80.29021625678908
req-7283,shelter_capacity,15,medium,13.00880957985984,80.17349104541982
req-7284,vehicle,47,high,13.058646286782885,80.22508347296517
req-7285,shelter_capacity,16,high,12.911419115764511,80.24117347844101
req-7286,boat,4,medium,12.950032446831791,80.19719580705647
req-7287,medical_supply,16,low,13.019512638352463,80.26314979412231
req-7288,generator,40,medium,12.918434439168943,80.15347697438975
req-7289,shelter_capacity,3,medium,13.005538666331809,80.1628266986393
req-7290,boat,40,medium,12.981071089332215,80.2506773538909
req-7291,boat,35,low,12.966775653081177,80.12247392933229
req-7292,medical_supply,5,medium,13.012066631556971,80.20901204672636
req-7293,medical_supply,8,high,12.9077292227935,80.21520337825267
req-7294,medical_supply,10,medium,12.932497801715686,80.15103268791749
req-7295,vehicle,5,low,13.032137261323385,80.12839529036259
req-7296,boat,44,medium,12.983346390670127,80.17470538002793
req-7297,vehicle,4,high,13.096033798549849,80.22981548595251
req-7298,medical_supply,37,critical,12.957276666867381,80.25658629644309
req-7299,boat,1,low,13.064252511885986,80.19635636503763
req-7300,medical_supply,42,critical,12.926187096500803,80.20287649398394
req-7301,vehicle,15,medium,13.036590272422536,80.29521739797366
req-7302,vehicle,29,low,12.9525283683757,80.16702386697172
req-7303,shelter_capacity,48,low,12.957803262206806,80.21959376710663
req-7304,shelter_capacity,43,medium,12.922515248888535,80.17252661411021
req-7305,generator,27,high,12.925922186768645,80.29770223044233
req-7306,generator,32,high,12.98399265603056,80.19095511232521
req-7307,generator,43,medium,12.962687087004783,80.10337656358709
req-7308,vehicle,4,medium,13.032913550301371,80.24961247828256
req-7309,boat,46,medium,13.064851690272043,80.2306764724926
req-7310,shelter_capacity,8,high,13.065847138883235,80.15146544513247
req-7311,boat,38,medium,12.995748142760293,80.14066268287549
req-7312,volunteer,11,medium,12.904492652887768,80.16288190075609
req-7313,volunteer,5,critical,12.998341991907909,80.16814945539942
req-7314,vehicle,32,medium,12.944002535784554,80.1683515888225
req-7315,volunteer,22,critical,13.030283241456829,80.19084818969255
req-7316,volunteer,46,medium,12.988416554164848,80.21433229277302
req-7317,volunteer,47,medium,12.934985089176788,80.26810554440526
req-7318,medical_supply,15,medium,13.023761890905222,80.2361864409642
req-7319,vehicle,48,low,13.046049111447147,80.28729898598381
req-7320,medical_supply,24,medium,12.988009771839051,80.26178706216301
req-7321,boat,12,medium,12.929713814010677,80.21365358193322
req-7322,medical_supply,46,medium,12.940391113041901,80.11157364431611
req-7323,medical_supply,22,medium,13.074241702552717,80.29275356503003
req-7324,volunteer,34,medium,12.97682852042166,80.14893631737814
req-7325,vehicle,9,medium,13.037727555361702,80.23233429723233
req-7326,volunteer,37,critical,13.029680682751003,80.13289894898443
req-7327,generator,45,low,13.04291311998482,80.28340501344644
req-7328,medical_supply,18,high,12.988775814191806,80.15296746059754
req-7329,shelter_capacity,4,medium,13.05273965294943,80.18600839700632
req-7330,generator,48,medium,12.921170962554653,80.17647689553503
req-7331,generator,15,medium,13.008206434533255,80.27352423604765
req-7332,shelter_capacity,45,high,13.04019474454573,80.25953735418413
req-7333,shelter_capacity,12,medium,12.93235592250171,80.1224836833898
req-7334,volunteer,36,low,12.952444523546673,80.15268857799231
req-7335,vehicle,28,critical,13.082158263719844,80.27535812180871
req-7336,generator,33,medium,13.07916879706645,80.2901699801398
req-7337,shelter_capacity,16,low,13.045616764431967,80.20728181670513
req-7338,shelter_capacity,41,medium,13.08925802111866,80.11877486206993
req-7339,generator,17,high,12.971291684615773,80.23683498249954
req-7340,medical_supply,20,medium,12.902356865855188,80.28264701603432
req-7341,medical_supply,20,high,12.927740279847235,80.13225854939608
req-7342,volunteer,13,critical,13.038401197127685,80.13955268195143
req-7343,generator,9,medium,13.090892225272789,80.18601226344254
req-7344,shelter_capacity,13,critical,13.071665455271262,80.19963952554278
req-7345,generator,41,medium,13.021803953415965,80.29588509788326
req-7346,shelter_capacity,18,medium,12.952374274220961,80.11080460248111
req-7347,volunteer,33,medium,13.049915430950131,80.24351243694835
req-7348,boat,37,high,13.054193707637694,80.19369645219855
req-7349,medical_supply,23,high,12.94775852997252,80.276163430625
req-7350,volunteer,5,medium,12.967705755645136,80.11930003711343
req-7351,volunteer,10,high,12.96886040329747,80.22003043166744
req-7352,volunteer,26,low,12.944657867272184,80.20655261871255
req-7353,vehicle,6,medium,12.999704312236908,80.19610699044483
req-7354,volunteer,44,low,12.951788665568053,80.13066671223638
req-7355,medical_supply,1,medium,12.99888125641247,80.27750317004508
req-7356,generator,19,medium,13.09958234004629,80.19235378117764
req-7357,generator,19,low,12.933039530796053,80.13394663656294
req-7358,volunteer,22,medium,13.045291760306034,80.14860252699847
req-7359,vehicle,36,medium,13.027282717338158,80.12710815239508
req-7360,boat,18,high,12.943946931516093,80.17377536917864
req-7361,medical_supply,18,medium,12.930275436952316,80.22999232385529
req-7362,boat,46,medium,12.965521994293608,80.2969087569146
req-7363,generator,48,critical,13.052497476349698,80.1952668741918
req-7364,medical_supply,44,low,13.089259402765475,80.11500805924118
req-7365,shelter_capacity,4,critical,13.009305670672862,80.26558973276798
req-7366,vehicle,32,medium,12.92544861590952,80.29807268625663
req-7367,medical_supply,5,medium,12.911099375158498,80.23389668344585
req-7368,shelter_capacity,4,low,12.953920545284033,80.16203977022008
req-7369,generator,25,medium,13.069496935263228,80.19890812229109
req-7370,boat,44,high,13.074096938642658,80.11265384326632
req-7371,volunteer,20,medium,12.926775165416407,80.27321676924649
req-7372,generator,26,high,12.902549230373141,80.1232879700799
req-7373,vehicle,1,medium,12.915304707375725,80.1768130342256
req-7374,boat,39,medium,13.087731142621044,80.1362634444397
req-7375,boat,2,medium,13.067088464481449,80.18629517689948
req-7376,shelter_capacity,25,medium,13.099217493062914,80.27986836104382
req-7377,volunteer,11,low,12.909316595375232,80.1104282565741
req-7378,boat,32,high,12.93697210426015,80.17967999137728
req-7379,generator,4,medium,13.091640043539996,80.14281447481497
req-7380,medical_supply,3,critical,12.961929720096906,80.11133761435687
req-7381,shelter_capacity,46,medium,12.95281429502539,80.10790993098176
req-7382,generator,23,medium,13.00486336699951,80.28053602453843
req-7383,volunteer,31,medium,13.044230647328272,80.18550276123639
req-7384,shelter_capacity,2,medium,13.010430662675237,80.11786854656832
req-7385,generator,30,low,13.004561921655291,80.25460308773623
req-7386,vehicle,13,low,13.029979875101914,80.24294595854636
req-7387,shelter_capacity,21,medium,12.913683947809329,80.1809929751429
req-7388,volunteer,34,high,12.954561351150625,80.23727813826936
req-7389,boat,34,low,13.086667664250257,80.20663847450989
req-7390,generator,42,low,12.907815827919748,80.1528175396093
req-7391,shelter_capacity,42,high,12.962624670733618,80.22246582292904
req-7392,boat,6,medium,12.903566923055632,80.17711938391541
req-7393,shelter_capacity,31,medium,13.077020587711344,80.11807296183697
req-7394,vehicle,15,critical,12.986301959172147,80.19358635032907
req-7395,medical_supply,3,high,12.97446705440743,80.2870924964766
req-7396,medical_supply,12,low,12.957250143249547,80.125749886143
req-7397,generator,2,low,12.906608619646413,80.27470206815056
req-7398,boat,19,medium,13.049629804421754,80.11496035741611
req-7399,medical_supply,44,medium,13.000811561533094,80.2015676783639
req-7400,boat,22,medium,12.905055060006731,80.27851943083192
req-7401,shelter_capacity,26,high,12.926697240905172,80.22083704332609
req-7402,vehicle,32,medium,13.016879548940365,80.16683873401924
req-7403,vehicle,18,medium,12.923012960528192,80.17131313592797
req-7404,volunteer,5,medium,12.968821854448816,80.14889311037693
req-7405,vehicle,15,medium,12.941271775254805,80.10426045912769
req-7406,vehicle,27,medium,13.099981710595054,80.29306051620038
req-7407,vehicle,43,high,12.961011917537968,80.12992082228759
req-7408,boat,45,medium,13.030001320523175,80.1629170686689
req-7409,generator,11,high,12.964632815072951,80.2555678871007
req-7410,boat,45,high,13.014023453123448,80.20065881694777
req-7411,vehicle,42,medium,13.004908607593753,80.2408216135092
req-7412,volunteer,16,high,12.939592435782906,80.15420354988763
req-7413,medical_supply,12,medium,13.091872817235728,80.26213849530652
req-7414,boat,40,medium,13.085349027973685,80.1478718814734
req-7415,shelter_capacity,9,medium,13.040683426716713,80.10775243660999
req-7416,medical_supply,26,medium,13.090766665015309,80.13406842626343
req-7417,volunteer,8,high,13.065544383225633,80.1088938319669
req-7418,shelter_capacity,28,medium,12.93127619235233,80.1375032947539
req-7419,medical_supply,40,low,12.972456152500373,80.24866402526519
req-7420,generator,37,medium,13.068856752700958,80.29056856874574
req-7421,medical_supply,15,medium,12.920521637394517,80.11661541861201
req-7422,medical_supply,49,critical,12.951009746754204,80.26080137522388
req-7423,boat,9,critical,13.009647393465958,80.25535501526265
req-7424,vehicle,6,medium,13.04787798221082,80.2504950453869
req-7425,vehicle,8,low,13.09314917862164,80.27960155441706
req-7426,generator,24,medium,13.044816700411575,80.16600112506767
req-7427,medical_supply,27,medium,13.023634219303794,80.22454199194397
req-7428,shelter_capacity,16,critical,13.017374327668296,80.13297247793653
req-7429,generator,21,medium,13.08680938472334,80.18304521757553
req-7430,shelter_capacity,19,high,13.02913140542927,80.14104124825758
req-7431,medical_supply,9,medium,12.973669590357785,80.25447624190903
req-7432,boat,34,medium,13.038806961897912,80.16617751634556
req-7433,vehicle,37,critical,13.023027110176768,80.10337570978584
req-7434,boat,8,medium,12.924122132189456,80.28839438180096
req-7435,generator,37,medium,13.092741048663305,80.15604804039877
req-7436,generator,48,medium,12.911491733024006,80.19462087119958
req-7437,medical_supply,11,low,13.083612662354614,80.15962309892876
req-7438,volunteer,4,medium,13.070793602040098,80.20771205871496
req-7439,boat,43,high,12.924550838172909,80.11520515934119
req-7440,generator,34,low,13.010784996868278,80.15486453449138
req-7441,shelter_capacity,37,medium,13.097125997221672,80.165195457395
req-7442,volunteer,30,low,13.017154632087982,80.2761415523389
req-7443,vehicle,13,high,13.083314336300754,80.28435000905881
req-7444,boat,37,medium,12.960531404218237,80.21928342073072
req-7445,boat,35,medium,12.958450795927803,80.28246502156637
req-7446,generator,29,high,12.978827784619808,80.11437759500744
req-7447,boat,31,high,13.015435531707235,80.19360147644356
req-7448,generator,12,high,12.985546850962312,80.16565513456774
req-7449,generator,29,high,12.993588771730359,80.15794025081823
req-7450,shelter_capacity,16,medium,12.979434743587335,80.10393774171418
req-7451,medical_supply,46,medium,13.097207515293166,80.29003017239505
req-7452,boat,16,critical,12.91949609173207,80.11467280613051
req-7453,medical_supply,4,medium,13.008819789792565,80.23695533314529
req-7454,shelter_capacity,36,medium,13.038018489657334,80.2600968725257
req-7455,generator,23,medium,12.96168035948543,80.19042025207827
req-7456,volunteer,46,low,12.937704586989511,80.17760719816046
req-7457,boat,31,medium,13.063079083159433,80.25520953662566
req-7458,generator,46,medium,12.909709370773214,80.23303837991715
req-7459,vehicle,8,critical,12.923289405689829,80.24298633024938
req-7460,medical_supply,6,high,12.941519733325217,80.13100392216104
req-7461,boat,45,low,12.937740417815618,80.18503123010903
req-7462,vehicle,22,medium,12.966649874278634,80.10830704979634
req-7463,generator,24,medium,13.046038327480494,80.20802790025267
req-7464,medical_supply,44,low,12.954032424259863,80.11395017425933
req-7465,shelter_capacity,14,critical,12.959787732822445,80.13352870871793
req-7466,boat,1,critical,13.01897807594567,80.26374719138718
req-7467,shelter_capacity,5,high,12.96779905079774,80.29564089373561
req-7468,boat,35,medium,12.999772337110766,80.12749051015285
req-7469,volunteer,32,medium,12.941416334146451,80.25019699787016
req-7470,boat,9,medium,12.916449141206469,80.26189251067774
req-7471,medical_supply,15,high,12.943619913928003,80.28384867946075
req-7472,generator,13,medium,12.934619296213762,80.20299042882743
req-7473,vehicle,1,medium,13.01913724952345,80.16787044145057
req-7474,boat,50,medium,13.07402833299164,80.10131059752653
req-7475,medical_supply,30,medium,12.970946685710489,80.29912277053201
req-7476,vehicle,8,low,13.04952779555976,80.1532594573739
req-7477,boat,33,medium,13.030994081477752,80.28193092636968
req-7478,vehicle,29,low,12.938128063935977,80.28662559284624
req-7479,shelter_capacity,19,medium,12.91021980357822,80.27097247091997
req-7480,medical_supply,41,high,12.930753571180256,80.19878730979639
req-7481,medical_supply,46,high,13.044515283753045,80.29787585780745
req-7482,generator,13,low,13.042009815197957,80.12158527503252
req-7483,generator,46,medium,13.032134557567126,80.25625703299076
req-7484,shelter_capacity,48,medium,13.031392750349085,80.25362024236712
req-7485,vehicle,41,medium,13.079287841298049,80.20736803139751
req-7486,volunteer,5,medium,13.027623905500773,80.25689545222612
req-7487,shelter_capacity,19,low,13.072351868152532,80.12808126323243
req-7488,vehicle,18,high,13.034183912635914,80.18784876271296
req-7489,shelter_capacity,16,high,12.980549737986255,80.11092562518111
req-7490,volunteer,18,medium,13.07344710461847,80.23644268759786
req-7491,shelter_capacity,35,low,12.917683177973773,80.27119572441553
req-7492,volunteer,10,high,12.918838931379263,80.24301603188668
req-7493,shelter_capacity,12,high,12.97013707316522,80.1671361902708
req-7494,boat,12,low,13.05165366214889,80.26479770307586
req-7495,volunteer,49,medium,13.017314355302133,80.10770450371578
req-7496,vehicle,36,critical,13.001001628832967,80.11267589087474
req-7497,boat,2,high,13.053958311666815,80.19733768977159
req-7498,generator,26,medium,13.07599076319219,80.28246579032783
req-7499,vehicle,25,high,13.054867451443256,80.17036488320382
req-7500,vehicle,34,low,13.025252221777256,80.22913214247995
req-7501,volunteer,13,medium,13.053669767372195,80.13707397992785
req-7502,vehicle,47,medium,13.041419685570458,80.28352566728464
req-7503,vehicle,5,medium,13.023046691691572,80.13169253687091
req-7504,generator,15,medium,12.977077269598896,80.10617960033088
req-7505,volunteer,30,critical,13.084098212926538,80.16923926321593
req-7506,medical_supply,10,medium,13.032630878431565,80.13764633063911
req-7507,boat,25,medium,12.968093879464757,80.23374838413956
req-7508,shelter_capacity,50,medium,13.026705818751754,80.18842967462658
req-7509,volunteer,9,high,13.06393723285632,80.19290656706303
req-7510,volunteer,11,medium,12.918681542772367,80.17604894814544
req-7511,boat,41,critical,12.917976392154033,80.17061394777772
req-7512,generator,22,high,13.04213870604893,80.20965220319808
req-7513,shelter_capacity,50,low,12.999611916623111,80.14507508901197
req-7514,generator,1,medium,13.046117085964827,80.12813825851347
req-7515,vehicle,33,low,12.911429787353597,80.27375851693361
req-7516,vehicle,39,critical,12.974666543441279,80.19787642801161
req-7517,medical_supply,37,low,13.003743592263078,80.20755932622248
req-7518,generator,34,medium,13.03385154685921,80.12030326875055
req-7519,shelter_capacity,36,medium,13.006559349744734,80.19727178132891
req-7520,boat,23,low,13.003766587293372,80.19533803843171
req-7521,shelter_capacity,7,medium,12.959580903334508,80.22003199561304
req-7522,vehicle,39,low,13.086644107286414,80.16187471013755
req-7523,shelter_capacity,40,low,13.077388909415896,80.12840106528216
req-7524,generator,34,high,13.073414183976428,80.11638617746809
req-7525,generator,6,critical,12.914874110531308,80.20317526109508
req-7526,medical_supply,7,medium,12.998471465187134,80.19746694019257
req-7527,shelter_capacity,21,medium,13.096349218356643,80.27374069412014
req-7528,volunteer,2,medium,12.958089753365972,80.13514043125691
req-7529,vehicle,6,high,12.959284971964998,80.11525506029525
req-7530,volunteer,20,medium,12.93568857476722,80.13896878280117
req-7531,volunteer,40,medium,12.970331504859645,80.29963139990743
req-7532,generator,12,medium,12.985960609447245,80.1398936314015
req-7533,vehicle,28,high,12.938171767302316,80.1103579060247
req-7534,shelter_capacity,20,medium,13.009503808752724,80.28387424647552
req-7535,shelter_capacity,31,critical,13.02606423475304,80.2327498041731
req-7536,boat,3,medium,13.097644273251243,80.28616507315941
req-7537,vehicle,26,low,12.95458505632471,80.13850277203349
req-7538,medical_supply,12,high,13.025711048870908,80.25136656907445
req-7539,boat,32,low,12.991558394926553,80.28776572859456
req-7540,vehicle,12,critical,12.98581612203886,80.1028669596653
req-7541,vehicle,40,critical,12.946618699358483,80.10662693074717
req-7542,shelter_capacity,42,high,12.985918711546999,80.16032090289829
req-7543,vehicle,9,high,12.9618868468933,80.1127407112165
req-7544,volunteer,9,high,13.00362291960519,80.28036634008129
req-7545,generator,29,critical,12.92500954959406,80.2150927781296
req-7546,shelter_capacity,14,medium,12.940869944514876,80.13798777739811
req-7547,boat,29,medium,13.061664856568717,80.24300694099934
req-7548,boat,33,medium,13.059052652955971,80.18580012947199
req-7549,generator,18,medium,12.928077818569614,80.29633967150569
req-7550,generator,9,medium,13.017702708713442,80.26525788969116
req-7551,medical_supply,48,medium,13.016300364431693,80.17486539999565
req-7552,boat,21,low,12.989514073769659,80.10617447807242
req-7553,generator,1,critical,13.001948687286582,80.10676774695982
req-7554,shelter_capacity,27,low,12.976926271752452,80.24241701441846
req-7555,medical_supply,27,medium,13.052768373988815,80.13242916645987
req-7556,medical_supply,11,low,12.920137720831876,80.22887647321019
req-7557,boat,32,medium,12.959891088770375,80.20239563492093
req-7558,shelter_capacity,7,medium,12.957843120424,80.24242957308098
req-7559,vehicle,22,high,13.003552237477962,80.14449531331992
req-7560,volunteer,32,medium,12.951796921778639,80.25037545679933
req-7561,medical_supply,14,medium,12.98460176339087,80.17354467133396
req-7562,volunteer,50,medium,13.040901255093486,80.10968621662278
req-7563,vehicle,3,low,13.06495708496626,80.10964101035731
req-7564,vehicle,35,medium,12.91589803316696,80.18620878389864
req-7565,medical_supply,9,medium,12.925358131559967,80.13214208797311
req-7566,vehicle,34,critical,12.934563041274231,80.13408454716117
req-7567,shelter_capacity,14,high,12.927378979028472,80.28365933295571
req-7568,vehicle,35,medium,13.097901606368492,80.16729594302191
req-7569,shelter_capacity,48,high,12.935255930420412,80.27260418597672
req-7570,medical_supply,34,low,12.973648528929033,80.20355515126876
req-7571,generator,5,medium,13.012003737269243,80.2911953449085
req-7572,medical_supply,32,low,13.001311278727664,80.23214331583912
req-7573,generator,34,medium,12.903835089625854,80.19358741252023
req-7574,shelter_capacity,6,medium,13.01940843101205,80.23309279740492
req-7575,generator,15,low,13.072048982568685,80.27931017419571
req-7576,generator,16,medium,12.957832830715148,80.19203808073472
req-7577,vehicle,21,low,12.976420000621767,80.23274254317711
req-7578,medical_supply,38,high,13.022952102251114,80.22057190102501
req-7579,generator,18,high,13.017951306683281,80.17412081445183
req-7580,vehicle,36,high,13.06869769496378,80.20467974969235
req-7581,medical_supply,25,critical,13.06029178277711,80.27855031387772
req-7582,medical_supply,25,medium,12.989554049410394,80.25554020199097
req-7583,medical_supply,21,high,12.921997334790255,80.19843313474186
req-7584,medical_supply,1,low,13.091846190571154,80.27000589129229
req-7585,generator,21,medium,12.970902420302107,80.16371861454346
req-7586,vehicle,43,medium,13.057082157388981,80.2256930302643
req-7587,shelter_capacity,43,low,13.061756288839995,80.1030992824304
req-7588,generator,32,medium,12.913881236072841,80.24469509895376
req-7589,volunteer,32,medium,13.029570353162011,80.1554384490675
req-7590,medical_supply,50,critical,12.976322997755949,80.21231418470816
req-7591,boat,47,high,13.05817505762702,80.26626740558788
req-7592,vehicle,11,high,13.002702496481321,80.12339379328954
req-7593,boat,3,medium,12.989427006668993,80.18477753663888
req-7594,boat,40,low,12.908032661241933,80.16526595232446
req-7595,medical_supply,6,medium,13.026806168506853,80.16290879481558
req-7596,medical_supply,2,medium,12.994508899102016,80.25011766455373
req-7597,vehicle,45,medium,12.97926822415667,80.20120769022195
req-7598,boat,39,critical,12.950859090521568,80.15926593243582
req-7599,volunteer,40,medium,13.096401407504027,80.198746011965
req-7600,vehicle,46,medium,13.027112250107681,80.1522884562662
req-7601,shelter_capacity,50,medium,13.000144865957658,80.12693008535804
req-7602,volunteer,9,medium,12.92571862854135,80.16396339214401
req-7603,volunteer,45,high,12.926171269989657,80.27652521480657
req-7604,shelter_capacity,46,critical,13.080643928138748,80.28213429149365
req-7605,shelter_capacity,8,low,12.915085180213008,80.2685146584522
req-7606,generator,28,high,13.068281739230992,80.2131081496268
req-7607,generator,50,critical,12.987082440382972,80.19785752019402
req-7608,volunteer,49,medium,12.978435029495014,80.16790642991765
req-7609,generator,39,critical,13.017267739603223,80.14594368907673
req-7610,medical_supply,50,low,12.956364735469439,80.25021937060446
req-7611,shelter_capacity,43,critical,12.992614862058625,80.28732720420217
req-7612,volunteer,9,medium,13.037037686226473,80.20604965614487
req-7613,generator,27,medium,12.978950678303498,80.1798292814607
req-7614,shelter_capacity,42,medium,13.019172568181032,80.10263617475316
req-7615,vehicle,3,high,13.020115655847784,80.23497645962777
req-7616,generator,33,low,12.90121569797789,80.19447163668741
req-7617,vehicle,2,medium,12.988958250966267,80.2705049419221
req-7618,medical_supply,32,low,12.972999340969091,80.14016448941
req-7619,generator,46,medium,12.965784687812041,80.15907140501707
req-7620,medical_supply,10,medium,12.968255911031793,80.29078150107527
req-7621,volunteer,23,medium,13.009219605881682,80.21723704670248
req-7622,shelter_capacity,18,high,13.08917361003423,80.1444090623361
req-7623,vehicle,6,critical,12.992576719740129,80.14750110760154
req-7624,volunteer,28,medium,12.982126174498509,80.29225122014957
req-7625,generator,42,low,13.06113781667779,80.28295113195469
req-7626,volunteer,27,low,13.057381550637691,80.12706805839692
req-7627,vehicle,2,medium,13.067616898148737,80.20400545905103
req-7628,shelter_capacity,13,high,12.953720040799807,80.28062670337155
req-7629,shelter_capacity,32,high,12.98503146223952,80.2691528547766
req-7630,shelter_capacity,45,medium,13.02497985662761,80.1051758631277
req-7631,shelter_capacity,10,low,13.04237883052096,80.15888182000224
req-7632,vehicle,38,medium,12.999533567889582,80.11281753272732
req-7633,vehicle,22,low,12.98500922916986,80.14181977916279
req-7634,medical_supply,28,medium,13.075288510927173,80.17865792387074
req-7635,medical_supply,39,critical,13.021115504628618,80.25433965432978
req-7636,volunteer,24,low,13.061415997414555,80.27843209931565
req-7637,medical_supply,46,high,12.9996151540155,80.28808588855617
req-7638,boat,38,medium,13.052980505113746,80.10846244940603
req-7639,volunteer,9,high,13.002028326775628,80.15967997081859
req-7640,vehicle,50,medium,12.992429049727583,80.27176981045916
req-7641,shelter_capacity,39,medium,13.018730690906517,80.28747197536067
req-7642,boat,21,high,12.912559627490966,80.20639885772825
req-7643,medical_supply,6,critical,13.064409344223257,80.15620320581206
req-7644,generator,20,high,13.023373789663825,80.20519424245825
req-7645,generator,47,medium,13.024959872641034,80.29891319487784
req-7646,shelter_capacity,31,medium,13.030392725976233,80.2221382051466
req-7647,vehicle,14,low,12.933944540660066,80.19391215234445
req-7648,medical_supply,49,low,12.916169217050927,80.17926864381812
req-7649,medical_supply,16,high,12.906345825508952,80.24220762427254
req-7650,shelter_capacity,11,medium,13.099007641456664,80.15008551702319
req-7651,volunteer,45,medium,13.008584612883432,80.26510848106513
req-7652,boat,28,medium,13.005667979358185,80.2220270644132
req-7653,shelter_capacity,46,low,13.088061342219307,80.24456873035
req-7654,boat,20,low,13.096609765796819,80.2277817799515
req-7655,volunteer,44,medium,13.08631775759404,80.20479693999467
req-7656,boat,50,low,12.926598222057532,80.21798446249983
req-7657,generator,8,medium,13.006742800231912,80.19491124003781
req-7658,boat,1,low,13.078055556349396,80.29047923526915
req-7659,boat,43,medium,13.009302040590015,80.24411631094523
req-7660,shelter_capacity,37,critical,12.906240895141913,80.296088881268
req-7661,generator,43,medium,13.078649283528884,80.20827356643217
req-7662,shelter_capacity,47,medium,13.041395677617993,80.12027979185554
req-7663,boat,3,medium,12.99093895079269,80.14223192039448
req-7664,boat,1,medium,13.029445805719973,80.18374683193097
req-7665,shelter_capacity,36,medium,13.069694130855641,80.1743161023838
req-7666,boat,32,low,12.954000531081666,80.10165284502686
req-7667,shelter_capacity,38,high,13.059561518873558,80.25005304553062
req-7668,boat,47,low,13.075675293254982,80.1480765865296
req-7669,medical_supply,36,low,13.037784952573936,80.20333833075718
req-7670,shelter_capacity,8,medium,13.016618421979661,80.10636594247971
req-7671,volunteer,11,low,12.98162226918138,80.12943944700605
req-7672,boat,44,medium,12.94875874820719,80.19957467120943
req-7673,generator,15,low,13.022226191376156,80.1924838061995
req-7674,boat,5,low,12.990309601978847,80.28671444463419
req-7675,shelter_capacity,48,low,13.028779013429482,80.27290022768476
req-7676,generator,21,high,12.938235508432783,80.11425970985216
req-7677,vehicle,41,low,12.914518462753087,80.208180405103
req-7678,shelter_capacity,7,low,13.056846193262391,80.18909812154925
req-7679,generator,26,high,13.029960962294922,80.23102151732775
req-7680,medical_supply,8,high,12.973285046106142,80.24090680115154
req-7681,shelter_capacity,44,critical,13.01841541868795,80.19799704673765
req-7682,volunteer,46,low,12.962131590929133,80.29219148779318
req-7683,volunteer,15,medium,13.079429431800078,80.16495020152314
req-7684,medical_supply,34,medium,12.982555256996305,80.174227891666
req-7685,boat,5,low,13.010315820690805,80.13329384106817
req-7686,generator,3,medium,12.918945106734633,80.10603041107613
req-7687,boat,18,low,13.008953938434631,80.13312996357857
req-7688,generator,41,low,12.992056887959421,80.11556682965674
req-7689,boat,46,medium,13.03222434767105,80.15727997393283
req-7690,medical_supply,18,critical,13.043673118207455,80.24737139862059
req-7691,volunteer,8,medium,12.952933687251909,80.11110124047066
req-7692,medical_supply,32,medium,13.031259877468598,80.1459180331878
req-7693,shelter_capacity,10,medium,13.005123948092752,80.16269079497096
req-7694,generator,48,medium,12.922656131172694,80.1202524269496
req-7695,medical_supply,42,medium,12.916087044805275,80.11038862194269
req-7696,generator,21,medium,12.969242228315986,80.21627978461855
req-7697,shelter_capacity,22,medium,13.00158086662675,80.18747263739327
req-7698,boat,44,medium,13.047274749920696,80.24685037649297
req-7699,boat,2,high,12.944392447884962,80.22022871027525
req-7700,shelter_capacity,9,critical,12.964487848509995,80.23369654711192
req-7701,generator,50,medium,13.02034287627215,80.2948153904518
req-7702,volunteer,9,high,13.0710739823874,80.13537402463835
req-7703,generator,6,high,12.975875664856089,80.14892383357575
req-7704,boat,23,high,13.077042372254862,80.26370985075451
req-7705,shelter_capacity,38,medium,13.028244358836213,80.25633785906224
req-7706,medical_supply,9,medium,13.087536849610668,80.26619153458823
req-7707,vehicle,10,medium,13.099689933672758,80.28837344661424
req-7708,medical_supply,18,medium,13.041996599539223,80.26826531019331
req-7709,volunteer,6,critical,12.957912715642802,80.17034039073197
req-7710,medical_supply,37,medium,12.951713082805865,80.18253405988072
req-7711,medical_supply,39,medium,12.944118651625141,80.28974036783794
req-7712,shelter_capacity,10,medium,12.917592980678078,80.21789799272749
req-7713,vehicle,44,medium,12.996079989137263,80.11802224761233
req-7714,boat,35,high,12.994447396602439,80.16426138071621
req-7715,medical_supply,8,low,12.938270793295628,80.2974250576759
req-7716,volunteer,27,low,12.918870546100404,80.18464522059688
req-7717,vehicle,5,high,12.955926601856728,80.17981911767842
req-7718,vehicle,37,medium,12.92193153852867,80.16476076498203
req-7719,boat,2,medium,12.92337851969599,80.21405932807303
req-7720,medical_supply,36,high,13.070940671990178,80.23700967331644
req-7721,shelter_capacity,44,low,13.064528355073435,80.10744586072855
req-7722,generator,18,low,12.939695752049605,80.12764809560038
req-7723,shelter_capacity,12,medium,13.034092117444004,80.1136311457148
req-7724,boat,1,medium,12.945470903515888,80.20587496153392
req-7725,volunteer,46,high,13.05139108273769,80.22690060668488
req-7726,vehicle,10,low,12.960473898042842,80.17159695392694
req-7727,volunteer,29,medium,12.994760322368222,80.12263745117212
req-7728,generator,42,medium,13.041659867105198,80.12762453697489
req-7729,boat,17,medium,12.949808664589261,80.2095868925257
req-7730,vehicle,27,low,13.031348929584432,80.23925786890216
req-7731,shelter_capacity,1,critical,13.087039099326676,80.10503422592379
req-7732,volunteer,41,high,13.074886251477595,80.12183893657424
req-7733,vehicle,7,medium,13.048599736878282,80.20294797138764
req-7734,vehicle,46,high,12.965175806366952,80.1979258888056
req-7735,volunteer,15,high,12.908579227048499,80.19067657961068
req-7736,volunteer,25,high,12.920418808809385,80.29899791736268
req-7737,boat,23,medium,12.938201003661444,80.16201212041227
req-7738,generator,27,low,12.945891911500652,80.16726753033142
req-7739,medical_supply,37,critical,12.984641702299,80.19583215094083
req-7740,shelter_capacity,6,high,13.07745075291041,80.21805802980012
req-7741,generator,4,high,13.017367799991812,80.27073825215015
req-7742,generator,13,medium,13.08048523925811,80.16390199536443
req-7743,vehicle,26,high,12.97216166232399,80.18328793440706
req-7744,volunteer,22,medium,13.035708703337933,80.29672049053731
req-7745,shelter_capacity,13,medium,13.091224658820666,80.25248649890375
req-7746,medical_supply,14,medium,12.919486253016652,80.16500493616086
req-7747,boat,49,medium,12.960571599094699,80.15905758441399
req-7748,boat,7,medium,12.92104904224732,80.19044655449694
req-7749,boat,26,low,13.000900008110227,80.19455427171837
req-7750,shelter_capacity,46,medium,12.900488593194966,80.16932846925785
req-7751,boat,6,high,12.915115872629832,80.12827538443403
req-7752,vehicle,33,high,12.945124776652277,80.13899527581498
req-7753,vehicle,27,low,12.967196427973969,80.1351815429427
req-7754,shelter_capacity,49,medium,12.954629625283896,80.12708794169266
req-7755,generator,5,critical,13.038133998498239,80.25123908184966
req-7756,vehicle,41,medium,12.934496404156643,80.11125665944613
req-7757,boat,8,critical,12.983962891091357,80.12521953850842
req-7758,vehicle,40,low,12.979717213301102,80.11351386478631
req-7759,shelter_capacity,13,medium,12.98062382189567,80.17295732825278
req-7760,shelter_capacity,8,medium,13.033911766555942,80.21733548277861
req-7761,medical_supply,44,medium,13.029679601064847,80.15447237260202
req-7762,vehicle,28,low,12.911337956760567,80.18183672052405
req-7763,shelter_capacity,36,low,13.00114184029339,80.2391229549829
req-7764,boat,47,medium,13.096620486478194,80.1352562069482
req-7765,boat,44,medium,12.96761505442391,80.18572305664145
req-7766,medical_supply,37,low,12.981641127424796,80.14571927374924
req-7767,shelter_capacity,39,high,13.010758457628505,80.24968249704446
req-7768,medical_supply,22,low,13.092920669089619,80.17958776859807
req-7769,volunteer,6,high,12.954544277994694,80.28132345290315
req-7770,vehicle,26,high,12.9126148722032,80.27162829073342
req-7771,vehicle,24,high,12.94232350012605,80.26411512629434
req-7772,shelter_capacity,22,high,13.011579897155457,80.23118144130007
req-7773,volunteer,22,low,12.906262295718076,80.22877453100048
req-7774,boat,32,medium,12.997346619606054,80.22980928965119
req-7775,shelter_capacity,3,medium,13.08461783576452,80.17950576649912
req-7776,boat,34,medium,12.901387461299155,80.25211671820543
req-7777,generator,14,critical,12.946188574393508,80.23104235031539
req-7778,medical_supply,32,medium,12.993038052113826,80.24639116202454
req-7779,shelter_capacity,37,high,12.985350548315612,80.14983146262576
req-7780,shelter_capacity,20,critical,13.063190558948795,80.18181414232704
req-7781,generator,16,medium,13.081180468652391,80.2082422890435
req-7782,shelter_capacity,35,medium,13.085489341156375,80.26869130382147
req-7783,generator,42,low,12.916950564714508,80.26861568571512
req-7784,medical_supply,24,high,13.013763129058482,80.10445229608115
req-7785,volunteer,2,medium,12.935028385107868,80.22321608561869
req-7786,vehicle,19,medium,13.071815176078623,80.17430977458679
req-7787,generator,21,medium,13.090400329309816,80.18693935300692
req-7788,vehicle,22,medium,12.913848088821688,80.24312795785268
req-7789,vehicle,30,medium,12.99134204016129,80.16295441134392
req-7790,volunteer,11,critical,13.074917560758252,80.27696304038929
req-7791,shelter_capacity,25,medium,13.077075116487167,80.21432708196689
req-7792,generator,38,low,13.045585547424352,80.26123352508698
req-7793,medical_supply,19,critical,13.05847713754691,80.12561809346343
req-7794,boat,45,high,13.00104284619762,80.22811264171096
req-7795,boat,15,medium,13.048610491612632,80.19649427826498
req-7796,medical_supply,18,critical,13.003722024189422,80.16702717873434
req-7797,vehicle,10,medium,13.087405912703282,80.17090852379756
req-7798,shelter_capacity,35,medium,13.009124868843262,80.29302316411085
req-7799,vehicle,49,medium,12.916898175021762,80.27214123536056
req-7800,medical_supply,43,high,12.998201764427439,80.17538930633754
req-7801,medical_supply,49,low,12.92910118921429,80.14505111979318
req-7802,shelter_capacity,33,critical,12.936287540408761,80.22959863595024
req-7803,medical_supply,17,medium,13.014330280768476,80.22027886064944
req-7804,generator,19,low,13.027988697902918,80.1597597142093
req-7805,vehicle,23,critical,13.046108374182527,80.15515176623298
req-7806,vehicle,41,low,12.992951898843618,80.23655532900386
req-7807,volunteer,47,medium,13.036528798101617,80.11213056144155
req-7808,medical_supply,12,medium,12.997988326226412,80.2188345057231
req-7809,vehicle,13,medium,12.930756262085552,80.126992633358
req-7810,generator,21,low,13.025942921444905,80.25140167294269
req-7811,medical_supply,33,medium,12.974796761138734,80.25159159460576
req-7812,generator,7,medium,13.057325867610311,80.23647674961471
req-7813,medical_supply,1,low,13.05050251174104,80.29779874486628
req-7814,shelter_capacity,12,medium,12.924001023770074,80.18277812689344
req-7815,medical_supply,48,medium,12.965480515347464,80.28003760891846
req-7816,boat,41,high,12.994723880309124,80.10623151994244
req-7817,boat,23,medium,12.921190734753536,80.10828665932121
req-7818,volunteer,47,low,13.03265214298852,80.29307234451126
req-7819,shelter_capacity,7,high,13.05095900311394,80.1570265464915
req-7820,vehicle,25,critical,13.060374368861442,80.28503011774002
req-7821,volunteer,1,low,13.06668724705392,80.1249644929809
req-7822,shelter_capacity,23,medium,12.99126614617617,80.13160490645096
req-7823,shelter_capacity,15,critical,12.929443767601436,80.16336264413064
req-7824,medical_supply,34,critical,12.961284286418373,80.13079533194727
req-7825,vehicle,35,low,13.015244608389493,80.14989111470962
req-7826,medical_supply,32,low,12.947456854979427,80.26729483562235
req-7827,volunteer,13,medium,13.05191346353537,80.16621103385579
req-7828,volunteer,38,medium,13.00546173050826,80.12118840219246
req-7829,boat,33,low,12.963116977519517,80.27444342449029
req-7830,generator,42,high,12.980275006276385,80.24369643047804
req-7831,boat,29,medium,12.945413881561189,80.17009178885586
req-7832,shelter_capacity,45,medium,12.912500956594277,80.13730741296305
req-7833,vehicle,42,medium,12.919285438471697,80.13461045439993
req-7834,vehicle,41,medium,13.075709142893182,80.20953325575697
req-7835,shelter_capacity,9,medium,12.91191756344149,80.16476255027392
req-7836,generator,47,critical,13.059132236524583,80.28135785535187
req-7837,boat,50,medium,12.913069553521428,80.1541487901471
req-7838,medical_supply,1,high,13.029317640075599,80.24773028051308
req-7839,vehicle,49,medium,13.038205245785498,80.25039643096117
req-7840,vehicle,39,high,12.936898680296723,80.27778437707482
req-7841,generator,2,medium,12.98311370287638,80.29786877765923
req-7842,vehicle,31,medium,12.996931022517462,80.2439535216719
req-7843,volunteer,44,medium,13.027151589028493,80.17754181935024
req-7844,boat,6,medium,13.093626845021523,80.2945773253285
req-7845,volunteer,12,medium,13.040633552998571,80.25096667718456
req-7846,medical_supply,13,high,13.09265841826946,80.10891881018117
req-7847,generator,7,low,13.091584510589417,80.10304750972048
req-7848,volunteer,39,medium,12.929876187643142,80.156811185971
req-7849,vehicle,41,high,13.04018817120602,80.16355162590506
req-7850,generator,42,high,13.093141079379656,80.22160316281969
req-7851,generator,38,high,13.075684013745223,80.23445841444445
req-7852,generator,21,low,12.998288369248181,80.29558702284474
req-7853,boat,47,low,12.928732327841415,80.15353300839091
req-7854,shelter_capacity,11,medium,12.938630140503676,80.27130972174
req-7855,volunteer,25,high,13.003958510512017,80.21041289031461
req-7856,vehicle,7,high,12.951501678299385,80.13579176998732
req-7857,volunteer,29,low,12.920340717906129,80.23996867517104
req-7858,generator,9,high,12.948059730183815,80.14302774227573
req-7859,shelter_capacity,43,medium,13.05862188636025,80.10218305735431
req-7860,boat,3,low,13.0987450178871,80.12839984638168
req-7861,vehicle,32,medium,13.043977288875087,80.1257170705611
req-7862,generator,41,critical,13.022652686491133,80.27048884430238
req-7863,vehicle,28,low,12.962271402064138,80.1908669013546
req-7864,generator,26,medium,12.920413703418262,80.25338153083852
req-7865,medical_supply,7,medium,13.049281845076981,80.22486479728092
req-7866,volunteer,5,low,12.985598470279427,80.17897903156982
req-7867,vehicle,43,medium,12.925006025548248,80.13298931735093
req-7868,vehicle,41,medium,12.913982935259366,80.12321343929469
req-7869,vehicle,46,critical,12.965181737013769,80.28067518197865
req-7870,boat,29,low,12.919473028610234,80.28316165067235
req-7871,boat,43,medium,12.928628387047523,80.21250277017442
req-7872,medical_supply,23,medium,13.033071883655483,80.29866977920179
req-7873,generator,42,medium,12.993719665704118,80.23871904862784
req-7874,vehicle,23,low,12.984117342993896,80.14413408958109
req-7875,volunteer,45,high,13.088701032965485,80.18574295590136
req-7876,volunteer,1,critical,13.05264515992932,80.19570166388054
req-7877,boat,10,medium,13.032435089154077,80.11208423703437
req-7878,vehicle,14,low,12.912179549052038,80.15627075030457
req-7879,medical_supply,16,low,12.949087337867859,80.15358538114813
req-7880,volunteer,12,high,13.042168675444564,80.16913264389979
req-7881,medical_supply,2,high,12.961816055902316,80.27075971547085
req-7882,volunteer,9,critical,12.915397782527418,80.1371953666193
req-7883,boat,18,low,12.937721276752018,80.2163349325086
req-7884,boat,12,medium,13.001015049686432,80.22827527550719
req-7885,boat,49,high,12.940185158521238,80.11239312385528
req-7886,generator,5,high,12.969389178393046,80.12055059789243
req-7887,medical_supply,48,medium,13.030593513761904,80.29690404451928
req-7888,medical_supply,25,medium,12.995184143464076,80.19427511103497
req-7889,medical_supply,4,medium,12.980098195405795,80.28679515143845
req-7890,vehicle,22,high,13.04073032485376,80.1914677131355
req-7891,generator,3,low,12.995102954670747,80.10775955533641
req-7892,vehicle,15,medium,12.952001597328392,80.22507196124147
req-7893,vehicle,45,medium,13.059426561741576,80.12486862495064
req-7894,vehicle,2,medium,13.048924674182501,80.23712486788251
req-7895,shelter_capacity,24,high,12.924405459275222,80.13852143494714
req-7896,boat,33,medium,12.984325144064552,80.19695262051107
req-7897,volunteer,34,medium,13.049886749293583,80.24550616123823
req-7898,vehicle,11,high,12.94265306433514,80.20076797425853
req-7899,generator,27,medium,13.043891079652422,80.24100083781978
req-7900,volunteer,6,critical,12.946223183196258,80.26222403238894
req-7901,medical_supply,2,low,13.090426941587067,80.13896754335097
req-7902,boat,36,medium,12.906953653485138,80.14436147831486
req-7903,shelter_capacity,24,medium,13.084022709531578,80.11684297201413
req-7904,generator,47,low,12.989049516332125,80.21105101175736
req-7905,boat,4,medium,12.905195331717582,80.25811509306548
req-7906,volunteer,5,critical,12.92646696100347,80.19510920204021
req-7907,boat,24,low,13.030599691523841,80.16341156092116
req-7908,volunteer,38,low,12.963966017234304,80.15246599296175
req-7909,vehicle,8,low,13.036551865771813,80.26235555954312
req-7910,volunteer,13,medium,13.040431597867173,80.28055176564696
req-7911,medical_supply,7,medium,13.081573552314584,80.17507380286084
req-7912,volunteer,26,medium,13.034776010380366,80.2140684970401
req-7913,vehicle,30,medium,13.094643081649048,80.22942512716833
req-7914,vehicle,36,high,12.987222800370029,80.20824160807284
req-7915,boat,36,high,13.06288818737954,80.19075807935978
req-7916,shelter_capacity,1,high,12.924172131765792,80.24739174929374
req-7917,boat,23,low,12.983295271566575,80.25322584797247
req-7918,volunteer,45,high,12.947563583608227,80.10623834464924
req-7919,vehicle,48,high,12.995485588513697,80.14640522466686
req-7920,medical_supply,38,high,13.009699678928147,80.29926101802137
req-7921,shelter_capacity,34,medium,12.945720431878847,80.19751281303182
req-7922,boat,11,high,12.975033227481994,80.19610482376193
req-7923,boat,36,low,12.933172147340867,80.2016886356295
req-7924,boat,36,medium,12.934647720482964,80.14002086590301
req-7925,volunteer,30,low,13.013889043388195,80.10644053889479
req-7926,volunteer,27,medium,12.95160669087698,80.25324082845134
req-7927,vehicle,27,low,12.923074907837284,80.11391519463317
req-7928,volunteer,2,critical,13.067898912284933,80.15232236953828
req-7929,boat,13,medium,13.004603086580719,80.15526996739267
req-7930,vehicle,41,medium,13.069180876823344,80.13912876230295
req-7931,vehicle,1,low,12.973912718622387,80.18750455431658
req-7932,medical_supply,38,low,13.009919796743358,80.13660600761028
req-7933,boat,30,medium,13.018224595948443,80.26974697577977
req-7934,medical_supply,23,low,12.935813755784363,80.11026978509035
req-7935,shelter_capacity,20,high,12.920655835931713,80.28461516112488
req-7936,boat,20,high,13.03380553988999,80.15463512298118
req-7937,vehicle,21,critical,12.984213122722883,80.16124838376204
req-7938,volunteer,9,high,12.994049851279383,80.27227054398513
req-7939,volunteer,45,high,13.037185774713892,80.11832452587225
req-7940,boat,34,low,12.996653739181578,80.21649882496307
req-7941,shelter_capacity,24,critical,12.906625717900237,80.12178998162867
req-7942,shelter_capacity,40,low,13.065269037550516,80.10106341448139
req-7943,boat,41,critical,12.9653730252109,80.17948113328252
req-7944,vehicle,36,medium,12.984771103339986,80.18643234054655
req-7945,vehicle,42,low,13.013756978788674,80.19410580657606
req-7946,boat,23,medium,12.973055595326944,80.24118957294557
req-7947,generator,41,medium,12.917176794550475,80.15734240058703
req-7948,shelter_capacity,12,critical,13.0944457449916,80.14919565132891
req-7949,vehicle,29,high,13.067645783282435,80.20020452418854
req-7950,vehicle,40,medium,13.041358857418055,80.13051306013158
req-7951,vehicle,39,medium,12.998046140450269,80.11731586554983
req-7952,shelter_capacity,2,medium,13.062196879752985,80.24449649086229
req-7953,boat,17,medium,13.090481864427632,80.11798930100817
req-7954,generator,27,high,12.930687022296638,80.14003955618136
req-7955,shelter_capacity,35,low,13.088801118280038,80.21095183957293
req-7956,generator,5,medium,12.98865785142388,80.14920860495724
req-7957,volunteer,39,high,13.090628422134504,80.23569843538685
req-7958,vehicle,50,medium,13.088341824292478,80.15619561382341
req-7959,boat,35,high,13.042031631226797,80.24627951921629
req-7960,shelter_capacity,47,medium,13.016798215009766,80.24917721727714
req-7961,volunteer,33,medium,12.917794233560256,80.17232859068034
req-7962,volunteer,3,high,12.921914588118524,80.26771541804786
req-7963,shelter_capacity,10,low,13.091636320792135,80.17331170431652
req-7964,boat,22,medium,13.055540732766675,80.23709249597671
req-7965,volunteer,25,high,13.079455440366521,80.25350296891399
req-7966,shelter_capacity,15,low,12.962194514865367,80.20882626442346
req-7967,boat,16,critical,12.91823138098143,80.23259334779685
req-7968,medical_supply,44,low,13.001000727445764,80.11110697301245
req-7969,boat,7,high,12.929892476766327,80.19618519468985
req-7970,boat,28,medium,13.087612637150553,80.1567010885199
req-7971,shelter_capacity,24,low,13.006446269060364,80.16852961676273
req-7972,generator,11,high,12.980972448954333,80.26756974598271
req-7973,vehicle,48,medium,12.921614308637656,80.19192910077886
req-7974,generator,18,high,12.938560989664303,80.10703406542277
req-7975,medical_supply,40,medium,12.990026312548203,80.1991146271451
req-7976,volunteer,27,medium,12.988999009226022,80.11182624827102
req-7977,medical_supply,25,medium,12.91551385545768,80.21646203674152
req-7978,boat,35,medium,13.008698129422239,80.17382147834257
req-7979,medical_supply,33,low,12.911474197071726,80.14978390515765
req-7980,volunteer,35,medium,12.99311649862036,80.29082760844085
req-7981,volunteer,15,medium,13.084780328384477,80.12479672060395
req-7982,shelter_capacity,48,high,12.938693681987507,80.2726864658084
req-7983,shelter_capacity,30,medium,12.949733976671641,80.29228843282674
req-7984,medical_supply,37,critical,13.075858509786231,80.25199565408998
req-7985,medical_supply,12,high,12.944075281809631,80.11735745476264
req-7986,vehicle,9,medium,13.005572772707815,80.18347683507929
req-7987,medical_supply,44,high,12.961540905261232,80.12850722374485
req-7988,vehicle,48,medium,13.060191731697902,80.1012798011936
req-7989,shelter_capacity,2,medium,13.026351504713164,80.1770030250842
req-7990,vehicle,14,medium,13.02211376543069,80.1017953342725
req-7991,medical_supply,25,medium,13.053451452120775,80.19739947128272
req-7992,vehicle,2,medium,12.98666179977138,80.28137450135974
req-7993,boat,32,high,13.090440897590573,80.29226769171231
req-7994,shelter_capacity,32,medium,13.020807241141224,80.20170206055374
req-7995,generator,16,medium,13.063532221313153,80.13489587316306
req-7996,shelter_capacity,5,medium,12.944659422293094,80.20968978489468
req-7997,shelter_capacity,22,medium,13.041234971808,80.10324088838931
req-7998,generator,27,medium,12.988898496568257,80.22980679654874
req-7999,boat,33,low,12.93085327072897,80.1517891516175
req-8000,boat,18,critical,12.98633837039421,80.22616080218992
req-8001,volunteer,18,high,12.967080644949192,80.18521391083773
req-8002,medical_supply,17,critical,12.970074591234628,80.13392537481265
req-8003,generator,35,medium,13.023477745959134,80.11519758792423
req-8004,generator,12,low,13.004939117623378,80.26388151198732
req-8005,boat,19,high,12.951267825503672,80.26728887406186
req-8006,boat,18,critical,13.08839854834839,80.16352286589313
req-8007,vehicle,42,low,13.011321674887096,80.20288621888476
req-8008,generator,44,medium,12.927349648661533,80.19130228265523
req-8009,boat,44,high,13.048003810585985,80.258877590047
req-8010,volunteer,50,low,13.036008468527273,80.2217295185544
req-8011,boat,27,medium,12.989267637503001,80.12025169446244
req-8012,vehicle,25,medium,12.92182398547009,80.14994972551742
req-8013,boat,16,medium,13.085055166669562,80.10569787610417
req-8014,boat,26,high,13.042204697475531,80.1984810880508
req-8015,shelter_capacity,29,low,13.005985986103232,80.10337292091906
req-8016,vehicle,12,medium,12.900040610813145,80.10047036908635
req-8017,volunteer,22,medium,12.926310644680413,80.2763339640779
req-8018,volunteer,34,medium,12.954461579109521,80.1489433748233
req-8019,medical_supply,12,medium,12.985746755612109,80.28090778466223
req-8020,generator,31,high,13.010353571726966,80.15100295932925
req-8021,volunteer,47,critical,12.93251506613966,80.1421077543923
req-8022,medical_supply,43,high,13.02142685040279,80.14361615160341
req-8023,volunteer,37,low,13.049564973683962,80.26910616104009
req-8024,vehicle,43,medium,12.955415176184713,80.21333841005845
req-8025,vehicle,21,critical,13.091621142153832,80.28637097289923
req-8026,volunteer,10,high,12.921419704860392,80.18227707045467
req-8027,vehicle,22,medium,13.07059593687939,80.13521284387963
req-8028,medical_supply,33,high,12.92829201304742,80.29114238161993
req-8029,vehicle,44,high,12.977808879927345,80.12243330640753
req-8030,vehicle,42,medium,12.979539901801953,80.24004886722835
req-8031,volunteer,34,critical,13.09902265918609,80.1963556489445
req-8032,vehicle,17,medium,12.999900523184273,80.18708873810237
req-8033,vehicle,13,medium,13.006161718443083,80.150954274396
req-8034,boat,39,medium,13.038501097589656,80.15890884584545
req-8035,medical_supply,9,medium,13.057455155826126,80.27968248332274
req-8036,vehicle,25,medium,13.09525006271643,80.10177037592258
req-8037,generator,36,medium,13.05974952632277,80.24455714553116
req-8038,vehicle,39,low,13.076689414059127,80.17511492021457
req-8039,shelter_capacity,47,medium,13.098439455173795,80.19573581790726
req-8040,medical_supply,6,critical,12.96502995665596,80.22185891117144
req-8041,boat,8,critical,12.914981109753228,80.26613406652064
req-8042,boat,7,low,13.012668228719853,80.28059109297418
req-8043,vehicle,43,medium,12.993980257116172,80.10998788653906
req-8044,medical_supply,4,medium,12.966808377733782,80.2613527865824
req-8045,vehicle,11,critical,12.991034090160912,80.17382017715578
req-8046,medical_supply,8,medium,12.966659770921947,80.25723837009183
req-8047,boat,39,high,12.941924690805244,80.18509804147857
req-8048,shelter_capacity,12,high,12.915894222078984,80.21444131521697
req-8049,boat,5,medium,12.90879364129189,80.25072868099257
req-8050,generator,36,high,13.084253687231222,80.2428311088636
req-8051,boat,6,medium,13.021161364892176,80.22157149363943
req-8052,medical_supply,13,low,13.039387188769966,80.29117190294787
req-8053,medical_supply,42,high,13.0219290609167,80.10695623619135
req-8054,volunteer,50,medium,13.022712903450582,80.21712426552742
req-8055,medical_supply,10,critical,13.04004681466041,80.25772796436048
req-8056,medical_supply,30,high,12.999950771686873,80.25286909152194
req-8057,shelter_capacity,16,medium,12.997649896198574,80.12854931432408
req-8058,medical_supply,9,low,12.90889145719165,80.20477407946451
req-8059,boat,7,medium,13.044455107291919,80.24026881823308
req-8060,shelter_capacity,44,high,13.055355763287066,80.28933492604861
req-8061,vehicle,21,medium,13.013667898104865,80.19778260352325
req-8062,boat,19,medium,13.028603412669533,80.11880665289898
req-8063,vehicle,26,high,12.98400511343648,80.20933230915949
req-8064,medical_supply,5,low,13.036461277699432,80.1721599161769
req-8065,shelter_capacity,22,medium,12.999071251650918,80.19122182005063
req-8066,shelter_capacity,48,high,13.004739846721895,80.15474032474467
req-8067,shelter_capacity,25,medium,13.069155615240502,80.24611126780202
req-8068,shelter_capacity,24,high,13.034757696386883,80.10526942924777
req-8069,shelter_capacity,28,high,12.922047102316604,80.1983915827351
req-8070,medical_supply,6,medium,13.03795737610283,80.2010479650098
req-8071,shelter_capacity,8,medium,12.983863733164856,80.20348065980974
req-8072,boat,8,high,12.946638245226408,80.24335366107944
req-8073,shelter_capacity,6,low,12.973217898699609,80.29850270114298
req-8074,generator,39,medium,13.07580516942838,80.18546023490067
req-8075,shelter_capacity,22,medium,13.05819189777458,80.23151094558642
req-8076,medical_supply,48,low,12.98646591849625,80.19609840110178
req-8077,vehicle,37,high,13.067965381608671,80.1331552225019
req-8078,generator,22,medium,13.014595155723285,80.20535419614451
req-8079,medical_supply,18,medium,13.050735981012101,80.1766862634942
req-8080,boat,12,medium,12.979107990951743,80.2444636330639
req-8081,volunteer,46,critical,12.951753383167063,80.21399606063143
req-8082,volunteer,24,high,13.016712313712578,80.12268255567021
req-8083,boat,18,medium,13.066320603183929,80.17003558044817
req-8084,shelter_capacity,11,low,13.072493324095113,80.25768918022762
req-8085,medical_supply,14,medium,13.025718294129438,80.14392977390197
req-8086,vehicle,20,critical,13.040758605736112,80.24970933179985
req-8087,boat,32,low,12.949644913334057,80.26712095457908
req-8088,volunteer,25,medium,12.971254869941413,80.2434150507534
req-8089,boat,17,high,13.069468165615808,80.28827981084478
req-8090,generator,22,low,12.942054244990041,80.14701739677592
req-8091,volunteer,39,critical,12.98316098180796,80.10479356669731
req-8092,generator,50,medium,12.938143584354645,80.28555291011082
req-8093,generator,4,high,12.967044516561103,80.11105979379388
req-8094,vehicle,3,high,12.937633431848694,80.27961226220408
req-8095,vehicle,28,low,12.938371270852507,80.19390903237236
req-8096,vehicle,35,medium,12.934608029049398,80.1616760888241
req-8097,vehicle,14,high,12.975212297238706,80.10206860028374
req-8098,medical_supply,39,medium,12.982142141050703,80.29618628294641
req-8099,boat,36,medium,12.905293479287836,80.20474882334709
req-8100,vehicle,2,low,13.003366348656568,80.1130417360567
req-8101,shelter_capacity,32,low,13.019467217141207,80.25234166374193
req-8102,shelter_capacity,4,high,12.920392653398377,80.10583848277284
req-8103,boat,22,medium,12.936744342269884,80.15519433498407
req-8104,volunteer,39,medium,12.94035831476281,80.25553675528549
req-8105,volunteer,11,critical,12.952937421064084,80.13577985157806
req-8106,vehicle,40,low,12.91059740821354,80.16414792879988
req-8107,volunteer,14,low,12.918832214462833,80.11404134489288
req-8108,shelter_capacity,43,critical,13.097389039517559,80.12567471377885
req-8109,medical_supply,19,high,13.081833020176527,80.29475671420005
req-8110,generator,32,medium,13.092191318047394,80.28241700600366
req-8111,generator,37,medium,12.945589353378775,80.24277185840293
req-8112,shelter_capacity,39,low,12.983749160136183,80.25269365904914
req-8113,shelter_capacity,32,high,12.986921466381022,80.23154812666579
req-8114,boat,34,high,12.993249139598912,80.11710012647316
req-8115,shelter_capacity,48,low,12.900077832437916,80.15143933610663
req-8116,boat,17,low,13.05653700556916,80.19338603200363
req-8117,boat,8,critical,12.956029613593419,80.2401599216759
req-8118,shelter_capacity,40,high,13.000180690277656,80.11195346291446
req-8119,boat,36,medium,13.087493426980217,80.22243189098982
req-8120,shelter_capacity,39,medium,13.029241895299892,80.27245585289172
req-8121,volunteer,17,high,12.92825446330205,80.2350067384807
req-8122,volunteer,50,medium,12.996586032601922,80.10492559609165
req-8123,boat,28,medium,13.027179740473871,80.13644506620751
req-8124,boat,9,medium,13.000607284781319,80.12017428742037
req-8125,vehicle,20,high,13.010421638298302,80.2472460263405
req-8126,generator,11,critical,12.944874013352004,80.21440903174502
req-8127,volunteer,24,medium,12.946508079843435,80.14222205810465
req-8128,generator,17,medium,12.988419493848102,80.16109722007725
req-8129,boat,15,medium,12.99723363235618,80.25414164937762
req-8130,generator,22,medium,12.984942332731903,80.10468001791347
req-8131,medical_supply,39,medium,13.036610929116447,80.29549359776321
req-8132,volunteer,47,medium,13.01546442658143,80.2633719610312
req-8133,vehicle,25,low,12.931989748495532,80.18979691917032
req-8134,medical_supply,2,medium,13.032817702347797,80.11896816280564
req-8135,generator,13,medium,12.913098407088377,80.26362077708876
req-8136,boat,34,medium,12.951137155838204,80.20842397169623
req-8137,boat,14,medium,12.91036857513225,80.28850932010154
req-8138,generator,4,high,13.01638432897078,80.27416997948873
req-8139,volunteer,7,medium,13.034640978522795,80.18502507363283
req-8140,medical_supply,50,high,13.0167136346965,80.133709573499
req-8141,generator,35,medium,12.912165795901036,80.28710132780596
req-8142,shelter_capacity,50,high,13.024802136957836,80.29486374931997
req-8143,shelter_capacity,31,medium,13.092253598205184,80.21969030897101
req-8144,boat,6,low,12.980276789834138,80.29100857656526
req-8145,volunteer,3,high,12.933761773861887,80.26681317247596
req-8146,generator,2,medium,13.019584600029004,80.25520487352094
req-8147,volunteer,21,medium,13.09992076672318,80.11781491866034
req-8148,vehicle,42,low,13.083832733368997,80.2065047340182
req-8149,medical_supply,37,medium,12.943863220352272,80.12824960244929
req-8150,boat,31,medium,12.92521336670838,80.17300129581648
req-8151,shelter_capacity,22,high,12.94890934873336,80.1623694728278
req-8152,boat,31,low,12.975814524590357,80.10474170859274
req-8153,shelter_capacity,21,medium,13.021654971920777,80.29868015390359
req-8154,generator,20,critical,12.98313777384309,80.22956915269351
req-8155,volunteer,3,low,12.937413623749983,80.26067879581947
req-8156,vehicle,6,medium,13.075571038464302,80.27901011808657
req-8157,generator,15,medium,12.98626862853857,80.2224753240629
req-8158,generator,36,critical,12.982797804527296,80.16931287360163
req-8159,boat,23,medium,13.049478928595212,80.11341380818874
req-8160,shelter_capacity,20,high,12.91055201908225,80.1323386921926
req-8161,vehicle,1,critical,12.994278849566971,80.27036176247474
req-8162,shelter_capacity,17,high,13.032750532731432,80.11735772824568
req-8163,boat,49,medium,13.030180185718642,80.26186325395996
req-8164,volunteer,15,high,12.928892416744905,80.197031312881
req-8165,volunteer,12,critical,12.99746691287825,80.20636739619219
req-8166,shelter_capacity,16,low,12.907733858657073,80.10565298441432
req-8167,vehicle,12,critical,13.07994465472719,80.15706687539897
req-8168,shelter_capacity,22,medium,12.96507690544269,80.29157354521286
req-8169,boat,5,medium,13.055237693694629,80.16460039540536
req-8170,vehicle,41,medium,12.972039544298159,80.12148577190626
req-8171,vehicle,9,high,12.905402015362125,80.29764546783179
req-8172,medical_supply,33,high,13.074242806021497,80.22323725342184
req-8173,shelter_capacity,11,medium,13.070631062971788,80.1275568021342
req-8174,shelter_capacity,34,critical,12.933572009365987,80.24874301101029
req-8175,generator,22,medium,12.969030620101691,80.18480089406621
req-8176,vehicle,19,critical,13.075878812082355,80.12146732047434
req-8177,medical_supply,6,medium,12.97787997672078,80.2753881184792
req-8178,volunteer,48,medium,13.035986879201777,80.15985640163456
req-8179,shelter_capacity,14,high,12.947805734559118,80.28766566244268
req-8180,generator,49,medium,12.963055093652748,80.12335729730466
req-8181,generator,11,medium,12.92297862611598,80.27033595230375
req-8182,shelter_capacity,17,medium,13.047758687920112,80.10334147689842
req-8183,vehicle,17,medium,12.949497417022323,80.11936653262872
req-8184,medical_supply,27,medium,12.96482432205679,80.15792392348868
req-8185,volunteer,43,medium,12.950245308028224,80.15153609209467
req-8186,generator,25,medium,12.955511264834223,80.13682035049244
req-8187,boat,49,high,13.054184494347842,80.24637860779343
req-8188,vehicle,27,high,13.062719726486726,80.12513692720523
req-8189,generator,8,high,13.017403325676977,80.18327573493904
req-8190,medical_supply,23,medium,12.978349456752069,80.1291223954112
req-8191,vehicle,4,low,13.08181350745217,80.28234099640329
req-8192,shelter_capacity,44,medium,12.955985398410979,80.13482230147193
req-8193,vehicle,42,high,12.952046113828995,80.26813971610603
req-8194,boat,13,high,13.096708571730618,80.15361643676265
req-8195,boat,22,medium,13.043331151837128,80.15138644729963
req-8196,volunteer,3,critical,13.054950207531313,80.13992884997955
req-8197,generator,48,medium,13.01249390748236,80.14040076961767
req-8198,vehicle,46,medium,12.929442313999418,80.22904244808406
req-8199,shelter_capacity,6,medium,12.975716567029304,80.16739113337927
req-8200,generator,8,low,12.951599678307907,80.23807918373912
req-8201,medical_supply,6,critical,12.994839312057456,80.17701763939405
req-8202,medical_supply,40,high,13.010978317460665,80.27908926461326
req-8203,vehicle,22,medium,12.943135045432596,80.24340607565442
req-8204,boat,41,medium,13.019346354263966,80.15504411798237
req-8205,volunteer,21,critical,12.99351758488529,80.2909343399242
req-8206,boat,49,medium,12.926376091042508,80.177054772358
req-8207,volunteer,16,medium,13.09257693389733,80.18704759884326
req-8208,generator,21,medium,12.942242947257318,80.20726466389844
req-8209,shelter_capacity,18,low,12.970172004983318,80.15493128145145
req-8210,boat,20,medium,12.995019644154361,80.18226745145422
req-8211,medical_supply,20,medium,13.004405049362475,80.2622818497413
req-8212,medical_supply,1,medium,12.978376355241226,80.15200429524194
req-8213,shelter_capacity,34,medium,12.97582627275268,80.16331841947331
req-8214,volunteer,14,medium,12.983261981250555,80.1240374654064
req-8215,vehicle,7,critical,12.912447832948256,80.24479164265902
req-8216,generator,42,low,13.01997620063676,80.25465493125647
req-8217,medical_supply,48,high,13.010259542407848,80.25502785900024
req-8218,vehicle,2,critical,13.088854671359899,80.22890915024594
req-8219,boat,4,low,12.957983038699613,80.16761785173529
req-8220,medical_supply,16,medium,13.012793073503234,80.21001709080461
req-8221,generator,27,medium,13.032228963082423,80.14691308688712
req-8222,volunteer,16,high,13.043508062719626,80.28579076104047
req-8223,boat,42,medium,13.015096650812724,80.15901299320441
req-8224,boat,17,medium,12.919662806621918,80.2408638572357
req-8225,boat,43,medium,13.033355889180188,80.11792613335487
req-8226,boat,20,low,12.947327301255967,80.14716073450569
req-8227,medical_supply,43,medium,12.993135724236545,80.2770285772125
req-8228,volunteer,24,medium,12.966760394410063,80.21957059493741
req-8229,shelter_capacity,30,critical,12.913667146499762,80.19359265131264
req-8230,volunteer,1,critical,12.99503120218421,80.18665268187337
req-8231,boat,47,medium,12.929425343798512,80.15748713496664
req-8232,generator,47,low,12.99690959873619,80.21683317458904
req-8233,shelter_capacity,14,low,13.090989697479111,80.26606330205442
req-8234,generator,33,medium,13.092950377219665,80.16400419439093
req-8235,medical_supply,49,medium,12.978510436975924,80.23886765964443
req-8236,generator,2,low,12.937939727948875,80.13498722524828
req-8237,generator,35,critical,13.039716228017276,80.15867580347702
req-8238,volunteer,50,low,12.9746247414262,80.1133900558041
req-8239,shelter_capacity,6,low,13.047685736384606,80.26237821994427
req-8240,volunteer,9,critical,12.918495099630608,80.25211844482375
req-8241,generator,22,low,13.026419020221669,80.19533159927833
req-8242,generator,23,medium,13.021813175169402,80.18153381021321
req-8243,medical_supply,44,medium,13.098929028480892,80.200704846506
req-8244,medical_supply,17,medium,12.993548944527051,80.23098803160335
req-8245,volunteer,48,high,12.93985221060794,80.26663687187614
req-8246,generator,3,medium,12.952158322115094,80.17358597985125
req-8247,vehicle,31,medium,13.03557663312842,80.14704515025174
req-8248,boat,35,high,13.021039662474701,80.29286655070597
req-8249,boat,23,high,12.96561286039464,80.19566488519051
req-8250,vehicle,4,medium,12.937555317894192,80.25056445001586
req-8251,vehicle,27,critical,13.058713928692987,80.11863924295251
req-8252,vehicle,16,medium,13.09475067028515,80.18640349383746
req-8253,volunteer,9,critical,13.001302604454612,80.23716384676085
req-8254,generator,24,high,12.996796438817839,80.13693904595274
req-8255,boat,37,critical,13.096930807926297,80.18915582371696
req-8256,shelter_capacity,40,low,12.942136404204609,80.21821819518527
req-8257,shelter_capacity,16,high,12.910528843914259,80.13114517224736
req-8258,shelter_capacity,6,medium,12.901290080127842,80.21259510204669
req-8259,boat,40,medium,13.050210791834585,80.20564864616193
req-8260,boat,43,medium,13.087080296667425,80.20074965286032
req-8261,medical_supply,39,medium,12.935327855240642,80.11947685234198
req-8262,volunteer,28,medium,12.913105776436408,80.19004014114746
req-8263,volunteer,31,medium,13.04411606104186,80.17794999226872
req-8264,shelter_capacity,44,high,12.996653855294705,80.21168890565956
req-8265,medical_supply,19,high,12.981611958928855,80.10900538828513
req-8266,volunteer,23,low,13.070879056496361,80.10102240626692
req-8267,generator,31,medium,12.913458519858203,80.27231172001503
req-8268,boat,25,low,13.093896841816724,80.13881004364303
req-8269,shelter_capacity,4,critical,13.043557678236557,80.29931653576766
req-8270,shelter_capacity,49,critical,13.052058400984748,80.17914974120664
req-8271,volunteer,2,medium,12.923302497096554,80.13112054121187
req-8272,medical_supply,30,medium,12.900190970113155,80.16241546486486
req-8273,boat,47,high,12.916674865700791,80.26281695862713
req-8274,vehicle,48,medium,13.098634093087043,80.1152288206819
req-8275,medical_supply,50,high,13.028041663517493,80.20109235033603
req-8276,boat,47,medium,13.053805482844274,80.29106300360272
req-8277,boat,26,medium,13.087576758948558,80.24331490923296
req-8278,medical_supply,43,high,13.06217013739419,80.29368078584908
req-8279,volunteer,28,low,12.917715930503897,80.22936476825731
req-8280,shelter_capacity,30,high,13.085669378741123,80.25896462298094
req-8281,volunteer,44,medium,12.988320713458318,80.15981753005318
req-8282,shelter_capacity,10,medium,13.085885595638587,80.13743044392355
req-8283,volunteer,28,medium,12.934742395368001,80.26281395694328
req-8284,shelter_capacity,34,medium,12.996880476214159,80.28165038245967
req-8285,generator,19,medium,13.06060288097755,80.2756838387111
req-8286,volunteer,24,low,13.026152169799452,80.12639242680203
req-8287,generator,48,medium,12.901074563217742,80.248437465599
req-8288,generator,9,low,13.030593596633762,80.29824685939168
req-8289,medical_supply,13,high,12.973903318760495,80.14894721013079
req-8290,generator,25,low,13.022127152007604,80.16947053692682
req-8291,vehicle,1,medium,13.075781600157814,80.1818961231879
req-8292,boat,16,high,12.951855423300486,80.21645073988952
req-8293,generator,8,low,12.98530181570851,80.13440112941313
req-8294,volunteer,23,medium,13.080728054800508,80.1615722702195
req-8295,shelter_capacity,5,high,12.951294240975912,80.15953158001481
req-8296,shelter_capacity,4,medium,13.096782982219317,80.15082085570286
req-8297,volunteer,11,medium,13.017087037040536,80.26744126670336
req-8298,boat,32,high,12.921703428132096,80.11571788979232
req-8299,boat,7,medium,13.049760645828304,80.27026905934166
req-8300,boat,35,medium,12.940747489547794,80.18535852298378
req-8301,vehicle,42,critical,13.06458969012682,80.13945651498621
req-8302,vehicle,1,low,13.000480003638081,80.15866826335468
req-8303,shelter_capacity,30,critical,12.987603104601405,80.17569628559616
req-8304,medical_supply,7,critical,12.990677674055181,80.15082026870871
req-8305,medical_supply,27,low,12.938838386594524,80.27508387576442
req-8306,boat,46,medium,12.919799800397291,80.15686324638665
req-8307,vehicle,36,low,12.920399726622467,80.10811625003355
req-8308,shelter_capacity,35,high,13.071825511041224,80.12391661205233
req-8309,volunteer,23,low,12.997316887321544,80.10329377555921
req-8310,generator,37,medium,12.965523424279196,80.19983214763141
req-8311,generator,32,low,12.902343531752244,80.20678349050368
req-8312,volunteer,12,high,13.037387757125085,80.26035879178913
req-8313,medical_supply,38,medium,12.900316750121554,80.2528651584705
req-8314,medical_supply,41,medium,12.994219245959396,80.19958481639918
req-8315,vehicle,8,high,12.997164018236145,80.27947342841401
req-8316,boat,31,medium,13.015695780888642,80.15368121596782
req-8317,vehicle,4,low,13.098654325405693,80.14910101994128
req-8318,boat,6,high,13.069142164475762,80.20649112335332
req-8319,medical_supply,10,medium,13.028188073738567,80.29983258428207
req-8320,volunteer,21,high,13.052059265828454,80.14963461816343
req-8321,volunteer,28,medium,13.043064945011116,80.25846721435249
req-8322,boat,12,medium,12.972671293441163,80.17583590608832
req-8323,medical_supply,23,medium,13.054060970488283,80.24034033269811
req-8324,vehicle,47,medium,13.053396236575288,80.11146296619242
req-8325,volunteer,18,medium,12.914979585633862,80.28242820552977
req-8326,medical_supply,20,low,12.92060659173271,80.21799249028841
req-8327,generator,8,low,13.003289173592579,80.10047412859598
req-8328,volunteer,23,medium,13.070681584219733,80.20564405820613
req-8329,vehicle,10,medium,12.909980413062105,80.14802806607787
req-8330,boat,17,medium,12.91443435257538,80.192097907985
req-8331,generator,34,medium,12.953419847080012,80.25920325993897
req-8332,boat,41,medium,13.06350050976857,80.2148972307952
req-8333,generator,35,medium,13.079161079429698,80.11159339712158
req-8334,volunteer,21,medium,13.003504428950144,80.12253642195887
req-8335,shelter_capacity,3,high,13.082516755200627,80.2497781466557
req-8336,generator,37,medium,13.080882593141864,80.18000834524776
req-8337,boat,49,low,12.917987152378268,80.23944483435385
req-8338,boat,4,high,13.0830805322267,80.21775313864383
req-8339,generator,35,medium,12.92445357750294,80.19670791869994
req-8340,volunteer,3,high,12.901762557460625,80.12986849370077
req-8341,generator,2,medium,12.992606562774927,80.2466049876999
req-8342,generator,46,medium,12.955352475861726,80.18353244434253
req-8343,boat,47,medium,12.913969172004261,80.26595472247959
req-8344,shelter_capacity,36,low,12.912707300820825,80.18876243599213
req-8345,shelter_capacity,7,medium,13.041848282243635,80.13656186175531
req-8346,vehicle,34,medium,12.995700423348394,80.28524802502592
req-8347,generator,47,medium,13.050988242436471,80.23784173096914
req-8348,shelter_capacity,44,medium,13.048336093433164,80.15358025990828
req-8349,boat,2,medium,12.99796504051535,80.26060409610844
req-8350,vehicle,21,high,12.973224669450877,80.2583472341898
req-8351,medical_supply,12,high,12.922742508211021,80.26313845887151
req-8352,medical_supply,25,medium,12.9260166271837,80.20821907271866
req-8353,shelter_capacity,32,high,13.006056660812401,80.18373125817853
req-8354,generator,28,medium,13.002719762963094,80.18406394557735
req-8355,medical_supply,21,medium,13.032292712496467,80.23943148233015
req-8356,volunteer,22,high,13.054568432343974,80.18988102348811
req-8357,generator,2,medium,13.098090020095247,80.2323714911405
req-8358,vehicle,11,medium,12.996659763109964,80.18070171905144
req-8359,medical_supply,21,high,12.97966151336192,80.11067785970543
req-8360,generator,10,low,13.05588480462549,80.25299468727611
req-8361,shelter_capacity,14,high,12.97025990076907,80.2283066480013
req-8362,medical_supply,9,low,13.043602203702784,80.15301570678608
req-8363,shelter_capacity,27,low,13.03328338618194,80.16727821275333
req-8364,volunteer,44,low,12.963100477200065,80.23324949764257
req-8365,medical_supply,13,medium,12.941155328375924,80.1688079454862
req-8366,medical_supply,11,high,13.001079172417915,80.14430880658163
req-8367,generator,43,medium,13.017886734398033,80.27605815129301
req-8368,shelter_capacity,3,low,12.913205604860606,80.25315664279158
req-8369,volunteer,28,medium,12.947016816499836,80.18179676801537
req-8370,generator,39,high,13.022475898366562,80.28238117914391
req-8371,boat,32,medium,12.960505763302642,80.23958405482506
req-8372,boat,46,low,12.989723702717502,80.29273853633961
req-8373,boat,10,low,13.097145356914401,80.20524428644093
req-8374,shelter_capacity,17,medium,13.063298242073655,80.2017525799664
req-8375,boat,47,high,13.07549779458498,80.18849314992265
req-8376,volunteer,48,medium,12.91677211400982,80.21326055014447
req-8377,shelter_capacity,47,medium,13.09569928172153,80.19568592679906
req-8378,generator,6,low,12.960968298101177,80.23075390862545
req-8379,generator,6,medium,12.964927364608938,80.11536720619858
req-8380,vehicle,24,medium,13.027268240991331,80.19891603822464
req-8381,boat,23,medium,13.013239196484589,80.12015597395896
req-8382,vehicle,26,low,13.061336695716639,80.20052657230887
req-8383,generator,27,medium,13.049292522145777,80.23424322033418
req-8384,vehicle,7,medium,13.024145678266407,80.11072723012873
req-8385,boat,42,low,12.912954903996853,80.14621593580853
req-8386,vehicle,1,high,12.985184236504951,80.1142797360099
req-8387,medical_supply,8,medium,12.986215103713196,80.25408246814416
req-8388,medical_supply,38,low,13.00780879545884,80.143499542844
req-8389,boat,41,medium,12.942288734595046,80.1996960521503
req-8390,shelter_capacity,22,high,13.04339281549989,80.27030922655528
req-8391,vehicle,18,low,12.978364341695757,80.21723653154802
req-8392,boat,12,medium,12.9495849795096,80.11725521364546
req-8393,boat,22,high,12.991154539503183,80.2869070488102
req-8394,volunteer,21,high,13.065895115127788,80.1406077350813
req-8395,shelter_capacity,31,low,12.962466044198353,80.1399412953781
req-8396,medical_supply,14,high,13.074655372670268,80.22474190158901
req-8397,boat,10,medium,13.090147417236235,80.20383471450837
req-8398,shelter_capacity,41,high,13.092304226065641,80.23489579316866
req-8399,generator,2,medium,13.040175398224045,80.25354576217666
req-8400,vehicle,17,low,12.96870239450862,80.21257233281948
req-8401,shelter_capacity,35,high,13.096194556322574,80.20529445612958
req-8402,generator,45,high,12.93059611698309,80.16533141555516
req-8403,vehicle,1,low,13.085140531681398,80.2447850742786
req-8404,shelter_capacity,4,high,12.921037235278789,80.13091718214007
req-8405,shelter_capacity,9,high,13.04144841490082,80.15736922996015
req-8406,generator,5,high,13.006079743474878,80.12517573525136
req-8407,generator,40,low,12.928807528432726,80.1532833517181
req-8408,generator,5,high,13.06573417546678,80.19496896091542
req-8409,shelter_capacity,25,high,12.937970262368028,80.23476427496041
req-8410,medical_supply,29,high,12.935868831407728,80.14119465001218
req-8411,vehicle,23,medium,13.05053628072996,80.18880799802365
req-8412,medical_supply,36,medium,13.016564754694246,80.2130064927178
req-8413,vehicle,14,high,13.003246814816203,80.23534688147247
req-8414,boat,30,high,13.050327163368037,80.281167877561
req-8415,boat,38,high,12.90191901524816,80.1283692531916
req-8416,medical_supply,28,high,13.08199938563054,80.10650078764272
req-8417,volunteer,44,medium,12.92139185797333,80.11827843408592
req-8418,shelter_capacity,46,medium,12.950439327365753,80.19625429964057
req-8419,medical_supply,25,low,12.913394664603086,80.20285232842687
req-8420,boat,30,critical,13.023592810721677,80.10725200784856
req-8421,shelter_capacity,46,medium,12.950777390313956,80.27882292097138
req-8422,boat,38,medium,12.992277190009926,80.10093075044844
req-8423,volunteer,29,low,13.032613659852263,80.17244458896177
req-8424,shelter_capacity,22,medium,12.997193880412574,80.17537356719856
req-8425,boat,21,low,12.935333637149292,80.16806672482961
req-8426,boat,36,medium,13.056164009992118,80.29866331868288
req-8427,shelter_capacity,4,critical,13.044861660800276,80.23634548335464
req-8428,medical_supply,35,low,12.959667314771814,80.21392751644167
req-8429,vehicle,17,critical,12.986930084752034,80.12880438256582
req-8430,shelter_capacity,29,medium,12.985448923576056,80.28102130978698
req-8431,boat,1,critical,12.934246153666294,80.2974717841289
req-8432,vehicle,21,low,12.945335646762256,80.26251967073698
req-8433,medical_supply,26,high,13.098655317678888,80.26653922192695
req-8434,shelter_capacity,16,medium,12.932048553102355,80.17921574749164
req-8435,medical_supply,7,critical,12.984113550511125,80.19139397943019
req-8436,boat,4,high,12.999900146361774,80.24725013949964
req-8437,generator,36,medium,12.90706949673397,80.15996675473028
req-8438,boat,47,high,12.9697733861228,80.29021334929494
req-8439,shelter_capacity,45,high,13.082463220686133,80.29271976151173
req-8440,shelter_capacity,32,medium,12.935857208872047,80.12907621968377
req-8441,vehicle,5,critical,13.054312992093461,80.1945864179313
req-8442,vehicle,27,medium,13.069542778466877,80.11249119446302
req-8443,boat,39,low,12.996164761814603,80.23723517281073
req-8444,generator,9,high,12.946228990432402,80.11096573138525
req-8445,generator,15,high,13.08959511701444,80.26970208651757
req-8446,medical_supply,24,medium,13.049288090010839,80.14155112433107
req-8447,generator,49,medium,12.922425337224439,80.1393424671565
req-8448,volunteer,40,low,12.94229151436414,80.19401947021241
req-8449,generator,5,medium,12.980420005578477,80.1611291027691
req-8450,vehicle,40,medium,13.022417911623828,80.13454265725092
req-8451,shelter_capacity,13,medium,12.978581175232938,80.25028789180627
req-8452,vehicle,49,high,12.928956827128724,80.29782668267858
req-8453,shelter_capacity,13,medium,12.924724690417703,80.18003250747144
req-8454,generator,1,low,13.036379060773484,80.19590830756019
req-8455,volunteer,42,critical,13.066276364128614,80.13370461176498
req-8456,medical_supply,39,low,12.904881383604543,80.15624601517798
req-8457,shelter_capacity,32,medium,12.9066234999293,80.22044854527655
req-8458,shelter_capacity,1,medium,12.923239305755278,80.13913902193107
req-8459,generator,42,critical,13.033048962965228,80.14673368261158
req-8460,generator,6,high,13.090483510798808,80.13758968812866
req-8461,generator,37,low,13.090871772790724,80.13551561113006
req-8462,medical_supply,1,medium,13.071282783823248,80.26365613838378
req-8463,boat,1,medium,12.995578702373018,80.16038920282482
req-8464,medical_supply,44,medium,12.946938685757235,80.10177049720923
req-8465,medical_supply,19,medium,12.992834093807257,80.21987477324801
req-8466,volunteer,28,high,12.972983107204552,80.28047849890716
req-8467,vehicle,32,low,13.042156967126415,80.23226598345296
req-8468,shelter_capacity,31,medium,13.042925416051846,80.18061426908267
req-8469,volunteer,32,medium,12.964985882543221,80.17248166914082
req-8470,boat,28,medium,13.044319572431725,80.11255986702167
req-8471,medical_supply,32,medium,13.09276512569945,80.14456287061542
req-8472,vehicle,7,medium,13.011108912402591,80.11542030789525
req-8473,shelter_capacity,31,medium,13.082627897085967,80.25382948994059
req-8474,vehicle,36,low,12.97161563689979,80.26557731362207
req-8475,vehicle,34,low,13.000273269287256,80.22410642137041
req-8476,vehicle,38,medium,12.962221775030223,80.1822627003924
req-8477,generator,32,medium,12.929308502097712,80.13452643332796
req-8478,boat,36,high,13.012485593814263,80.24897020960788
req-8479,volunteer,4,low,13.056546249072593,80.17803785395948
req-8480,vehicle,12,high,13.084310053429702,80.29738999968299
req-8481,shelter_capacity,4,medium,13.022771672719525,80.25987601792451
req-8482,boat,34,low,12.958318390316895,80.17167450252128
req-8483,vehicle,22,medium,13.0226079960535,80.11269343019144
req-8484,shelter_capacity,44,medium,13.09285941182117,80.2140376134313
req-8485,boat,5,low,13.015849112917621,80.11562315515178
req-8486,boat,33,medium,13.022796875737063,80.27511405190864
req-8487,medical_supply,34,medium,13.05550076285672,80.13255262038103
req-8488,boat,50,high,12.970855364815533,80.16091559959564
req-8489,volunteer,38,medium,12.989981635392796,80.22532711290802
req-8490,boat,35,high,13.026401847118041,80.11476026964455
req-8491,generator,32,critical,13.098501018285829,80.12441013965712
req-8492,volunteer,19,medium,12.961140194410506,80.22468703969636
req-8493,shelter_capacity,49,medium,13.03560075987939,80.21204554718517
req-8494,vehicle,38,low,12.967261842769624,80.12274015819962
req-8495,vehicle,27,medium,13.020216351377487,80.10843390788364
req-8496,volunteer,42,medium,12.948447253077681,80.11905513050186
req-8497,medical_supply,7,medium,12.984736055704774,80.26303677259219
req-8498,shelter_capacity,13,medium,13.053602381684676,80.19936792619336
req-8499,shelter_capacity,10,low,13.019044007361401,80.21810502446239
req-8500,generator,7,high,13.024567221930116,80.16645003961622
req-8501,boat,20,medium,13.022339455238336,80.18923246736935
req-8502,medical_supply,1,high,12.970546712534714,80.10631962040763
req-8503,volunteer,7,medium,13.080654300547804,80.14107033454358
req-8504,medical_supply,12,medium,13.027031415929635,80.1674961870444
req-8505,shelter_capacity,20,medium,13.027791251635996,80.13692311051635
req-8506,vehicle,45,medium,13.041640646388187,80.21579385073896
req-8507,generator,30,medium,13.08719468981756,80.11025262398178
req-8508,volunteer,46,medium,12.977469821832178,80.26475373776194
req-8509,medical_supply,12,low,12.950157699494394,80.24337054443434
req-8510,volunteer,22,low,13.04647955695078,80.26451546177816
req-8511,shelter_capacity,12,medium,13.075232830425827,80.17514286273287
req-8512,shelter_capacity,41,low,13.027103146545713,80.27789998519411
req-8513,shelter_capacity,48,medium,13.06436841444926,80.17167299835887
req-8514,generator,46,medium,12.971719421247348,80.1886288452728
req-8515,volunteer,41,low,13.00331727949867,80.24204237392976
req-8516,shelter_capacity,22,medium,12.956486599253315,80.21572714283128
req-8517,shelter_capacity,5,medium,13.060066794794189,80.28319815098165
req-8518,generator,33,critical,12.92624538888152,80.12038874795829
req-8519,medical_supply,40,low,13.026129852916208,80.14960507237505
req-8520,boat,49,critical,12.926287927753235,80.18328104506121
req-8521,vehicle,40,medium,12.937290453383016,80.23747976736732
req-8522,boat,3,high,12.93269445964006,80.27806092421704
req-8523,medical_supply,37,medium,12.908550011487524,80.21058907267947
req-8524,volunteer,33,medium,13.025686092887574,80.21259651631362
req-8525,volunteer,11,high,12.972058454289108,80.2004635015367
req-8526,shelter_capacity,43,medium,12.989693141322313,80.15621169188093
req-8527,generator,26,high,13.016380205467476,80.10465322021247
req-8528,medical_supply,1,medium,13.015997418341332,80.11258282864144
req-8529,medical_supply,15,low,13.015616877484005,80.21063098578422
req-8530,generator,27,high,13.049534458954087,80.26977338330384
req-8531,generator,37,high,13.020835636648638,80.19796316361672
req-8532,vehicle,15,medium,13.074853872878338,80.15045724318986
req-8533,volunteer,8,critical,13.025104863563802,80.15802274525518
req-8534,medical_supply,36,medium,13.024722912940863,80.16114969308141
req-8535,volunteer,33,high,12.999243229648837,80.22981226428011
req-8536,vehicle,23,low,13.054623069066494,80.29169797435961
req-8537,vehicle,17,high,12.93744305264415,80.15156740854015
req-8538,generator,39,medium,12.922275373039664,80.12947366753251
req-8539,medical_supply,38,high,12.994629933898683,80.16102075204259
req-8540,medical_supply,12,low,13.028807742312969,80.2622982398014
req-8541,shelter_capacity,32,medium,12.949068579682569,80.27272255955735
req-8542,volunteer,42,medium,13.002731419379295,80.1919957818425
req-8543,boat,27,critical,13.072344119960468,80.27335270035599
req-8544,medical_supply,21,medium,12.956537383985381,80.2612370555002
req-8545,medical_supply,31,high,12.998609572812022,80.26260986765217
req-8546,vehicle,40,medium,13.006509036816421,80.15230724880733
req-8547,vehicle,18,high,12.977206292512545,80.29366043878183
req-8548,vehicle,38,medium,12.929403866188318,80.19853770397486
req-8549,boat,22,medium,13.012149532556126,80.16759926518087
req-8550,medical_supply,47,medium,13.024532417049022,80.25891140072666
req-8551,volunteer,6,high,13.00990554549838,80.1094254211194
req-8552,vehicle,42,medium,12.945446635501954,80.14146635119918
req-8553,volunteer,45,high,13.062217970710709,80.21352629680104
req-8554,shelter_capacity,15,low,12.918711279373994,80.23013499768601
req-8555,boat,14,medium,12.940464225901612,80.2600033824824
req-8556,vehicle,43,medium,13.044499265618523,80.14153743417491
req-8557,medical_supply,2,critical,13.056873379874963,80.10709820582692
req-8558,shelter_capacity,38,low,13.095412692314897,80.18897204842226
req-8559,shelter_capacity,34,critical,13.0769068192766,80.11877732023332
req-8560,generator,37,high,13.063338633232167,80.28087958887662
req-8561,boat,37,medium,13.093090536156533,80.14066532555194
req-8562,medical_supply,18,high,12.93383398227708,80.11779135306719
req-8563,medical_supply,41,critical,12.97130738246796,80.1957734242167
req-8564,medical_supply,4,medium,12.96910105674707,80.12882872771242
req-8565,medical_supply,12,low,13.0594837382687,80.10947079755577
req-8566,shelter_capacity,43,medium,13.00754989447099,80.24356407334467
req-8567,boat,13,low,13.045072610144398,80.24634477129806
req-8568,boat,35,medium,13.08419403884743,80.2009256917927
req-8569,generator,24,medium,12.922848694519594,80.12452759629947
req-8570,generator,22,critical,12.93703495430368,80.12973656941153
req-8571,volunteer,2,critical,13.077966014473011,80.24884906263848
req-8572,vehicle,20,medium,12.982515361078807,80.2249812270057
req-8573,volunteer,7,high,13.038327723236922,80.1305597111869
req-8574,generator,5,medium,12.945947810720584,80.22266317575294
req-8575,shelter_capacity,14,medium,13.095530264486031,80.27517658916902
req-8576,vehicle,19,low,13.020624473370727,80.15790713986131
req-8577,medical_supply,44,high,12.975166132952289,80.24094536381904
req-8578,vehicle,31,medium,12.932608109410618,80.18098548565618
req-8579,volunteer,3,medium,13.077711923837338,80.29202897018448
req-8580,medical_supply,40,low,12.99754231351472,80.12108217565233
req-8581,boat,30,medium,12.991409105425356,80.19856519068354
req-8582,generator,43,medium,13.044927157742935,80.18598731346603
req-8583,boat,47,medium,13.05154021804808,80.23232784111933
req-8584,volunteer,19,low,13.093731515796769,80.16319054597189
req-8585,medical_supply,17,low,12.956234050140289,80.1335221411593
req-8586,medical_supply,34,medium,12.983639792863988,80.10499049004001
req-8587,boat,43,medium,12.941782851251402,80.20162757682763
req-8588,medical_supply,45,medium,12.997986743892605,80.27593355284277
req-8589,medical_supply,40,high,13.070033119435823,80.21215818863145
req-8590,vehicle,41,medium,13.067902769866418,80.24094706456096
req-8591,volunteer,20,medium,13.069035003589606,80.2841590515727
req-8592,shelter_capacity,28,medium,13.006030971397513,80.14099523855899
req-8593,generator,3,low,13.026076198232465,80.21841421467524
req-8594,shelter_capacity,45,medium,12.90913263887608,80.24026213467971
req-8595,medical_supply,8,medium,12.903508997786467,80.17691883862015
req-8596,volunteer,18,medium,13.036104763497127,80.25112419024701
req-8597,medical_supply,38,low,13.0911996857376,80.2661411287519
req-8598,generator,14,medium,13.006846410575223,80.2165095122337
req-8599,boat,2,critical,12.970195809285427,80.13424502633198
req-8600,generator,30,medium,13.05756489864711,80.16429455664031
req-8601,vehicle,42,low,13.03703909334236,80.27362242149606
req-8602,vehicle,46,medium,13.00959014617186,80.27697081082962
req-8603,generator,17,medium,13.036258289274754,80.15157634402533
req-8604,vehicle,3,low,13.077858701924416,80.1327305980754
req-8605,medical_supply,9,medium,12.957941744231434,80.26276237533203
req-8606,vehicle,2,medium,13.037521332700443,80.23032258008938
req-8607,volunteer,34,medium,12.934936102937485,80.1353567626849
req-8608,medical_supply,34,high,13.011112662890461,80.27516162043905
req-8609,medical_supply,3,low,12.974774217364574,80.18916235770482
req-8610,volunteer,17,high,13.025928018770761,80.19477921031744
req-8611,boat,26,medium,13.07092079944256,80.20233254785752
req-8612,generator,25,high,12.973816575259129,80.20570967896738
req-8613,shelter_capacity,44,low,12.999654197963462,80.27827787571381
req-8614,boat,23,high,12.928813758843168,80.28937708459304
req-8615,vehicle,13,medium,13.090798121004044,80.16758243672032
req-8616,vehicle,2,critical,12.97430854443914,80.25226476636763
req-8617,boat,17,low,12.904478390487021,80.15609268322247
req-8618,volunteer,4,low,12.980280689000907,80.10783669392298
req-8619,generator,21,high,13.055715085866508,80.2146466700399
req-8620,medical_supply,38,medium,13.084110748005205,80.14109272617016
req-8621,generator,24,medium,13.017268261853829,80.1763971179408
req-8622,boat,29,medium,13.006885278272845,80.22251646099559
req-8623,vehicle,45,medium,12.964095156524182,80.29319463778145
req-8624,vehicle,38,medium,13.090297531186797,80.14607997616554
req-8625,vehicle,27,medium,13.062838488312057,80.19055804056612
req-8626,boat,38,medium,13.051853943824458,80.1615674447448
req-8627,generator,22,medium,13.085232407186378,80.14588019008116
req-8628,volunteer,43,medium,12.983755935838838,80.17938164729529
req-8629,vehicle,47,medium,12.929698763417631,80.25919393393761
req-8630,vehicle,9,medium,13.024496983357276,80.21154829982369
req-8631,volunteer,46,medium,13.07353418491105,80.10240837107284
req-8632,shelter_capacity,27,high,13.006071047507081,80.170076611421
req-8633,vehicle,41,medium,12.958328194500716,80.2729794294202
req-8634,boat,26,medium,13.01708703064688,80.1988579963854
req-8635,boat,27,high,12.943927058488173,80.19940839198931
req-8636,generator,44,low,12.9681314715253,80.14409085499024
req-8637,volunteer,8,high,13.042047213853186,80.2180962864458
req-8638,medical_supply,41,low,13.072132817490171,80.1527063472347
req-8639,shelter_capacity,28,low,13.04384361196635,80.21116119581814
req-8640,generator,21,medium,13.082624938127298,80.13072377334747
req-8641,generator,18,low,13.081298857451335,80.14807509312367
req-8642,vehicle,38,high,13.058782026702056,80.12050288893235
req-8643,medical_supply,46,medium,12.901941467903033,80.24645118055771
req-8644,generator,16,low,13.023420046073202,80.240764259654
req-8645,shelter_capacity,1,high,12.943831344779685,80.26479354969591
req-8646,boat,4,low,12.968431547469095,80.20949211066393
req-8647,vehicle,28,medium,12.903939161494083,80.23363495850408
req-8648,boat,49,high,13.029551687231054,80.16458572009734
req-8649,generator,49,medium,12.975091157556964,80.1089200600569
req-8650,volunteer,11,high,12.99534837604399,80.20883567103196
req-8651,shelter_capacity,36,medium,13.03379745446869,80.2622916474288
req-8652,shelter_capacity,3,medium,13.06721391684715,80.11478880141745
req-8653,shelter_capacity,4,medium,12.98446269703403,80.14481009447778
req-8654,vehicle,36,high,13.087523241074637,80.24906747843139
req-8655,vehicle,22,medium,13.05862636811419,80.12556956375334
req-8656,generator,5,medium,12.93705201391031,80.15582905974804
req-8657,vehicle,33,low,12.92237240082526,80.13030959344502
req-8658,shelter_capacity,23,medium,13.006004616337046,80.18647784467242
req-8659,medical_supply,50,medium,13.084642569587041,80.18863759347532
req-8660,volunteer,45,medium,13.055087044440898,80.19223304076962
req-8661,volunteer,45,medium,13.06334703679558,80.23100035256861
req-8662,medical_supply,30,medium,13.068267210974204,80.16673481176745
req-8663,volunteer,27,low,13.069369648182038,80.18244738896439
req-8664,boat,6,high,13.081063045320581,80.20649998436856
req-8665,vehicle,41,high,12.97550968014,80.21818887348645
req-8666,boat,25,medium,13.080299426384466,80.1826844587928
req-8667,volunteer,42,low,12.953604281535698,80.29539528945459
req-8668,shelter_capacity,32,high,13.044115342752345,80.29298579161662
req-8669,boat,20,high,13.04283705486595,80.20354227194261
req-8670,shelter_capacity,3,high,12.949251315547105,80.11161143270324
req-8671,volunteer,2,low,12.917777987990966,80.14894865117203
req-8672,medical_supply,37,medium,13.069594528341447,80.13331556675188
req-8673,volunteer,49,medium,13.048284825445988,80.12792903963863
req-8674,medical_supply,41,low,13.002579032605823,80.15309881209623
req-8675,generator,10,medium,12.933569192626905,80.20139314967933
req-8676,vehicle,10,critical,13.095973599838857,80.23997510765652
req-8677,vehicle,16,low,13.059051224268378,80.18786178924034
req-8678,vehicle,3,medium,12.913800857366,80.12929125259531
req-8679,shelter_capacity,12,high,12.965664251248498,80.19585782818304
req-8680,shelter_capacity,17,high,12.955644696640674,80.24372808788087
req-8681,shelter_capacity,35,high,12.988539396177064,80.13727697847646
req-8682,generator,25,high,12.981088585339386,80.18932742293799
req-8683,vehicle,43,low,12.917934809358872,80.22580967103767
req-8684,generator,40,medium,13.0264668456618,80.19410671834434
req-8685,medical_supply,42,medium,12.947717650927862,80.26033122827477
req-8686,volunteer,1,medium,13.046169722425716,80.27079303616219
req-8687,volunteer,15,medium,12.945854493995775,80.19782681717491
req-8688,generator,11,critical,12.941337362559283,80.25184655722491
req-8689,shelter_capacity,35,high,12.974435573921507,80.17555663047983
req-8690,boat,15,critical,12.937611914349189,80.10480319814839
req-8691,medical_supply,5,critical,13.04413501337771,80.10523305061923
req-8692,generator,45,medium,13.071209834785998,80.28336876601618
req-8693,medical_supply,38,medium,13.09885177388742,80.11300539293808
req-8694,vehicle,17,medium,12.929566393129798,80.13886279593828
req-8695,boat,31,low,12.961443753595749,80.14373547862547
req-8696,boat,21,low,13.072926997234493,80.26969376823507
req-8697,boat,1,high,12.947980399699615,80.10797467817764
req-8698,vehicle,12,medium,13.04661980631197,80.12886768668456
req-8699,generator,45,low,12.961361826030606,80.13491225560513
req-8700,generator,18,low,12.97726157785652,80.12326378723236
req-8701,shelter_capacity,35,critical,12.975125603367415,80.12316691933692
req-8702,boat,27,low,12.984089699428111,80.16799889540712
req-8703,medical_supply,30,medium,12.983183785146524,80.24306454639823
req-8704,medical_supply,49,low,12.945821277948223,80.19929926612855
req-8705,generator,19,medium,13.032990536271233,80.21477087229717
req-8706,boat,6,medium,13.005414162007261,80.27055028814918
req-8707,shelter_capacity,1,medium,13.084288082775098,80.10258819351253
req-8708,generator,22,high,13.06204008970186,80.26962569224371
req-8709,medical_supply,17,critical,12.959550417700482,80.2028076444801
req-8710,generator,36,medium,12.999911068019285,80.24946864247784
req-8711,volunteer,13,low,12.918530691513315,80.29461144801628
req-8712,medical_supply,1,low,13.088409819951185,80.24481944508379
req-8713,shelter_capacity,40,high,12.931431937253059,80.28395789298082
req-8714,generator,44,critical,12.965666059443684,80.23811615865449
req-8715,generator,22,high,13.092634454202315,80.10486796663223
req-8716,shelter_capacity,11,medium,12.98625683885069,80.2065598003841
req-8717,vehicle,4,critical,13.030891943140299,80.26813792805002
req-8718,volunteer,27,medium,12.998547768490667,80.18446479121152
req-8719,boat,37,medium,13.06523673929451,80.10400993158419
req-8720,volunteer,26,high,13.0208877204649,80.29893672944226
req-8721,shelter_capacity,27,critical,12.980902800030414,80.1387378328157
req-8722,volunteer,33,medium,12.942597987867897,80.11987372823447
req-8723,boat,46,critical,13.002262009989423,80.1075722527714
req-8724,volunteer,41,medium,13.082767694531272,80.29730149899893
req-8725,shelter_capacity,25,low,13.049919341457302,80.28361174666881
req-8726,generator,38,low,13.036471069892391,80.2164826412392
req-8727,vehicle,50,high,13.047597957817667,80.15268971734204
req-8728,vehicle,29,high,12.958025249792742,80.23179109889661
req-8729,boat,2,high,12.975551181988752,80.25764843820369
req-8730,shelter_capacity,28,medium,12.92199831417914,80.17880335698408
req-8731,vehicle,17,low,13.002267231980243,80.16902522698642
req-8732,generator,8,low,12.909221444770573,80.20668002236897
req-8733,vehicle,32,medium,13.093734822737092,80.21522368488526
req-8734,volunteer,5,medium,13.066162701170288,80.1969695395643
req-8735,shelter_capacity,49,high,12.901322614051782,80.21908977512577
req-8736,generator,5,low,13.043203815483901,80.269900744393
req-8737,generator,25,medium,12.997139175710457,80.23317877532592
req-8738,boat,37,high,13.065645242937162,80.24141741657586
req-8739,shelter_capacity,44,high,12.985119006722714,80.12531078742887
req-8740,volunteer,36,medium,13.092557140012921,80.29693577073725
req-8741,generator,42,low,12.999044858957056,80.2091674204811
req-8742,vehicle,32,medium,12.971881779075655,80.14837827795313
req-8743,vehicle,21,medium,12.960152268780783,80.1726144989657
req-8744,shelter_capacity,2,low,12.953325690695696,80.23982451053239
req-8745,generator,14,medium,12.948143167075038,80.14518393055825
req-8746,generator,37,low,13.072477304495672,80.19458390328093
req-8747,generator,19,low,13.000992438256837,80.21315669571545
req-8748,shelter_capacity,14,medium,13.068023657972752,80.1063267370564
req-8749,vehicle,25,medium,13.020232638920152,80.27796360008246
req-8750,medical_supply,43,high,13.018665411116194,80.21599932474203
req-8751,vehicle,19,low,12.911872665042923,80.21195995751815
req-8752,vehicle,4,high,12.919121795199757,80.20095118550785
req-8753,generator,7,critical,13.023321257394302,80.28389450804295
req-8754,vehicle,33,medium,12.991519677272018,80.24347249264318
req-8755,boat,12,medium,13.052732016886306,80.26436584331555
req-8756,volunteer,42,medium,12.954542313404568,80.14451591961134
req-8757,generator,10,medium,13.092046439251408,80.198712493865
req-8758,volunteer,30,low,13.062432773306876,80.29030696085565
req-8759,volunteer,32,medium,13.015456651084499,80.25454465000996
req-8760,shelter_capacity,3,low,13.05703010806354,80.19212831654131
req-8761,medical_supply,35,medium,12.907912968610038,80.22604286785338
req-8762,boat,25,low,12.959260804990938,80.18595603496108
req-8763,medical_supply,46,medium,12.939370629960042,80.28351731436821
req-8764,medical_supply,2,medium,12.97022012083866,80.19201546770164
req-8765,medical_supply,41,medium,13.09399258235487,80.1013786067091
req-8766,medical_supply,39,medium,13.054344177593268,80.16120968368091
req-8767,generator,19,high,13.098900587419374,80.19607144061058
req-8768,generator,41,low,13.079255642507375,80.17810688197001
req-8769,boat,1,medium,12.958686952815652,80.20241950896141
req-8770,shelter_capacity,42,critical,13.020677664084833,80.13122330564659
req-8771,vehicle,28,low,12.90655409118788,80.11686272348528
req-8772,boat,6,medium,12.909850238012682,80.14789226085678
req-8773,volunteer,3,critical,13.086681604795643,80.18816158385864
req-8774,vehicle,3,high,12.993843470583647,80.14939742896382
req-8775,boat,44,medium,13.083360425667784,80.10507486414282
req-8776,generator,27,medium,12.974153569671962,80.12405411716271
req-8777,vehicle,10,medium,13.037843736366783,80.14796655711437
req-8778,boat,42,low,12.959250761977197,80.2616844599754
req-8779,volunteer,38,medium,12.96685647892626,80.24629606372542
req-8780,boat,16,medium,13.026773218663086,80.12425598482695
req-8781,generator,27,high,13.069256197632749,80.130247223508
req-8782,boat,12,critical,12.994381636754968,80.17856259353083
req-8783,medical_supply,18,medium,13.03774297993415,80.2314683737322
req-8784,volunteer,22,critical,12.917687367593915,80.10514238673484
req-8785,vehicle,9,low,12.961762171389257,80.24257547115897
req-8786,vehicle,30,medium,12.908672058346463,80.29476560380513
req-8787,medical_supply,8,medium,12.963341092947141,80.20397067553671
req-8788,shelter_capacity,7,medium,13.097976708712542,80.18944954129157
req-8789,generator,24,high,13.00132414173872,80.18973083876365
req-8790,vehicle,26,medium,12.91019722917353,80.15717005568668
req-8791,generator,38,medium,12.923871212477327,80.12770809529727
req-8792,vehicle,15,low,12.954065272451952,80.27391706652766
req-8793,generator,23,medium,13.093309026607617,80.19818087197068
req-8794,medical_supply,24,low,12.977421278292988,80.1899945024233
req-8795,generator,12,medium,12.956869532251037,80.12726195636043
req-8796,shelter_capacity,48,medium,12.973609347655811,80.10489161693698
req-8797,vehicle,32,critical,12.901676878049273,80.12793637967553
req-8798,volunteer,27,high,13.07448767385356,80.13424015636407
req-8799,generator,4,high,13.004345430474887,80.17031607981323
req-8800,medical_supply,11,medium,13.003003299040744,80.18299823427355
req-8801,vehicle,32,low,12.932304955959543,80.27510408447158
req-8802,volunteer,18,high,13.09320909309801,80.29700908163407
req-8803,generator,26,medium,13.095655314828546,80.10479809285067
req-8804,medical_supply,4,medium,12.978746663149302,80.18307057529618
req-8805,medical_supply,4,critical,13.054058250285081,80.28114934566412
req-8806,volunteer,29,critical,12.907602635346375,80.2693276587569
req-8807,volunteer,7,low,13.036550103837929,80.2346699547159
req-8808,medical_supply,37,medium,12.904845150819328,80.1832359460958
req-8809,generator,5,medium,13.01652235808305,80.14173139497805
req-8810,vehicle,11,medium,13.071560573397008,80.29577397382106
req-8811,generator,23,medium,12.9914494678161,80.18160750335932
req-8812,medical_supply,48,medium,13.044961022031178,80.12762657546016
req-8813,medical_supply,49,low,12.923609236247518,80.21541675997686
req-8814,boat,26,medium,12.94651528772613,80.20318922736098
req-8815,volunteer,21,high,12.902739245712388,80.1405771604672
req-8816,generator,22,medium,13.07516159957772,80.17900000233624
req-8817,boat,27,high,13.040213118549422,80.27554747768414
req-8818,boat,22,medium,13.0428590177078,80.1875874761657
req-8819,medical_supply,39,low,13.039879955659517,80.28175133075965
req-8820,vehicle,34,medium,13.00029651925468,80.243328706895
req-8821,shelter_capacity,5,medium,12.967553429560114,80.12974358537492
req-8822,medical_supply,32,low,13.06159881903261,80.14549430922584
req-8823,boat,23,medium,13.026685728024509,80.29135523513484
req-8824,generator,14,high,12.905613412504499,80.24580926046895
req-8825,boat,27,low,12.968784122987172,80.16442678697308
req-8826,volunteer,13,medium,13.065568810911518,80.14556357617518
req-8827,shelter_capacity,22,medium,13.046027954147972,80.12979894995497
req-8828,medical_supply,11,low,13.085938509819522,80.17639634447617
req-8829,boat,27,high,13.01173861266366,80.21889556804909
req-8830,medical_supply,14,high,13.08431105139886,80.14686247333688
req-8831,boat,23,medium,12.912026658441794,80.1099295018664
req-8832,boat,38,high,12.971870080321452,80.14798041794887
req-8833,generator,39,high,12.982169002641992,80.22827355052138
req-8834,generator,30,critical,13.009770127958669,80.27682399887964
req-8835,shelter_capacity,45,medium,12.90699239345611,80.25731088847499
req-8836,generator,34,medium,12.931947505413513,80.12854713637034
req-8837,vehicle,42,high,13.071660220986903,80.14429979401666
req-8838,generator,34,medium,12.992600557381408,80.20423044315254
req-8839,shelter_capacity,3,high,12.960615260088383,80.23783956111983
req-8840,shelter_capacity,5,medium,13.076860931852112,80.1597464532026
req-8841,vehicle,3,high,12.956158415401672,80.10475791323219
req-8842,generator,17,low,12.90494755204583,80.22656878555055
req-8843,volunteer,25,medium,13.01989717909993,80.23616032662254
req-8844,vehicle,47,critical,12.971293946622216,80.13139763796796
req-8845,boat,1,medium,12.911696628592226,80.2293181887968
req-8846,vehicle,27,medium,13.088132273661872,80.11610052698481
req-8847,volunteer,16,medium,12.97623765428864,80.20146408940747
req-8848,medical_supply,19,medium,12.960793415104654,80.2941318342378
req-8849,generator,21,medium,12.951017389472796,80.18959646243702
req-8850,boat,27,high,13.051616940547984,80.1491193650529
req-8851,vehicle,49,medium,12.971731909321964,80.29210385210003
req-8852,medical_supply,13,medium,13.059135815064563,80.23160219882747
req-8853,vehicle,9,medium,12.978090153184642,80.2362302565509
req-8854,medical_supply,46,medium,13.075745616169035,80.23424074545404
req-8855,shelter_capacity,4,medium,12.93228839657876,80.22423989379959
req-8856,boat,28,low,12.905399409288488,80.16537187926707
req-8857,boat,4,critical,13.029229274649209,80.10220428073589
req-8858,generator,2,medium,12.99412764899765,80.27463388908886
req-8859,medical_supply,14,high,13.087856231673632,80.2816791365585
req-8860,medical_supply,40,medium,13.057196529194595,80.12855798163343
req-8861,generator,48,medium,12.992682199995416,80.21080218751071
req-8862,medical_supply,16,medium,13.0649326295219,80.25557342198458
req-8863,boat,22,high,13.097363512673551,80.25774911176103
req-8864,volunteer,22,medium,13.095668488573248,80.22769865169045
req-8865,medical_supply,8,medium,12.984768691731869,80.10438158488887
req-8866,vehicle,43,medium,12.952511500246132,80.25363400200443
req-8867,shelter_capacity,20,medium,13.093835202062385,80.21008625471623
req-8868,boat,14,medium,12.98519762574202,80.20450357945921
req-8869,generator,21,low,12.975686425210538,80.26556063544814
req-8870,shelter_capacity,7,medium,12.933361029062604,80.26019536174289
req-8871,boat,37,high,12.990884112130653,80.29337965917955
req-8872,boat,18,high,13.007471928896774,80.19531690803862
req-8873,volunteer,1,high,13.017297298434045,80.19751192904987
req-8874,boat,32,high,12.905522574506454,80.1790363280923
req-8875,volunteer,41,medium,12.920936963984676,80.20970326660287
req-8876,medical_supply,15,low,13.04900192997591,80.19669071526107
req-8877,vehicle,40,medium,13.037680238052447,80.20921072299576
req-8878,vehicle,49,high,13.095090757715093,80.11566153102507
req-8879,vehicle,10,high,13.009109998712194,80.24684653480726
req-8880,shelter_capacity,29,medium,12.983849965477017,80.29405251322024
req-8881,boat,37,low,12.971732828594929,80.23542212678107
req-8882,boat,48,medium,13.065147680042285,80.14170347474413
req-8883,generator,14,low,13.053187823493927,80.16368902273405
req-8884,shelter_capacity,13,medium,13.011438450988752,80.24399211753276
req-8885,boat,46,high,12.979978979696723,80.17957746592474
req-8886,generator,26,low,12.912246734533513,80.26439556811104
req-8887,generator,11,low,13.029738217289264,80.25816783905584
req-8888,boat,22,medium,12.920291280228783,80.27542566566592
req-8889,medical_supply,7,medium,12.973332374780103,80.21850842741134
req-8890,shelter_capacity,22,high,13.069690265948891,80.14867104202038
req-8891,volunteer,36,medium,12.963211838665421,80.2099979221213
req-8892,shelter_capacity,13,low,13.081343174507134,80.14261798751997
req-8893,boat,46,critical,12.990163024864497,80.27836884642502
req-8894,volunteer,34,high,13.040597750887484,80.17321054827599
req-8895,generator,23,low,12.912154609995543,80.1829122813084
req-8896,volunteer,10,medium,13.044279741040073,80.1284431758624
req-8897,boat,12,critical,12.93469365387569,80.14495852888727
req-8898,volunteer,20,medium,12.963055005055468,80.18403393783812
req-8899,medical_supply,5,medium,13.007039769837455,80.1755167143967
req-8900,shelter_capacity,14,medium,13.084397639760114,80.16577667839377
req-8901,volunteer,30,high,12.992788291340068,80.1504030953671
req-8902,boat,13,medium,12.907275318672848,80.21133614781604
req-8903,shelter_capacity,25,medium,12.957613417052682,80.28338563868189
req-8904,boat,21,high,12.948274149674527,80.28198013751503
req-8905,volunteer,36,high,13.012326877309473,80.2864933178049
req-8906,shelter_capacity,26,medium,13.06041575638801,80.17530312449081
req-8907,medical_supply,6,medium,13.045475852407547,80.28463165394757
req-8908,generator,3,medium,12.97512989878565,80.23867995616028
req-8909,shelter_capacity,17,high,12.982504395389743,80.10477922735339
req-8910,shelter_capacity,14,low,13.023528909619683,80.28761354625045
req-8911,boat,17,low,13.057849710023786,80.2205093622334
req-8912,generator,44,medium,13.010825096314372,80.11564869385222
req-8913,vehicle,22,high,12.995805840333807,80.26777592676935
req-8914,shelter_capacity,15,low,13.077907254504542,80.24737435216723
req-8915,boat,26,high,13.0527474061685,80.20467863604013
req-8916,medical_supply,36,high,12.957054469727025,80.21982644231221
req-8917,volunteer,37,high,12.989449050597083,80.11581056670336
req-8918,shelter_capacity,44,low,13.049750901584288,80.21190599836588
req-8919,shelter_capacity,25,high,13.00654738556742,80.20106717799203
req-8920,boat,9,medium,13.008103235068987,80.16842852602467
req-8921,boat,43,low,13.097435322623,80.2912094939925
req-8922,shelter_capacity,47,critical,13.048857638260825,80.20528718896952
req-8923,medical_supply,2,high,13.011679763921022,80.17544838686335
req-8924,medical_supply,14,medium,13.022870851195876,80.17282604884954
req-8925,volunteer,28,high,12.969158514872019,80.22452668013723
req-8926,shelter_capacity,4,medium,13.015754799309699,80.16395338906923
req-8927,vehicle,30,low,12.941743164248482,80.15853925415227
req-8928,shelter_capacity,37,medium,12.967624204484245,80.16895381353034
req-8929,volunteer,17,medium,12.986539956976623,80.2884729183205
req-8930,generator,32,critical,13.002909775954667,80.21783442645118
req-8931,volunteer,2,high,13.031324592768245,80.2692660662825
req-8932,generator,32,medium,12.983351161116417,80.24160579361836
req-8933,vehicle,40,medium,12.969075374070696,80.27456239805716
req-8934,medical_supply,50,critical,12.940778222927532,80.1318157641062
req-8935,vehicle,8,medium,13.086123977482279,80.13088012588287
req-8936,shelter_capacity,23,low,13.05998836797764,80.10719510242069
req-8937,shelter_capacity,27,high,12.988750581102336,80.28326928211077
req-8938,medical_supply,9,high,12.963537081833797,80.25599126362924
req-8939,medical_supply,3,critical,12.977947428687047,80.29486072978654
req-8940,volunteer,21,high,12.988644415893367,80.23927214750844
req-8941,generator,49,low,12.929932581219878,80.29902545607371
req-8942,vehicle,38,medium,13.056412507475146,80.24466523743412
req-8943,volunteer,15,low,13.009321710924267,80.2580880500853
req-8944,vehicle,17,medium,13.099480539120217,80.1417180360485
req-8945,generator,37,medium,12.989670120414337,80.28156410132257
req-8946,generator,3,medium,13.014855697076658,80.19742274979176
req-8947,vehicle,29,medium,13.013256026178727,80.10568204440051
req-8948,medical_supply,40,medium,12.947006357904394,80.19820089567676
req-8949,shelter_capacity,15,critical,12.909459388302542,80.2156150746536
req-8950,boat,16,medium,12.98662417280926,80.24061677438199
req-8951,medical_supply,25,low,12.974171386293968,80.2350968187503
req-8952,shelter_capacity,19,low,12.959549593419554,80.26130903556339
req-8953,generator,43,low,12.956992614397327,80.10723037845642
req-8954,vehicle,18,high,13.070243388767178,80.1544051585886
req-8955,generator,38,critical,12.925750601553716,80.11419933683534
req-8956,medical_supply,29,medium,13.090646549281573,80.18127583954556
req-8957,vehicle,17,medium,13.038247339638835,80.15109496688197
req-8958,boat,18,critical,12.922434282294294,80.25650648022958
req-8959,boat,44,medium,13.081192227900011,80.14703514078099
req-8960,shelter_capacity,36,high,13.009616737226448,80.27129711844539
req-8961,volunteer,13,medium,13.066222117174014,80.27073093360818
req-8962,shelter_capacity,10,high,13.0793941235133,80.18631438991876
req-8963,vehicle,40,medium,12.988828742746849,80.2422264115974
req-8964,vehicle,34,high,13.016433597500907,80.28853839924632
req-8965,vehicle,20,medium,13.06850373778983,80.22295644038769
req-8966,vehicle,7,medium,13.096921416212703,80.12250890529482
req-8967,vehicle,49,critical,12.97841382836027,80.23084133574507
req-8968,generator,32,medium,13.082866406646989,80.15805108870373
req-8969,boat,38,low,13.000586429798425,80.14862167896865
req-8970,boat,47,low,12.901773456820118,80.18520363214952
req-8971,shelter_capacity,5,high,13.093350279874372,80.26712144297335
req-8972,vehicle,43,high,13.097502432321622,80.1221855305721
req-8973,medical_supply,6,medium,13.073179847421354,80.2169867747567
req-8974,shelter_capacity,29,high,12.940706473258055,80.16426029317074
req-8975,shelter_capacity,32,medium,12.924181033644027,80.18580495391856
req-8976,boat,12,low,13.042008191105069,80.14519723441894
req-8977,medical_supply,4,medium,12.956222275590614,80.10156428053725
req-8978,boat,36,medium,12.905450276312878,80.29487838556945
req-8979,generator,16,high,12.934068372182239,80.14211865763367
req-8980,vehicle,9,low,12.964771285944023,80.14320652573967
req-8981,medical_supply,43,medium,12.94145500603778,80.22057177571973
req-8982,medical_supply,13,medium,13.061384290140651,80.1257874361742
req-8983,vehicle,25,medium,13.024185648580726,80.2410469821266
req-8984,volunteer,46,critical,12.99119817448315,80.21474679232522
req-8985,generator,10,low,13.043785823771936,80.26169887116971
req-8986,shelter_capacity,7,high,13.008815409658434,80.28510723779873
req-8987,shelter_capacity,19,critical,13.067746153757422,80.10137189461479
req-8988,shelter_capacity,28,medium,12.927951769084729,80.20403432306627
req-8989,medical_supply,23,medium,12.972052180471795,80.1538038315958
req-8990,volunteer,27,medium,12.937803664252794,80.22335303960983
req-8991,generator,38,medium,13.010522758166047,80.11723934609144
req-8992,generator,40,low,13.011194472900527,80.10794718136145
req-8993,medical_supply,20,medium,13.053534582486627,80.247954972531
req-8994,volunteer,7,medium,12.934697690540444,80.14823950010633
req-8995,volunteer,6,low,13.082849640937688,80.1760465060033
req-8996,volunteer,24,medium,13.00051282835364,80.26252540294338
req-8997,volunteer,27,high,12.945615393995928,80.13022079044458
req-8998,shelter_capacity,8,medium,12.923043781379452,80.29960084445077
req-8999,vehicle,16,medium,13.008938103714028,80.17393682166099
req-9000,volunteer,36,low,12.981197684579326,80.15356069165898
req-9001,medical_supply,14,high,12.957545024108903,80.26829513155118
req-9002,vehicle,47,high,12.918088281265021,80.18094038933351
req-9003,vehicle,29,high,13.064895168914802,80.28212276885884
req-9004,generator,32,critical,13.00308588832495,80.22536631648354
req-9005,boat,12,high,13.093879281400882,80.26358843873105
req-9006,vehicle,44,medium,12.950629155327444,80.14660052164713
req-9007,volunteer,24,high,12.931540994341189,80.15389971842735
req-9008,volunteer,7,critical,13.091850064247643,80.27226565636856
req-9009,volunteer,21,low,12.915547761892633,80.24738027510946
req-9010,volunteer,21,medium,13.067800108861181,80.11636327151562
req-9011,boat,1,medium,12.91160601934404,80.18728270884166
req-9012,medical_supply,37,medium,13.033543923312344,80.1730123615693
req-9013,generator,6,high,13.047546447569191,80.14102532652456
req-9014,vehicle,25,medium,13.024248061150738,80.13903995681066
req-9015,shelter_capacity,41,high,12.986401214614002,80.16145861538273
req-9016,volunteer,1,medium,13.034667964573217,80.13560799118567
req-9017,shelter_capacity,31,low,12.932126733773341,80.2237328874531
req-9018,vehicle,6,medium,12.936348939482428,80.1073557570811
req-9019,vehicle,7,high,13.082689697223909,80.15107648322522
req-9020,volunteer,4,low,13.061143996145693,80.19091516368248
req-9021,volunteer,7,medium,12.959853891232065,80.13312092036949
req-9022,volunteer,49,medium,13.041452134884361,80.26242014882716
req-9023,vehicle,1,medium,12.925515039951327,80.1701336210339
req-9024,boat,1,medium,12.930533599667013,80.23897961560054
req-9025,boat,20,medium,13.048103460378144,80.14184386183611
req-9026,generator,28,low,12.959529983033704,80.25000306716403
req-9027,medical_supply,14,medium,12.99949262585645,80.20701111594147
req-9028,generator,36,high,12.955007950513684,80.18316148046951
req-9029,shelter_capacity,47,medium,12.90116456707631,80.20865931742895
req-9030,shelter_capacity,34,medium,12.945566095447786,80.11533650323767
req-9031,boat,9,medium,13.029740081439035,80.19730310672105
req-9032,boat,10,critical,12.992268058767742,80.20884432322542
req-9033,shelter_capacity,36,medium,13.06434885193845,80.20500288428224
req-9034,generator,18,high,12.989857491819615,80.22190229821261
req-9035,medical_supply,41,medium,12.983435214816469,80.1767259654724
req-9036,shelter_capacity,47,medium,13.075748932333365,80.12734422585282
req-9037,volunteer,25,medium,12.917796648957905,80.24285768671344
req-9038,generator,7,medium,13.051277219097237,80.11532801194468
req-9039,generator,15,medium,13.086850079017763,80.22938652061801
req-9040,generator,24,medium,12.930320939193221,80.122482968604
req-9041,shelter_capacity,20,medium,13.069129795725312,80.20403463105762
req-9042,vehicle,18,medium,13.046439180839005,80.11813148023433
req-9043,generator,12,low,13.027732311656507,80.19249300608911
req-9044,medical_supply,11,low,13.006216926622221,80.14577893403302
req-9045,generator,2,medium,13.09765253061246,80.14327226429693
req-9046,shelter_capacity,44,low,13.000516973052534,80.26516085664457
req-9047,boat,41,critical,13.0761662932138,80.25805861031529
req-9048,volunteer,35,high,12.999757100744306,80.12410242955583
req-9049,volunteer,11,low,13.072485532586096,80.18326390700902
req-9050,boat,13,medium,12.998700955408339,80.15647102694524
req-9051,volunteer,35,medium,12.963033406298665,80.12070472873259
req-9052,boat,18,medium,12.987469343770952,80.14611311940021
req-9053,generator,11,medium,13.07103196976142,80.1006095776023
req-9054,vehicle,5,medium,12.919841698094165,80.19111365624795
req-9055,medical_supply,17,low,13.05570424586499,80.19673353049835
req-9056,shelter_capacity,25,low,12.965069039720662,80.2991434376491
req-9057,generator,37,critical,13.002711371044942,80.11443677043887
req-9058,generator,34,medium,13.002883738054003,80.29851599688278
req-9059,generator,17,medium,12.902278682567848,80.26108726020325
req-9060,medical_supply,33,low,12.974165655745518,80.16305609078218
req-9061,medical_supply,34,low,13.007218295372276,80.29729109258749
req-9062,volunteer,24,high,12.968709066487582,80.28908529252217
req-9063,vehicle,13,medium,12.980959474388449,80.28096445372934
req-9064,volunteer,2,high,12.932269880009528,80.18535656328565
req-9065,shelter_capacity,12,critical,12.928175373852778,80.17796819795551
req-9066,medical_supply,4,medium,13.08285699471963,80.16595155671206
req-9067,shelter_capacity,32,high,13.083766595762956,80.11329531125779
req-9068,vehicle,32,low,13.071925634944346,80.23926821591549
req-9069,vehicle,28,medium,12.915547464154844,80.19428344370978
req-9070,volunteer,13,high,13.099895903646805,80.21803451729805
req-9071,generator,6,critical,13.02066624646028,80.27675829441287
req-9072,medical_supply,43,critical,13.026765514442161,80.26263151856385
req-9073,generator,5,high,13.078294384660557,80.1333553160895
req-9074,volunteer,27,high,12.96454625858232,80.20330781428923
req-9075,medical_supply,7,medium,12.913137327298003,80.21975125324074
req-9076,generator,47,medium,12.929363409383562,80.2037846478483
req-9077,shelter_capacity,37,medium,13.009731132925314,80.20203863420085
req-9078,volunteer,36,high,12.95260217433312,80.23145712448608
req-9079,volunteer,32,medium,12.960648412422014,80.11194415037944
req-9080,boat,35,medium,13.007493999752652,80.20705827807267
req-9081,volunteer,47,medium,13.033712136646159,80.25986286839704
req-9082,shelter_capacity,10,medium,12.962699860249172,80.12035019404276
req-9083,volunteer,41,medium,12.969285237922328,80.18698631727986
req-9084,boat,36,medium,12.909962912166113,80.28988640270764
req-9085,shelter_capacity,24,high,12.97319166167777,80.10294892246644
req-9086,vehicle,43,medium,12.93688292354847,80.15818824380428
req-9087,boat,50,medium,13.042743583844718,80.16374129328958
req-9088,medical_supply,29,high,12.994349053560063,80.26228907903166
req-9089,generator,10,medium,13.087118686018506,80.11510691561811
req-9090,vehicle,11,medium,13.051798437757132,80.15954363828573
req-9091,volunteer,31,medium,12.925200696314233,80.11822793490023
req-9092,vehicle,41,medium,13.01557704176259,80.28481613747789
req-9093,medical_supply,35,medium,12.913099864017811,80.19061874239497
req-9094,boat,7,medium,12.994894809537282,80.17519450065784
req-9095,shelter_capacity,20,medium,13.036733785755374,80.29620601101591
req-9096,boat,15,low,12.916106602850133,80.22914137402337
req-9097,volunteer,10,high,12.974051890436538,80.20524868454228
req-9098,volunteer,40,medium,12.945179209960159,80.15936893384655
req-9099,shelter_capacity,18,critical,13.049323927196715,80.27706677720538
req-9100,generator,35,medium,12.949993672632594,80.19469174428076
req-9101,generator,33,low,13.014697994657904,80.25762176980396
req-9102,boat,1,medium,12.927598485552117,80.19885703116445
req-9103,generator,20,low,13.050083092508796,80.16582498591036
req-9104,vehicle,50,high,12.946588720948736,80.13135014188906
req-9105,vehicle,12,medium,12.953250916696565,80.26211079305911
req-9106,medical_supply,12,high,13.074315691655773,80.1909107086611
req-9107,medical_supply,24,high,12.928637010782756,80.18095170340249
req-9108,volunteer,12,low,13.000183700992775,80.29741471994157
req-9109,shelter_capacity,44,critical,12.912027798391282,80.18152764016584
req-9110,boat,24,medium,12.900234090529985,80.26191425227222
req-9111,shelter_capacity,20,high,12.965710267702347,80.27855909970093
req-9112,volunteer,8,medium,12.959967998822544,80.22219858074803
req-9113,boat,18,medium,12.935960623962316,80.26059410864114
req-9114,medical_supply,41,medium,12.99701951400125,80.15107176328824
req-9115,vehicle,39,low,12.996973309419548,80.21043694863036
req-9116,vehicle,22,low,12.93795032524187,80.25849458974449
req-9117,generator,38,medium,13.06558082646289,80.22403996408038
req-9118,boat,30,medium,12.9971522433556,80.12059377760902
req-9119,volunteer,50,low,13.055886338762148,80.12084204689194
req-9120,generator,24,medium,13.072431987817282,80.29631562714862
req-9121,shelter_capacity,22,low,13.059617695467775,80.21575511706976
req-9122,shelter_capacity,43,low,12.955067905956296,80.20530863316085
req-9123,generator,28,low,12.962614362684874,80.1915411839755
req-9124,vehicle,7,medium,12.931638017156933,80.28142686358827
req-9125,medical_supply,17,low,12.9675338307014,80.1761096811982
req-9126,generator,3,low,12.992272278584672,80.23941759026945
req-9127,shelter_capacity,5,medium,13.005851234341112,80.11195031227892
req-9128,boat,22,medium,12.96167678074838,80.22804453520202
req-9129,generator,32,medium,12.936365752333032,80.22556309823165
req-9130,shelter_capacity,24,medium,12.97213505559936,80.20541239919467
req-9131,generator,9,low,13.079024485940177,80.29476326251546
req-9132,generator,26,low,13.036078891937255,80.28483363818414
req-9133,generator,17,medium,12.977367629763023,80.1175491587297
req-9134,volunteer,36,medium,12.926600378247251,80.18135093448777
req-9135,shelter_capacity,38,low,12.912996245932545,80.14970494411982
req-9136,shelter_capacity,50,medium,13.005110716846593,80.11938067686772
req-9137,medical_supply,19,medium,13.017296686427002,80.11426593488531
req-9138,generator,34,high,13.081555675395116,80.1191842108417
req-9139,generator,21,medium,12.965495779787563,80.2887674433627
req-9140,medical_supply,44,low,12.982744412460983,80.28603403572811
req-9141,medical_supply,9,medium,13.004124955511918,80.21184495759249
req-9142,shelter_capacity,42,medium,13.021868196575467,80.21095996544824
req-9143,shelter_capacity,28,medium,13.078869889425281,80.2456149691083
req-9144,medical_supply,49,medium,13.052735898093674,80.15315950577613
req-9145,boat,36,high,13.077328422910764,80.20413885319837
req-9146,vehicle,13,medium,12.957325469350417,80.25346181407348
req-9147,shelter_capacity,31,high,12.921396046628372,80.19191593592755
req-9148,vehicle,33,medium,12.930832469524441,80.12649767196056
req-9149,vehicle,9,medium,12.981430210495244,80.2309570716988
req-9150,volunteer,39,low,13.09648622468226,80.19402911593941
req-9151,boat,44,high,12.995582591584753,80.28598457163754
req-9152,boat,19,medium,13.00147933172769,80.17191642925644
req-9153,boat,49,medium,13.09211549372085,80.26436520500005
req-9154,generator,27,medium,13.014140966995956,80.16559422033328
req-9155,vehicle,8,critical,13.04618176628532,80.2533857114384
req-9156,boat,47,high,13.034322203340546,80.28306845798268
req-9157,volunteer,16,low,13.053064541362286,80.24803484306202
req-9158,boat,23,low,13.052654450394458,80.23474977550505
req-9159,boat,20,medium,13.054361027604157,80.22847963842959
req-9160,volunteer,21,medium,13.024865144278039,80.22169871771088
req-9161,volunteer,47,high,12.986524435189953,80.12770147470214
req-9162,shelter_capacity,6,low,13.097794784929082,80.25332811037883
req-9163,vehicle,38,critical,12.935204795252423,80.20406427573784
req-9164,generator,2,medium,12.984605354750446,80.21105801417454
req-9165,shelter_capacity,45,medium,12.989177760321887,80.2716812581983
req-9166,shelter_capacity,11,low,13.062450817676893,80.22892114655536
req-9167,volunteer,4,medium,12.928095652156662,80.25091529076528
req-9168,shelter_capacity,25,medium,12.997720703218272,80.10753823503245
req-9169,shelter_capacity,23,medium,13.02888235216211,80.25276237086747
req-9170,shelter_capacity,12,critical,12.998832398050297,80.23520568061349
req-9171,volunteer,45,medium,12.94654259238891,80.28903217910928
req-9172,shelter_capacity,3,high,13.041394224303136,80.1123762727705
req-9173,boat,10,low,13.09319213794933,80.22049601539672
req-9174,boat,27,medium,12.913788096734088,80.28743831018241
req-9175,volunteer,7,critical,12.99416816802694,80.29983521378165
req-9176,medical_supply,15,medium,13.086592012442777,80.26946239673998
req-9177,vehicle,28,medium,13.049735256667093,80.17903259548105
req-9178,boat,27,medium,13.097249944983197,80.15472776249075
req-9179,medical_supply,12,medium,12.98666603897734,80.17879632662223
req-9180,volunteer,21,high,12.935355032470985,80.18098760371973
req-9181,generator,32,medium,12.96416317429436,80.1501362190112
req-9182,generator,36,low,13.043929190816067,80.270279114009
req-9183,shelter_capacity,1,medium,12.983133520273311,80.1985753602424
req-9184,shelter_capacity,29,medium,12.961425614247648,80.20079332538243
req-9185,medical_supply,7,medium,12.92470784894728,80.11597656252161
req-9186,medical_supply,14,low,12.913820362094368,80.23275031647997
req-9187,volunteer,38,high,13.09900762978704,80.25608132085628
req-9188,medical_supply,26,critical,13.06618054391695,80.10237281796573
req-9189,medical_supply,14,medium,12.95438036076542,80.18146484850139
req-9190,boat,36,critical,13.040746413810437,80.25815381509761
req-9191,medical_supply,27,critical,13.073410982947154,80.25791316668088
req-9192,boat,2,low,13.07355404754265,80.25273308792094
req-9193,shelter_capacity,35,low,12.929468222162848,80.10392725807317
req-9194,vehicle,42,medium,13.019249496586452,80.1777222263773
req-9195,generator,25,medium,12.96452143037757,80.26020872828923
req-9196,medical_supply,26,medium,13.064309159362299,80.29743205286964
req-9197,medical_supply,35,medium,13.006038530249839,80.14901014902738
req-9198,vehicle,31,medium,13.002766247370884,80.17676758085457
req-9199,vehicle,26,high,13.088113245863774,80.18876454161999
req-9200,boat,17,low,13.090842860225747,80.2303336402343
req-9201,medical_supply,22,high,12.90018443641696,80.1649502600982
req-9202,boat,11,medium,12.902387952861963,80.11237519777545
req-9203,volunteer,22,high,13.090790077780015,80.27476072095801
req-9204,volunteer,39,medium,13.019588908944156,80.28065770551146
req-9205,vehicle,38,medium,13.034095051285696,80.1208835988658
req-9206,medical_supply,36,high,12.956367380670207,80.10652955015348
req-9207,vehicle,21,medium,13.095354539982205,80.10675533656351
req-9208,volunteer,46,medium,13.049473402072643,80.1204714254664
req-9209,shelter_capacity,26,medium,12.947735621920357,80.28994844384361
req-9210,generator,32,medium,12.991596264158392,80.29066350177916
req-9211,volunteer,42,critical,13.099512625888185,80.22096973338436
req-9212,generator,31,medium,13.092559740348616,80.2991643657985
req-9213,generator,11,medium,12.950498418961804,80.17393330073645
req-9214,volunteer,26,low,13.0097663213975,80.29492844130951
req-9215,medical_supply,24,critical,12.99232380795168,80.10028759937863
req-9216,generator,7,medium,12.909423401863346,80.16684350129903
req-9217,boat,46,low,12.93997182692478,80.29115649728165
req-9218,vehicle,14,high,12.991876644590622,80.14156156756482
req-9219,medical_supply,23,medium,12.971127547036977,80.2153864820445
req-9220,vehicle,25,high,12.961844390027,80.25990333245952
req-9221,shelter_capacity,26,medium,12.900041042951655,80.14076110515704
req-9222,medical_supply,2,high,13.014111042660591,80.23252382856286
req-9223,vehicle,34,high,13.066744223787847,80.22023806016954
req-9224,medical_supply,21,low,13.056844764910373,80.23918125544712
req-9225,medical_supply,37,medium,13.003192068355187,80.23555217583319
req-9226,vehicle,31,medium,12.918275016643173,80.29347752415732
req-9227,medical_supply,5,high,13.00079536980395,80.13859559694066
req-9228,shelter_capacity,42,high,13.086629056623176,80.1166105771781
req-9229,shelter_capacity,11,low,12.910631142436863,80.1529683640103
req-9230,boat,11,medium,13.019436780769889,80.21936135663739
req-9231,vehicle,33,low,13.010058548432081,80.2420609056031
req-9232,generator,45,medium,13.019957917732714,80.28999028651073
req-9233,generator,4,medium,12.90787772761484,80.1056712826558
req-9234,volunteer,40,high,13.064477546949139,80.16936903423768
req-9235,shelter_capacity,39,medium,13.069330694549162,80.20818859297816
req-9236,medical_supply,44,medium,12.960472765557778,80.16404750374683
req-9237,shelter_capacity,41,medium,13.02835272060713,80.2973188608074
req-9238,boat,38,medium,12.953666561607422,80.1634976567065
req-9239,boat,5,medium,13.073400588019094,80.10296153846951
req-9240,shelter_capacity,32,low,12.917277554609198,80.19433304814983
req-9241,vehicle,25,high,12.997241310063135,80.24987913296876
req-9242,shelter_capacity,46,high,12.999464919759488,80.21193621951937
req-9243,volunteer,27,medium,13.023953726706884,80.11977257290751
req-9244,volunteer,7,medium,12.95974370007653,80.21386322806723
req-9245,shelter_capacity,9,high,13.08081458878986,80.29231425990893
req-9246,boat,22,high,12.978984744081043,80.29366272192686
req-9247,boat,18,high,12.987940699968815,80.2015878797283
req-9248,generator,34,medium,13.084576601590818,80.26970481134461
req-9249,boat,15,medium,12.942200733320835,80.15448689743532
req-9250,generator,46,medium,13.039711966426713,80.12913635418758
req-9251,volunteer,2,medium,13.051040063466305,80.25188288120799
req-9252,volunteer,36,medium,12.923653258827443,80.2457679685438
req-9253,generator,5,low,13.069792798821489,80.10527063218898
req-9254,vehicle,24,medium,13.015932357761486,80.25130047999183
req-9255,medical_supply,11,low,12.952909807499271,80.15520076344778
req-9256,shelter_capacity,18,low,12.962100243131896,80.25959167445811
req-9257,medical_supply,44,medium,13.044322028855353,80.14541441293099
req-9258,volunteer,16,medium,13.012295693593725,80.28438317743465
req-9259,volunteer,8,low,13.033567391047397,80.17682436030815
req-9260,generator,4,medium,12.953824044409965,80.11783415936497
req-9261,generator,1,medium,13.05875729153044,80.18143275387469
req-9262,medical_supply,10,high,13.018187838345305,80.2493497039734
req-9263,generator,49,high,13.06130671538287,80.22072277623508
req-9264,generator,37,medium,13.098556725454028,80.24936383580678
req-9265,volunteer,9,critical,13.025173405673405,80.23314376078662
req-9266,boat,23,low,13.051472788914644,80.15635406703448
req-9267,shelter_capacity,38,critical,12.97915148825679,80.12211815762718
req-9268,medical_supply,1,low,13.041627126335879,80.28488283264232
req-9269,boat,2,high,12.958380340869107,80.22386619238029
req-9270,medical_supply,24,medium,12.953039423067683,80.18553648837803
req-9271,vehicle,33,medium,12.933541496553397,80.10586118004824
req-9272,shelter_capacity,42,medium,12.97051443020529,80.26841065291764
req-9273,medical_supply,4,high,13.049085139529028,80.22078003666796
req-9274,volunteer,39,medium,13.06063196177451,80.20864425265354
req-9275,boat,26,high,13.047011016625124,80.10269995346316
req-9276,vehicle,25,medium,13.053214125229363,80.26067517151908
req-9277,medical_supply,3,low,12.989497676619383,80.26441583962772
req-9278,medical_supply,48,medium,12.921951726361426,80.29987017302611
req-9279,boat,21,medium,13.06693348717298,80.11212885712779
req-9280,volunteer,37,medium,12.97261460151382,80.19294572904533
req-9281,boat,47,medium,13.028646574591873,80.21623730141472
req-9282,generator,22,critical,13.041899724310126,80.26436894477585
req-9283,medical_supply,20,medium,12.957921750133156,80.24057279002591
req-9284,shelter_capacity,43,high,13.002949748103157,80.11282994529843
req-9285,generator,41,high,12.974784567939684,80.21485742621181
req-9286,shelter_capacity,7,medium,12.981873825263825,80.21295620042919
req-9287,medical_supply,37,medium,12.95019021992359,80.19992499653254
req-9288,volunteer,9,critical,12.968699990010709,80.26611780345382
req-9289,generator,2,high,13.017335139227667,80.28037612660657
req-9290,volunteer,6,low,13.038344413165996,80.20730222948085
req-9291,vehicle,5,medium,12.957172263052469,80.15142292382181
req-9292,boat,16,medium,13.015526605494438,80.25650649175344
req-9293,volunteer,23,medium,13.038137853977302,80.1163168623934
req-9294,vehicle,21,medium,12.959341029126586,80.17025123989248
req-9295,volunteer,47,medium,12.99350490083585,80.14465783818827
req-9296,vehicle,29,high,13.029792714346918,80.16275791673075
req-9297,boat,26,medium,13.031850105101999,80.2325917789955
req-9298,medical_supply,26,low,12.939767884739991,80.24507573573973
req-9299,generator,45,medium,13.080737417845308,80.29534569981807
req-9300,generator,28,medium,12.986801641492086,80.1911425458489
req-9301,volunteer,38,low,12.944911300933994,80.13974006918484
req-9302,vehicle,26,low,13.036009770216793,80.17952483455305
req-9303,generator,18,medium,12.991807363546105,80.11711056645173
req-9304,medical_supply,31,medium,13.08419907908361,80.23021022196838
req-9305,generator,34,medium,12.963631843691777,80.25387955754287
req-9306,volunteer,39,critical,13.015864481300957,80.11429175614981
req-9307,shelter_capacity,38,medium,13.003429849159357,80.10300440147553
req-9308,boat,50,low,13.072312877856598,80.15048088049659
req-9309,boat,46,high,12.989412081621818,80.15783627121141
req-9310,volunteer,27,medium,12.954309828930114,80.14817622442766
req-9311,volunteer,45,high,12.974577037511617,80.18353236708106
req-9312,generator,13,low,12.936564737870228,80.29072748990082
req-9313,generator,34,high,13.02569966655409,80.12371975395475
req-9314,generator,2,medium,13.067964529925119,80.19928337587822
req-9315,volunteer,2,low,13.054418090068133,80.11462833061306
req-9316,medical_supply,34,critical,12.93403613415237,80.10718161729663
req-9317,generator,19,medium,12.962797689417544,80.12282623250279
req-9318,volunteer,6,medium,13.037063684929814,80.11553726352919
req-9319,medical_supply,16,medium,13.04084239108853,80.22573724578407
req-9320,generator,4,high,12.97282000247456,80.21859313010944
req-9321,boat,9,high,12.97866684110768,80.2739177906263
req-9322,vehicle,16,medium,13.086868794268863,80.2000012842607
req-9323,shelter_capacity,18,medium,12.934774443408157,80.10794660608549
req-9324,vehicle,24,medium,13.066523568234173,80.26261594300475
req-9325,volunteer,11,medium,12.964588720900956,80.13808323344253
req-9326,shelter_capacity,36,medium,12.982861780215176,80.25398688765596
req-9327,vehicle,27,low,12.968494109147056,80.25468821639613
req-9328,volunteer,12,high,12.910283702018987,80.27324912047793
req-9329,medical_supply,3,medium,13.082681112262128,80.258476636531
req-9330,generator,13,medium,12.914110493849018,80.27028781061898
req-9331,generator,45,low,13.069817376383753,80.22192746083988
req-9332,generator,45,medium,12.979126419869528,80.28199849140492
req-9333,shelter_capacity,43,medium,13.01175841743916,80.19088287937856
req-9334,medical_supply,27,critical,13.04848161664157,80.15030718819746
req-9335,shelter_capacity,10,high,13.056865806873919,80.26571508589011
req-9336,boat,45,medium,12.950696826626938,80.14843462019431
req-9337,boat,28,high,12.909220636022,80.27335300696983
req-9338,volunteer,27,medium,13.002328468335312,80.29983006362465
req-9339,boat,45,low,12.976453055836283,80.21431326570045
req-9340,boat,6,medium,12.938302042773984,80.22487447998175
req-9341,volunteer,7,medium,12.988810346596079,80.15280553596686
req-9342,shelter_capacity,37,medium,12.90991166342139,80.12499761873971
req-9343,vehicle,27,high,13.047567289204181,80.12716006741275
req-9344,boat,50,low,12.998774082473203,80.24615768589481
req-9345,generator,29,medium,12.920340753034772,80.28875363075858
req-9346,generator,4,high,12.901825762343694,80.22225565445021
req-9347,shelter_capacity,40,high,13.004566293942352,80.11260051992447
req-9348,boat,24,medium,12.909781511063084,80.21593502617036
req-9349,boat,11,low,13.045089600767481,80.13571625177076
req-9350,boat,45,medium,13.020790892635436,80.20320848488359
req-9351,vehicle,2,high,13.053717824641035,80.29143968632478
req-9352,boat,8,high,13.006808910565288,80.2659154139051
req-9353,medical_supply,2,medium,13.078055414349507,80.13996204924875
req-9354,shelter_capacity,41,low,12.936716352007291,80.10657485980019
req-9355,volunteer,18,medium,12.908328296221141,80.17491008462125
req-9356,volunteer,48,medium,13.0897950621375,80.1912489736189
req-9357,boat,44,medium,12.980965254316583,80.17748362606419
req-9358,vehicle,16,low,12.942298951398698,80.25862030858106
req-9359,generator,22,medium,13.02673711388391,80.12180162098493
req-9360,volunteer,32,low,12.979490617535978,80.19550427128708
req-9361,generator,43,medium,12.988132532289013,80.2820236991954
req-9362,shelter_capacity,42,high,13.046076834550872,80.23267307864106
req-9363,vehicle,33,high,13.083849287333086,80.18827885363827
req-9364,shelter_capacity,50,low,12.913991491437496,80.13427306227885
req-9365,medical_supply,44,medium,12.947025883342606,80.18436880804735
req-9366,shelter_capacity,29,medium,12.93149695976882,80.22043097542122
req-9367,medical_supply,41,low,13.038773640718683,80.26264862312107
req-9368,vehicle,1,medium,12.993943635759162,80.22553708475762
req-9369,generator,12,high,12.974256966922601,80.22887869751928
req-9370,medical_supply,50,medium,12.961029813056841,80.12328172625195
req-9371,medical_supply,44,medium,13.022067429752047,80.14108608968756
req-9372,generator,35,low,13.039768650521195,80.13045096451684
req-9373,generator,32,medium,13.09327804992491,80.16782040647622
req-9374,medical_supply,14,medium,12.987561007651216,80.24762279140782
req-9375,vehicle,39,medium,12.988809802266063,80.17403317290365
req-9376,boat,43,medium,12.923589809059232,80.2390986883703
req-9377,volunteer,10,medium,12.949730564089071,80.11455348234382
req-9378,vehicle,25,low,12.90199419901684,80.13242620584161
req-9379,vehicle,28,low,12.955668644690254,80.18988140425505
req-9380,medical_supply,18,high,13.031367886476184,80.27206027488933
req-9381,vehicle,30,high,12.96769197008031,80.13591899853684
req-9382,boat,15,medium,13.000557583907456,80.13581356780657
req-9383,shelter_capacity,11,low,12.900704649386393,80.20567472574326
req-9384,boat,14,low,12.923348590126347,80.2270167668896
req-9385,vehicle,44,high,12.98860229214882,80.2012913795961
req-9386,boat,19,high,13.055663423511817,80.26993603505852
req-9387,boat,47,low,13.041747200150137,80.24140886692338
req-9388,volunteer,29,high,12.949653398478553,80.26562841311852
req-9389,shelter_capacity,5,low,12.966395536030694,80.21333930229366
req-9390,shelter_capacity,50,low,12.957671323667688,80.29010594104277
req-9391,boat,19,medium,13.06385275156723,80.23421373212392
req-9392,medical_supply,47,high,13.004902559333761,80.23480904439197
req-9393,volunteer,10,medium,12.93618204527804,80.29089312620133
req-9394,medical_supply,4,low,13.090077853080752,80.1676567863064
req-9395,volunteer,1,medium,12.928173336323766,80.1934144990679
req-9396,volunteer,47,low,12.90439922273945,80.26354407877211
req-9397,boat,16,medium,12.970875881879278,80.10951019358379
req-9398,boat,17,medium,13.069430097570226,80.20864129343099
req-9399,vehicle,42,medium,12.956887003917359,80.14426697640963
req-9400,boat,17,high,12.917801577567147,80.1960787069926
req-9401,shelter_capacity,25,medium,13.069094028884507,80.20040633044206
req-9402,volunteer,42,medium,12.959567642399687,80.27024274312527
req-9403,generator,1,critical,13.02305257063887,80.11269437008751
req-9404,volunteer,9,low,13.077072336739647,80.26852371754143
req-9405,shelter_capacity,19,medium,12.98252978674987,80.10026689344258
req-9406,boat,35,low,13.007411894335915,80.14650747262354
req-9407,vehicle,37,high,13.007898165437659,80.27222258706858
req-9408,volunteer,15,medium,13.087515731468498,80.17390254085383
req-9409,boat,48,low,12.967803609783214,80.20173804616992
req-9410,generator,17,critical,12.921855950873171,80.12113363724467
req-9411,generator,14,low,13.056292798091219,80.13320545763317
req-9412,generator,24,low,13.087792137474706,80.16695830107983
req-9413,volunteer,30,medium,12.957791008770789,80.29757254606915
req-9414,volunteer,39,high,12.95533831093288,80.12348958190918
req-9415,generator,20,high,13.05793571546629,80.21454198896991
req-9416,vehicle,36,medium,13.068234573057824,80.29212828273063
req-9417,boat,49,low,13.022396502020555,80.13562948812321
req-9418,boat,25,low,13.043881529705708,80.16787132250573
req-9419,volunteer,24,high,12.916338464584362,80.29678648876657
req-9420,generator,16,high,13.01324988607835,80.2059738119269
req-9421,medical_supply,11,medium,13.086135166930458,80.19040628163027
req-9422,shelter_capacity,3,medium,13.021944443248461,80.11615068142882
req-9423,generator,48,medium,12.927778180646019,80.28355867238366
req-9424,boat,5,high,12.93870079697634,80.14429381435463
req-9425,volunteer,3,high,13.04540575125113,80.23553267489304
req-9426,medical_supply,13,critical,12.988493312464755,80.1242833268026
req-9427,volunteer,38,medium,12.949210423428605,80.12010488621513
req-9428,boat,15,medium,13.03793029877592,80.26854867497906
req-9429,medical_supply,12,medium,12.911849835933854,80.16293505362177
req-9430,medical_supply,29,critical,12.963987787064978,80.27812355191107
req-9431,boat,46,medium,12.907709820137082,80.2468048293672
req-9432,shelter_capacity,11,high,13.006717976124497,80.29813058859598
req-9433,boat,1,medium,13.08283374977022,80.17068292667277
req-9434,generator,35,high,12.91596017174755,80.10471239357022
req-9435,medical_supply,29,medium,13.071670983846529,80.25360870516374
req-9436,generator,13,critical,13.042007822880311,80.12238281732343
req-9437,shelter_capacity,35,medium,13.070037495518333,80.25121524414553
req-9438,medical_supply,17,medium,12.921211691587684,80.12061557348925
req-9439,shelter_capacity,43,low,12.968977953419127,80.22081944093583
req-9440,medical_supply,33,medium,13.060015560722164,80.17779927906851
req-9441,boat,8,high,13.076478471072734,80.25478237431567
req-9442,shelter_capacity,29,medium,12.949808395767805,80.15675081605171
req-9443,shelter_capacity,38,medium,13.061836132498957,80.21844961792691
req-9444,generator,10,medium,13.021596210783034,80.27359210125894
req-9445,medical_supply,17,critical,13.089468917314305,80.18252024399621
req-9446,generator,47,critical,12.957141505607439,80.22136896669343
req-9447,volunteer,24,low,12.964599655849192,80.21542627708773
req-9448,volunteer,35,low,13.014891664574726,80.26904394209394
req-9449,vehicle,12,medium,13.03312896196362,80.2636956432317
req-9450,medical_supply,32,critical,12.96235990686208,80.28157998965877
req-9451,volunteer,14,medium,13.032209000257676,80.10092177473047
req-9452,boat,14,medium,13.044863445382173,80.15191965517363
req-9453,vehicle,32,critical,12.904677764077665,80.19987717596636
req-9454,generator,40,low,13.020398960571454,80.22900293709495
req-9455,boat,7,medium,13.050560832602413,80.1197648278593
req-9456,vehicle,44,medium,12.916253748443914,80.27109314614898
req-9457,vehicle,2,low,13.015914745917717,80.2563668319867
req-9458,vehicle,32,medium,13.058518916986657,80.22677470262772
req-9459,medical_supply,15,critical,12.93483744894408,80.23891450572457
req-9460,vehicle,47,high,12.939454456284913,80.13615786721043
req-9461,boat,19,medium,13.047159097215287,80.23765099135137
req-9462,volunteer,12,low,13.018209247396324,80.24766907540497
req-9463,boat,22,medium,12.955357576273494,80.205588252499
req-9464,shelter_capacity,7,high,13.032240156564663,80.14407022135528
req-9465,generator,46,high,12.977864281811266,80.27764823494753
req-9466,medical_supply,26,high,12.905018321590203,80.20155191719026
req-9467,vehicle,19,medium,12.96111959084024,80.28112184713027
req-9468,volunteer,40,medium,12.974973430190744,80.26522042404173
req-9469,boat,4,low,12.912349234542285,80.1279413813154
req-9470,vehicle,14,medium,12.985023715702017,80.23455559921678
req-9471,shelter_capacity,16,critical,12.962264097311058,80.22166402321476
req-9472,boat,16,medium,12.926054932444288,80.17154552999179
req-9473,medical_supply,41,critical,12.996045009670762,80.12138051013194
req-9474,generator,6,medium,13.030953614975587,80.25239245417178
req-9475,medical_supply,14,high,13.007329020078455,80.2162991414083
req-9476,generator,5,medium,12.901314376749374,80.28279686422643
req-9477,volunteer,49,high,13.048994960845349,80.2610845630764
req-9478,boat,15,critical,13.060988852267743,80.29595292541063
req-9479,generator,48,low,12.99624618130553,80.15238983241919
req-9480,vehicle,34,medium,12.919614020927122,80.28292082646465
req-9481,generator,37,low,12.933583219294288,80.15749492031053
req-9482,shelter_capacity,4,low,12.916936665285897,80.20606405001145
req-9483,vehicle,50,low,13.025831313768595,80.24234000295888
req-9484,generator,12,medium,13.052783022523045,80.29050810517009
req-9485,medical_supply,33,low,13.091110357693486,80.2745595510707
req-9486,shelter_capacity,38,medium,13.009575838062931,80.17507091473948
req-9487,boat,39,medium,13.0004678322996,80.19514676030309
req-9488,vehicle,37,medium,13.03157010792125,80.23367143114477
req-9489,shelter_capacity,20,medium,12.936192069418748,80.10279116929591
req-9490,boat,45,low,12.939997242342718,80.25539274773027
req-9491,generator,24,medium,12.919670608302052,80.14593609990499
req-9492,shelter_capacity,41,high,13.098496695478325,80.22287837475334
req-9493,vehicle,16,medium,13.049253280825754,80.10983547690257
req-9494,vehicle,5,medium,13.057593723440867,80.16905438560596
req-9495,shelter_capacity,11,medium,13.096779287327609,80.29810656252675
req-9496,shelter_capacity,10,medium,12.974150208756184,80.17219720079389
req-9497,generator,36,medium,13.023796298467108,80.14165187979629
req-9498,generator,6,medium,13.07147817417301,80.21700783629048
req-9499,shelter_capacity,13,high,12.908510431673365,80.1926753436005
req-9500,generator,35,low,13.079852841627828,80.20384816282855
req-9501,boat,40,critical,13.06054818502977,80.19144217538566
req-9502,shelter_capacity,20,low,12.91351050305022,80.28367558639582
req-9503,volunteer,40,medium,13.087365161082296,80.13111054455078
req-9504,vehicle,43,medium,13.09862883190973,80.22853688457293
req-9505,boat,27,low,13.075596086169796,80.2039774426722
req-9506,medical_supply,42,high,13.060037947696737,80.29867201850169
req-9507,boat,35,low,12.935874799419215,80.2227875204965
req-9508,volunteer,28,medium,13.083246473638892,80.11912517909028
req-9509,volunteer,39,medium,13.027077046557562,80.22265891851727
req-9510,shelter_capacity,7,medium,12.946296607655714,80.22892718209786
req-9511,vehicle,31,high,12.921099445458463,80.2828521883761
req-9512,boat,5,low,12.969310508975823,80.20058198077847
req-9513,medical_supply,3,critical,12.979017824639387,80.22601265137277
req-9514,shelter_capacity,42,medium,13.094772483280462,80.2583440822431
req-9515,boat,37,low,12.902087373565035,80.15066939878567
req-9516,boat,41,high,13.099398203398232,80.18794176735528
req-9517,volunteer,43,high,12.982404692125407,80.17805413589936
req-9518,vehicle,34,medium,12.957507831191643,80.19048472173331
req-9519,shelter_capacity,16,medium,12.917804157677542,80.1896941758162
req-9520,shelter_capacity,48,medium,12.996559724147609,80.2733969373766
req-9521,volunteer,8,high,12.921867815850673,80.12998087725795
req-9522,boat,27,medium,13.000466708194137,80.24526662664753
req-9523,volunteer,50,low,13.073095413896718,80.18801187287383
req-9524,generator,47,low,13.01416013239507,80.1022359186451
req-9525,boat,26,medium,13.069670971574713,80.19361957342186
req-9526,shelter_capacity,12,high,13.022397617783396,80.18339298125836
req-9527,volunteer,39,medium,12.958989237576088,80.12559883666388
req-9528,shelter_capacity,15,medium,13.098389837449481,80.2973029234419
req-9529,shelter_capacity,1,medium,13.052576159088837,80.109707557169
req-9530,generator,7,low,13.081393232273694,80.19813485904233
req-9531,generator,31,medium,12.998363641467387,80.17411319677727
req-9532,shelter_capacity,39,medium,13.081093775060287,80.27606438267239
req-9533,generator,39,medium,12.954671889125217,80.19776323927891
req-9534,boat,12,medium,12.968958613315309,80.23024399258962
req-9535,medical_supply,13,medium,13.004613614893527,80.13592480597929
req-9536,boat,38,medium,12.929668248219945,80.22951441647014
req-9537,shelter_capacity,11,low,12.966251538496278,80.29781759552588
req-9538,generator,18,low,12.985342990687505,80.22997961346749
req-9539,volunteer,27,low,13.069374324911138,80.29966406740107
req-9540,medical_supply,3,low,13.018080835845758,80.18853000109353
req-9541,vehicle,13,medium,12.900689513379895,80.11752758310327
req-9542,medical_supply,43,medium,12.940078028424525,80.214282490216
req-9543,volunteer,38,critical,13.087571746071484,80.21225108556584
req-9544,volunteer,4,low,13.059586847925257,80.12899184302948
req-9545,medical_supply,44,medium,12.952913464628379,80.13293305911024
req-9546,volunteer,43,high,13.064826265421013,80.27410882320783
req-9547,medical_supply,21,medium,13.09620875187254,80.13653956589395
req-9548,vehicle,32,low,12.954618603394806,80.12871147441238
req-9549,boat,41,low,13.029703647676135,80.10520167067067
req-9550,volunteer,14,medium,12.963053599189331,80.29419048125752
req-9551,shelter_capacity,31,medium,12.939231185008234,80.20581011565979
req-9552,generator,45,medium,12.970563599044572,80.25278762560212
req-9553,boat,38,medium,13.066768385622312,80.17123741241987
req-9554,boat,41,medium,13.042978563960935,80.20857867320264
req-9555,shelter_capacity,9,medium,13.066573952903086,80.19889896960545
req-9556,shelter_capacity,33,medium,12.920416403547298,80.2098401450445
req-9557,medical_supply,41,medium,12.911884692331556,80.15276304376276
req-9558,medical_supply,34,low,13.081184476505443,80.26554597842181
req-9559,shelter_capacity,2,high,13.055008154503696,80.1632085049532
req-9560,boat,7,low,13.083376128280635,80.15646204260682
req-9561,medical_supply,25,medium,13.033789953672198,80.26301948372088
req-9562,medical_supply,27,low,12.954289315283118,80.16122755357713
req-9563,medical_supply,33,medium,13.05620139884577,80.20616861199156
req-9564,boat,26,medium,12.932587097589067,80.17232758765556
req-9565,medical_supply,48,medium,13.087711886889963,80.17594711854684
req-9566,vehicle,11,high,13.00816781017902,80.2691286183269
req-9567,vehicle,30,low,13.064790273537353,80.20219308346513
req-9568,shelter_capacity,24,medium,13.044814226381563,80.1420932897996
req-9569,boat,36,low,13.09580246652493,80.19664075352831
req-9570,shelter_capacity,42,medium,13.03523223508318,80.20591915932692
req-9571,boat,22,medium,13.014415515941476,80.19891177508634
req-9572,medical_supply,29,medium,13.091776617553014,80.18858523625292
req-9573,shelter_capacity,6,low,13.022683257441347,80.25465980339544
req-9574,shelter_capacity,29,medium,12.936010250557853,80.23704672882833
req-9575,boat,37,low,12.921366039256416,80.24798786325645
req-9576,shelter_capacity,26,low,13.071583426373683,80.11016370310858
req-9577,medical_supply,36,medium,13.055609381233088,80.21355673290263
req-9578,medical_supply,47,medium,12.913453826866839,80.14138046460202
req-9579,boat,11,critical,12.977732586161355,80.18299561378716
req-9580,vehicle,8,medium,12.95768403581386,80.11412768948571
req-9581,shelter_capacity,44,low,13.016507539445362,80.26172654072394
req-9582,vehicle,27,medium,12.972158284078372,80.21482879370147
req-9583,volunteer,28,medium,13.009169802249152,80.25298242259731
req-9584,medical_supply,49,low,13.095007053262224,80.17917133810491
req-9585,volunteer,48,low,12.967093557194584,80.21598283291254
req-9586,vehicle,44,low,12.951985349033906,80.239819954376
req-9587,boat,46,low,13.05772801226443,80.24724238114055
req-9588,volunteer,22,low,13.079352183734681,80.26821344070264
req-9589,vehicle,50,critical,12.914481258392136,80.27498668275632
req-9590,medical_supply,26,medium,12.955042980656216,80.16269619025532
req-9591,volunteer,14,high,12.964596521400646,80.2594307494471
req-9592,medical_supply,12,medium,12.916656683256903,80.20436926310727
req-9593,volunteer,24,low,13.027862920654442,80.225429037314
req-9594,shelter_capacity,50,medium,12.958260817991839,80.17760334803737
req-9595,generator,26,medium,12.993859064341452,80.17145151037482
req-9596,medical_supply,47,medium,13.078613137164554,80.10195900997525
req-9597,shelter_capacity,20,low,12.934129993649785,80.14995861981966
req-9598,vehicle,18,medium,12.956482010764997,80.23065366067773
req-9599,volunteer,43,high,12.948636336587438,80.24920044609601
req-9600,shelter_capacity,11,high,13.06616419889282,80.20071878920173
req-9601,shelter_capacity,50,low,13.088720672855095,80.14229017861709
req-9602,volunteer,26,medium,13.030034342586392,80.21593053209759
req-9603,boat,39,low,12.994082762247684,80.16790967313851
req-9604,boat,49,medium,13.089931925269662,80.13705521331299
req-9605,volunteer,48,medium,12.994926207190838,80.14638255795715
req-9606,volunteer,24,medium,13.07746321039424,80.11988759825303
req-9607,vehicle,50,high,13.037059370903256,80.10522847925567
req-9608,shelter_capacity,14,medium,12.949361115103148,80.26022709583067
req-9609,generator,14,medium,12.98643254882286,80.13425696983542
req-9610,vehicle,2,medium,12.909758107478307,80.12154502715119
req-9611,medical_supply,50,medium,13.064782595766466,80.14382056629698
req-9612,generator,38,low,12.935414076417171,80.21032187344332
req-9613,volunteer,12,medium,13.025756551361127,80.2028365634217
req-9614,volunteer,14,medium,13.04350055967317,80.22887515774435
req-9615,vehicle,42,high,13.031430504107895,80.26542415067438
req-9616,shelter_capacity,48,medium,12.996247416896756,80.14088203019324
req-9617,vehicle,9,medium,12.978654737735274,80.24710467994964
req-9618,boat,36,low,12.93529573376528,80.24519230267163
req-9619,medical_supply,5,medium,12.941148991609218,80.28758459778389
req-9620,boat,41,medium,13.099386863555202,80.1091587305885
req-9621,shelter_capacity,10,low,13.024241006814465,80.25565758889522
req-9622,vehicle,24,low,13.01328496721588,80.25274047339501
req-9623,medical_supply,43,medium,12.94314952043478,80.28905666105418
req-9624,medical_supply,42,medium,13.060323480938479,80.25037863621793
req-9625,medical_supply,26,medium,13.013180594149459,80.2900199169628
req-9626,generator,3,high,12.941837368574102,80.19944688226802
req-9627,generator,5,medium,12.923191502978401,80.18492347366148
req-9628,boat,6,high,12.93112953924603,80.14678224272811
req-9629,shelter_capacity,13,low,12.92431029854638,80.22472297818074
req-9630,boat,11,medium,12.955275272100678,80.18968503916518
req-9631,volunteer,40,low,13.000316090079817,80.18960223300847
req-9632,medical_supply,23,critical,12.944433001915108,80.1298524218057
req-9633,medical_supply,40,medium,13.023063107427456,80.19502258880169
req-9634,generator,7,medium,12.999665357119298,80.25922326561218
req-9635,vehicle,47,medium,13.089247749674923,80.18630212162927
req-9636,generator,17,critical,12.954401770739498,80.12478207487172
req-9637,vehicle,5,low,13.067283047272074,80.10726777905067
req-9638,medical_supply,14,critical,13.098471494209345,80.25099557768053
req-9639,generator,3,low,12.92516626073295,80.24573270679367
req-9640,shelter_capacity,32,medium,12.911807785366372,80.1474171113261
req-9641,generator,14,medium,12.957587408782572,80.29314374299754
req-9642,vehicle,35,low,13.06933167099596,80.1692444849655
req-9643,volunteer,16,critical,12.963106827232378,80.21119792603912
req-9644,shelter_capacity,18,medium,12.981452084194165,80.14820591904473
req-9645,generator,42,medium,12.948098574869924,80.10003586281113
req-9646,vehicle,25,medium,13.001302783535856,80.13566344720103
req-9647,medical_supply,44,medium,13.071736054543663,80.15237246793852
req-9648,generator,9,medium,13.010994867461436,80.15492967670865
req-9649,generator,34,medium,13.060443638298333,80.20662759582564
req-9650,shelter_capacity,22,medium,13.07219589499539,80.11189365902621
req-9651,vehicle,9,low,12.963402484007222,80.2987976836291
req-9652,volunteer,47,critical,12.974685341394576,80.14705102034051
req-9653,shelter_capacity,23,medium,13.026788423492512,80.19165283750596
req-9654,boat,1,low,13.06937454892706,80.23717592789733
req-9655,volunteer,44,medium,12.95392722343003,80.26684391662953
req-9656,generator,27,critical,12.984345504381961,80.23151735325722
req-9657,vehicle,31,low,12.99551424464541,80.17631549496349
req-9658,volunteer,35,critical,13.039222594835943,80.21697925727716
req-9659,vehicle,45,medium,13.044989141285127,80.14773178245835
req-9660,vehicle,33,medium,13.06460691713068,80.1332891939666
req-9661,medical_supply,15,medium,13.022030537776413,80.22154817585199
req-9662,generator,29,low,13.002929522688964,80.14864860870914
req-9663,vehicle,13,high,12.915645519380648,80.11972118386647
req-9664,generator,40,low,12.925946299266496,80.21265316355579
req-9665,boat,31,medium,13.016781353651108,80.15607201317529
req-9666,volunteer,14,medium,12.989243649910549,80.27630463346786
req-9667,shelter_capacity,24,medium,13.017940403896601,80.22978089132907
req-9668,generator,27,medium,13.039040146965295,80.25523426921303
req-9669,medical_supply,41,low,12.941874444172003,80.13268612154481
req-9670,volunteer,49,medium,12.936713412151985,80.17074397657122
req-9671,medical_supply,21,critical,13.019430892519836,80.20268510642849
req-9672,medical_supply,11,critical,12.944551602219889,80.19344037009863
req-9673,volunteer,11,medium,13.07471610849771,80.19958838383141
req-9674,vehicle,33,low,12.990956612926748,80.29771980321316
req-9675,vehicle,29,medium,13.071004009876075,80.11708427480875
req-9676,generator,36,high,12.90110498266841,80.27202196975931
req-9677,shelter_capacity,41,medium,13.053877342218962,80.24093984980611
req-9678,generator,9,medium,12.91942257779262,80.26765700028822
req-9679,vehicle,19,medium,13.039145247812062,80.19059880346659
req-9680,vehicle,19,medium,12.988364275483923,80.27100222774676
req-9681,vehicle,48,low,12.948304554973738,80.13522405514613
req-9682,volunteer,19,low,12.98947432987079,80.1496598627879
req-9683,shelter_capacity,8,medium,13.09195487422783,80.24376723676602
req-9684,shelter_capacity,9,high,13.067973446112692,80.10779566111172
req-9685,medical_supply,7,medium,12.990443312353793,80.11500594196411
req-9686,medical_supply,30,critical,13.037163473282849,80.23417591817174
req-9687,generator,13,critical,13.089060917980733,80.22309669299442
req-9688,shelter_capacity,38,low,12.93816910835472,80.27524654747442
req-9689,volunteer,26,critical,12.999596525313383,80.24699258662469
req-9690,generator,42,medium,13.086016676166166,80.24714541821018
req-9691,vehicle,20,low,13.03725475000127,80.19349561675921
req-9692,volunteer,2,medium,13.091580057388054,80.17562062263528
req-9693,volunteer,45,medium,13.049491002469408,80.21870390934127
req-9694,shelter_capacity,32,medium,12.915179997619305,80.19440348143753
req-9695,vehicle,21,medium,13.027992833242942,80.10218924396119
req-9696,shelter_capacity,3,medium,12.995966844050292,80.1767385172007
req-9697,shelter_capacity,32,low,13.040904063728346,80.2417000981138
req-9698,vehicle,38,medium,12.916048997791112,80.27555873530855
req-9699,vehicle,24,low,12.927567906312104,80.1693072501984
req-9700,vehicle,9,medium,13.012810072803696,80.2282405553663
req-9701,medical_supply,29,medium,13.03435529005699,80.11313619187996
req-9702,boat,1,high,13.002520607725748,80.16203536305659
req-9703,medical_supply,50,medium,12.930679532890231,80.1120866499613
req-9704,medical_supply,45,high,13.019050214294467,80.16447268676866
req-9705,medical_supply,5,low,12.95315294464442,80.23415547158501
req-9706,boat,32,medium,13.005255042741302,80.17234542410458
req-9707,generator,34,low,13.079439546357172,80.22346321233937
req-9708,generator,46,high,13.026029623436067,80.25902373746038
req-9709,vehicle,28,medium,12.938399821194523,80.10945132191777
req-9710,medical_supply,34,medium,12.93228005980023,80.26528392807597
req-9711,shelter_capacity,4,low,13.038595907529317,80.28777635715589
req-9712,volunteer,19,medium,13.08405766870644,80.17497264394403
req-9713,boat,36,medium,12.908762761572364,80.16373011566503
req-9714,medical_supply,49,critical,12.919389372119243,80.24044205947159
req-9715,shelter_capacity,32,medium,12.98755718570235,80.12230886689412
req-9716,shelter_capacity,22,medium,13.07877964252616,80.18149402262623
req-9717,shelter_capacity,14,high,13.061123711601097,80.22347082320887
req-9718,volunteer,2,high,12.95521961299694,80.11789876292303
req-9719,shelter_capacity,18,medium,12.947186858348122,80.24475264456049
req-9720,volunteer,22,high,13.059175289612803,80.15266917284069
req-9721,generator,40,high,13.073112547352663,80.26504170648249
req-9722,shelter_capacity,13,low,13.002659159007033,80.13287009892936
req-9723,generator,7,high,13.027155448397261,80.2609471064683
req-9724,medical_supply,5,high,12.984314123488994,80.2767489906162
req-9725,vehicle,14,medium,12.915302172862877,80.27407541136353
req-9726,volunteer,1,medium,13.064703038279083,80.19438849373734
req-9727,vehicle,16,medium,12.975242386459675,80.15916743291486
req-9728,volunteer,50,medium,12.986594034072528,80.11808567405772
req-9729,medical_supply,14,high,12.964903506126511,80.22982522961698
req-9730,shelter_capacity,13,low,13.0891463564783,80.22392176263901
req-9731,medical_supply,49,medium,13.040276136332409,80.16875316518666
req-9732,volunteer,3,low,12.955456054683161,80.20296682855061
req-9733,generator,28,critical,13.00556853842467,80.19298144720098
req-9734,volunteer,38,high,12.935834096070284,80.2556225393097
req-9735,generator,29,high,13.030565943941856,80.20849547802993
req-9736,shelter_capacity,18,medium,13.092944819219031,80.18251924819606
req-9737,volunteer,39,medium,12.966412142604849,80.27994816273888
req-9738,shelter_capacity,44,high,12.967612020172696,80.26872625116776
req-9739,generator,12,high,12.960602099212037,80.27943850761912
req-9740,medical_supply,14,critical,13.037499129226292,80.25958574769462
req-9741,generator,35,high,13.013045503079635,80.29552677675589
req-9742,volunteer,26,high,13.057958288165992,80.20087599429563
req-9743,boat,42,medium,12.94420584983876,80.17743828801807
req-9744,volunteer,31,medium,13.057122096276803,80.13308937222881
req-9745,volunteer,13,medium,12.913070836435512,80.28373431737539
req-9746,volunteer,16,medium,12.926219790940316,80.22119848289991
req-9747,medical_supply,11,high,13.091604539590895,80.14815779694747
req-9748,volunteer,41,low,12.9086384290175,80.14785845826428
req-9749,medical_supply,33,medium,12.993928276066049,80.27708479638302
req-9750,boat,14,medium,13.0749130139024,80.16370176958671
req-9751,medical_supply,34,critical,12.950391549117375,80.1925937455338
req-9752,volunteer,36,medium,13.043564968679075,80.22007048540858
req-9753,volunteer,39,medium,13.036144930505426,80.20156912901052
req-9754,volunteer,48,high,12.96631741142922,80.2318973367639
req-9755,boat,10,low,13.092625930607227,80.2764545749901
req-9756,vehicle,48,high,12.915419440985593,80.11416441266184
req-9757,shelter_capacity,47,medium,12.964837043966227,80.20175573344397
req-9758,medical_supply,27,medium,12.93500855784867,80.13979310297096
req-9759,vehicle,8,medium,12.967967285599245,80.10990467469887
req-9760,medical_supply,49,critical,13.089862159015034,80.29531748592545
req-9761,boat,22,medium,13.067003399530629,80.19283243238829
req-9762,volunteer,33,high,12.99561299089536,80.2982984191212
req-9763,medical_supply,36,high,12.968327185100156,80.11266469405628
req-9764,volunteer,47,medium,12.951874299924446,80.2159388851478
req-9765,medical_supply,8,medium,12.934364442522552,80.19195052115131
req-9766,generator,4,high,12.956601614480943,80.1880096094385
req-9767,shelter_capacity,7,medium,13.009360930058225,80.23286708635631
req-9768,shelter_capacity,35,high,13.088513539888986,80.14871034363328
req-9769,boat,24,medium,12.92281012063707,80.2362196422874
req-9770,volunteer,27,medium,13.066449396018895,80.1402457629879
req-9771,volunteer,43,medium,12.930838430137912,80.16598456689276
req-9772,volunteer,32,medium,13.070091889371461,80.26367795736682
req-9773,boat,48,medium,13.039501931498064,80.24539414944448
req-9774,medical_supply,50,medium,12.92271777538715,80.26392193040262
req-9775,generator,44,high,13.095467751378683,80.1090368402114
req-9776,volunteer,18,medium,13.05607834545045,80.22379426105833
req-9777,shelter_capacity,28,medium,13.022278393948142,80.24058473029346
req-9778,vehicle,16,medium,12.971178943694738,80.16956751827455
req-9779,generator,2,high,12.909871093403417,80.2302930920234
req-9780,medical_supply,43,medium,13.04263169215449,80.20998929441912
req-9781,vehicle,44,medium,13.079780668464647,80.16056652501345
req-9782,boat,11,high,12.951252871062394,80.25045783530518
req-9783,vehicle,41,low,12.981354490941536,80.17673251368072
req-9784,shelter_capacity,16,critical,13.093217197712718,80.29496851444895
req-9785,volunteer,31,medium,13.02158546672415,80.16216497779706
req-9786,medical_supply,6,low,12.974757921035117,80.22718200198534
req-9787,vehicle,16,medium,13.04875314738487,80.12114397642566
req-9788,vehicle,32,medium,13.061676014602783,80.1766207875822
req-9789,generator,26,medium,12.977011670404172,80.12648264071551
req-9790,generator,8,critical,13.07715463188351,80.27186755731124
req-9791,medical_supply,3,medium,12.99022809801483,80.2220372104888
req-9792,volunteer,41,medium,12.91149848604241,80.17603235964002
req-9793,medical_supply,4,high,12.93413236355438,80.22821543215787
req-9794,medical_supply,28,medium,12.936223340631228,80.13465664909303
req-9795,boat,17,high,13.087541281533694,80.23081316285555
req-9796,vehicle,16,medium,13.095965596641886,80.25071619565637
req-9797,generator,1,medium,13.04620124633431,80.28940564188754
req-9798,shelter_capacity,11,high,13.05335287205728,80.29559253697593
req-9799,generator,17,medium,13.00436445462617,80.16433974627166
req-9800,medical_supply,13,critical,13.052097782788891,80.2701271403358
req-9801,generator,8,medium,13.04897602310052,80.23628333611929
req-9802,generator,41,high,12.988547596993062,80.21417445785809
req-9803,generator,13,medium,12.922937825018934,80.18269623646577
req-9804,shelter_capacity,4,medium,13.029735574155692,80.17134927617126
req-9805,medical_supply,9,low,13.098998332071567,80.25796625326029
req-9806,vehicle,12,critical,13.024653239504545,80.29668432299417
req-9807,volunteer,34,critical,12.955559319304003,80.28012407244847
req-9808,vehicle,3,medium,12.945713984441765,80.25161312224397
req-9809,medical_supply,43,low,13.010290040299548,80.28709349465781
req-9810,volunteer,21,high,12.93053121876747,80.1527649934838
req-9811,volunteer,41,high,13.00340803172943,80.23665994610718
req-9812,vehicle,12,medium,13.095229169620316,80.15303532450886
req-9813,vehicle,45,medium,12.959314851272378,80.15939405498487
req-9814,generator,44,critical,12.920445289201114,80.13229423860537
req-9815,boat,15,medium,12.99393660137072,80.22135237575834
req-9816,volunteer,46,medium,12.938813096644811,80.26465252832458
req-9817,shelter_capacity,38,low,12.914601492498205,80.21123977026011
req-9818,shelter_capacity,10,medium,13.087947265574996,80.10679740163584
req-9819,medical_supply,39,critical,12.964764833599862,80.28869951598578
req-9820,generator,5,high,13.05630936417993,80.15403522451956
req-9821,medical_supply,30,critical,13.040384039268744,80.22848916281075
req-9822,generator,42,medium,13.054293474590176,80.29391064500233
req-9823,generator,20,low,12.928533715436831,80.2911776467691
req-9824,volunteer,35,medium,13.036118100562424,80.19126013191978
req-9825,vehicle,23,medium,12.988591629047388,80.11951110499248
req-9826,generator,24,medium,12.973006652224408,80.1282163217713
req-9827,boat,49,medium,12.967057479306073,80.28885456383927
req-9828,generator,38,medium,12.924454124518133,80.27818441533552
req-9829,shelter_capacity,46,medium,13.066728354664766,80.19177489145966
req-9830,volunteer,4,medium,13.025247466115138,80.17811500313378
req-9831,volunteer,27,medium,12.912638451043184,80.15934177361567
req-9832,shelter_capacity,14,medium,12.917862428884067,80.11759924174766
req-9833,volunteer,5,low,12.971553502479983,80.1535356059569
req-9834,volunteer,4,medium,12.975544995785446,80.16819442362096
req-9835,volunteer,6,low,12.921936824461238,80.15400954967535
req-9836,volunteer,47,high,12.91280650724392,80.28696641856713
req-9837,boat,41,medium,12.965400263042211,80.2889504322656
req-9838,generator,8,medium,12.906509272180873,80.1853691283241
req-9839,boat,15,high,12.952298022357922,80.2422948703946
req-9840,generator,18,medium,12.991558752581568,80.16098656357914
req-9841,medical_supply,46,low,13.011381754067477,80.23622055705985
req-9842,medical_supply,50,medium,12.958693643696348,80.11092037511222
req-9843,vehicle,50,medium,13.097749682989729,80.22012876236087
req-9844,shelter_capacity,47,medium,13.02586780627703,80.26150187222058
req-9845,shelter_capacity,4,medium,13.053625844772084,80.2077178999988
req-9846,vehicle,24,medium,12.988644618791653,80.11492743139732
req-9847,boat,17,high,13.028465622050259,80.29261178044467
req-9848,volunteer,32,medium,12.987760479008454,80.25676903036478
req-9849,shelter_capacity,27,low,13.045144333757953,80.16747930919739
req-9850,generator,1,medium,13.000110560479513,80.23482228243256
req-9851,boat,15,medium,13.043769004287853,80.1206660961797
req-9852,generator,37,critical,13.022680729468535,80.22457007002323
req-9853,vehicle,10,low,12.989572096467231,80.17170497273874
req-9854,medical_supply,49,high,13.023000419409552,80.13560370310361
req-9855,boat,32,low,13.020982685345938,80.12066593867453
req-9856,medical_supply,15,medium,12.947003603624562,80.13764132237247
req-9857,vehicle,42,medium,13.04343871739922,80.22732848938195
req-9858,vehicle,41,medium,13.040250344987907,80.24752461120792
req-9859,volunteer,20,medium,12.993027128487288,80.15441013059288
req-9860,volunteer,34,high,13.001493505405863,80.28149865590946
req-9861,medical_supply,22,medium,12.903016819007814,80.22682191223451
req-9862,boat,19,medium,13.028741179444198,80.12231486555918
req-9863,medical_supply,14,medium,13.005654845289884,80.18526176237309
req-9864,volunteer,45,high,13.041803117821988,80.17627140423463
req-9865,generator,2,medium,12.997973629763925,80.11479328794537
req-9866,boat,13,critical,13.021267001271061,80.16670544498389
req-9867,volunteer,41,high,13.073498688899738,80.26161337645408
req-9868,boat,8,medium,13.018065389284294,80.2880036865506
req-9869,vehicle,15,low,12.99793398465102,80.19317209105985
req-9870,shelter_capacity,16,medium,12.927857744757985,80.24970187372769
req-9871,volunteer,34,medium,13.030355842840562,80.1218196930315
req-9872,shelter_capacity,2,low,13.038450452357315,80.16488614450033
req-9873,shelter_capacity,17,critical,12.990370478685183,80.16402585302811
req-9874,vehicle,14,low,12.929569045015016,80.17308387154229
req-9875,volunteer,28,medium,13.056259251432419,80.21124452867282
req-9876,medical_supply,48,high,13.011594428634632,80.22921063938954
req-9877,volunteer,26,low,13.025915133020893,80.19511647930241
req-9878,medical_supply,8,medium,13.072380738571379,80.27931460040963
req-9879,generator,9,low,13.08877550991471,80.1939096833003
req-9880,vehicle,36,medium,13.064520666197208,80.22058378366478
req-9881,volunteer,21,medium,12.96074891833729,80.17727394550744
req-9882,medical_supply,36,high,12.936389277641945,80.23885101003859
req-9883,volunteer,1,high,12.952602047601907,80.16116914519579
req-9884,shelter_capacity,30,critical,13.056301026999527,80.25234460019585
req-9885,boat,3,critical,13.084536707860874,80.20783993435121
req-9886,shelter_capacity,23,medium,12.964815949538508,80.22926684998066
req-9887,vehicle,14,medium,13.069334166752197,80.16267025698986
req-9888,shelter_capacity,46,high,12.959923581730015,80.10745731953986
req-9889,boat,45,medium,13.009876979747991,80.1062856202701
req-9890,vehicle,5,medium,12.945821901134217,80.29985979113593
req-9891,volunteer,15,low,13.030293919386404,80.2149568180159
req-9892,generator,35,low,12.944852524189145,80.19539909450977
req-9893,volunteer,5,medium,13.007210263647442,80.1403710190642
req-9894,shelter_capacity,23,medium,12.931819853281429,80.22548098021068
req-9895,boat,35,critical,13.032730234145813,80.10540542309322
req-9896,medical_supply,1,medium,12.972164367018932,80.19586217514008
req-9897,vehicle,6,medium,12.961471840861213,80.14217995780307
req-9898,medical_supply,48,low,12.947961482055842,80.12395285350622
req-9899,boat,27,high,13.065357857786017,80.26312009969564
req-9900,medical_supply,39,critical,12.936642829713241,80.21497306112386
req-9901,vehicle,10,medium,13.093722470609995,80.2980933524525
req-9902,volunteer,46,high,12.96720609806965,80.2786443327445
req-9903,vehicle,28,medium,12.976711128616461,80.11464972809854
req-9904,shelter_capacity,27,high,12.941606829870935,80.19464086939591
req-9905,vehicle,8,high,12.967600867995056,80.2827750715564
req-9906,volunteer,43,high,13.014882277983933,80.2323709641646
req-9907,vehicle,10,high,13.036679734261442,80.27484046524336
req-9908,boat,35,high,12.92640309590211,80.19624949276404
req-9909,generator,45,medium,12.963291886653074,80.26890731492158
req-9910,boat,12,high,12.903954077447302,80.29949870136959
req-9911,medical_supply,5,medium,12.947866330487024,80.24133733110969
req-9912,boat,29,medium,12.952009937988306,80.20143663361034
req-9913,shelter_capacity,33,low,13.023919427995036,80.18586093447564
req-9914,shelter_capacity,3,high,13.000744114046723,80.18578620136394
req-9915,vehicle,9,high,13.042726443769482,80.26985070198246
req-9916,boat,46,critical,12.975517476422619,80.24138373516155
req-9917,boat,26,medium,12.996028806785198,80.2704192696181
req-9918,medical_supply,47,low,13.097460602626372,80.16157956936675
req-9919,boat,19,high,12.95376069276263,80.24041020715254
req-9920,vehicle,37,medium,12.950667422773881,80.18932496226972
req-9921,boat,48,critical,13.042915691564362,80.25534000875896
req-9922,medical_supply,24,medium,12.943976019947746,80.28715643065487
req-9923,boat,42,critical,13.04560624599463,80.15730351010143
req-9924,vehicle,11,medium,12.953360019983728,80.18187982845569
req-9925,vehicle,40,critical,12.97658812617953,80.26744988691351
req-9926,generator,4,high,12.987326676611582,80.1214672844645
req-9927,vehicle,12,medium,13.03276290788715,80.17671742618153
req-9928,boat,20,high,13.00421710855165,80.27744492635138
req-9929,vehicle,34,medium,13.020506964068328,80.11593376519667
req-9930,volunteer,45,medium,13.079734890769272,80.19680975679314
req-9931,generator,36,medium,13.06605222171948,80.26186423095383
req-9932,vehicle,23,low,13.0130400144609,80.23938069943331
req-9933,shelter_capacity,12,medium,12.927764514086398,80.10864294375646
req-9934,generator,6,critical,13.089943186961344,80.23798089382625
req-9935,boat,45,critical,13.098816397377709,80.2377869767319
req-9936,volunteer,23,low,13.019825157303183,80.22840506687247
req-9937,shelter_capacity,38,low,13.064585671941998,80.13862526936482
req-9938,generator,49,medium,12.93194148058207,80.25687512683189
req-9939,boat,39,medium,12.950066296970077,80.25275371209484
req-9940,medical_supply,7,low,12.904300993005126,80.23518377374648
req-9941,medical_supply,18,low,13.066704282222718,80.20871105242706
req-9942,vehicle,7,medium,13.003088144611311,80.19432046065613
req-9943,volunteer,40,critical,12.998013069863934,80.10798636447514
req-9944,generator,37,medium,13.063725967191473,80.27197877364297
req-9945,boat,33,medium,12.911389950641176,80.29081879610224
req-9946,shelter_capacity,16,medium,12.927513798751741,80.16700207808016
req-9947,vehicle,22,medium,12.943006172678388,80.16355441668479
req-9948,vehicle,24,medium,13.087015655572733,80.21503883394435
req-9949,boat,18,medium,13.006298995103874,80.2255557920868
req-9950,volunteer,1,medium,13.071443423728384,80.24318454742838
req-9951,vehicle,7,medium,13.044354760007467,80.16830967391174
req-9952,boat,42,critical,12.993508439566138,80.28123971397642
req-9953,medical_supply,42,low,12.936349566547111,80.11639598581463
req-9954,shelter_capacity,20,medium,13.078506357852545,80.16346819917574
req-9955,boat,26,high,13.02234758973078,80.1772719309634
req-9956,volunteer,8,medium,13.035274199883904,80.2732667845005
req-9957,vehicle,17,medium,13.052365284368115,80.27169441896808
req-9958,medical_supply,33,high,13.023972344292975,80.19505809654454
req-9959,shelter_capacity,29,medium,12.94668663994196,80.2467513433853
req-9960,vehicle,31,critical,13.094140162676679,80.26094668920724
req-9961,boat,38,high,12.902184223306621,80.22294657556704
req-9962,vehicle,9,low,13.036295507431335,80.15872231895159
req-9963,boat,6,medium,12.98791040869146,80.249770656439
req-9964,generator,36,medium,13.05317221857591,80.17531872966121
req-9965,medical_supply,17,medium,12.940607428501428,80.25429872801298
req-9966,boat,11,low,12.921879600807026,80.25636934572927
req-9967,generator,4,high,13.036823697184689,80.17929329518039
req-9968,boat,5,low,12.928681509866298,80.17257802915047
req-9969,vehicle,34,medium,13.069070791058556,80.13538167922195
req-9970,generator,5,critical,13.070839133583794,80.10941156534379
req-9971,volunteer,21,medium,12.984318589983037,80.14410054350347
req-9972,medical_supply,44,medium,12.942616099466916,80.21951291629551
req-9973,vehicle,34,medium,13.072702661452128,80.15573264139513
req-9974,shelter_capacity,29,critical,13.060172459396703,80.12558329032431
req-9975,volunteer,10,medium,13.045633283618448,80.1221028142226
req-9976,medical_supply,37,critical,13.051480513609734,80.23023268172065
req-9977,medical_supply,32,low,12.941196781908891,80.17499048889212
req-9978,shelter_capacity,37,medium,12.902318163149712,80.14097733141533
req-9979,volunteer,6,medium,12.961104241288723,80.19573178798768
req-9980,volunteer,42,high,12.984843403589668,80.18393515049522
req-9981,boat,15,medium,12.938485632579019,80.26920213920202
req-9982,vehicle,20,medium,12.903337037586223,80.22478193974686
req-9983,volunteer,7,low,12.973617897285033,80.1867289840787
req-9984,vehicle,19,medium,13.08913997184192,80.16906044534149
req-9985,generator,36,critical,12.999346027567716,80.16125307313173
req-9986,medical_supply,18,high,13.042876840864716,80.17151975800657
req-9987,generator,41,medium,13.014215694330124,80.22329462255972
req-9988,vehicle,15,medium,13.048046917455302,80.22244927227625
req-9989,vehicle,7,low,12.980416289603234,80.16343735984738
req-9990,generator,16,medium,13.055142176649891,80.1773100816363
req-9991,generator,34,medium,12.987699713039774,80.11307750415473
req-9992,boat,48,low,13.037379604696717,80.10445044889197
req-9993,shelter_capacity,35,high,12.952699916327525,80.21983343469563
req-9994,shelter_capacity,44,low,13.014283878866593,80.24255269572511
req-9995,volunteer,13,medium,12.901696042415436,80.11461542152978
req-9996,volunteer,41,critical,13.011099055567774,80.11137631164074
req-9997,boat,27,low,13.030593999453227,80.16227100870577
req-9998,shelter_capacity,5,medium,13.013958781334766,80.18432584157361
req-9999,generator,20,low,12.972944630048634,80.20709782778634
